{
  "cells": [
    {
      "actual_weight_bits": 4.82039796734544,
      "base": "hqq",
      "base_bits": 4,
      "delta_vs_greedy_indep": -0.010328287984830098,
      "delta_vs_residual_max": -0.038058616519361266,
      "fraction": 0.02,
      "greedy_indep_ppl": 10.505696410269403,
      "greedy_ppl": 10.495368122284573,
      "model": "meta-llama/Llama-3.2-1B",
      "random": {
        "ci_high": 11.173757429789669,
        "ci_low": 11.155167008920492,
        "mean": 11.16446221935508,
        "n": 3,
        "seeds": [
          1234,
          2345,
          3456
        ],
        "stddev": 0.0037418257412737952,
        "values": [
          11.160147213048496,
          11.166811556573819,
          11.166427888442925
        ]
      },
      "residual_max_ppl": 10.533426738803934,
      "wins": {
        "greedy_vs_greedy_indep": true,
        "greedy_vs_random_ci": true,
        "greedy_vs_residual_max": true
      }
    },
    {
      "actual_weight_bits": 5.304053260049023,
      "base": "hqq",
      "base_bits": 4,
      "delta_vs_greedy_indep": -0.023942560355378006,
      "delta_vs_residual_max": -0.04686516229482329,
      "fraction": 0.05,
      "greedy_indep_ppl": 10.405370219252514,
      "greedy_ppl": 10.381427658897136,
      "model": "meta-llama/Llama-3.2-1B",
      "random": {
        "ci_high": 11.14339492624895,
        "ci_low": 11.122810852783187,
        "mean": 11.133102889516069,
        "n": 3,
        "seeds": [
          1234,
          2345,
          3456
        ],
        "stddev": 0.004143102326540642,
        "values": [
          11.132500813968766,
          11.137514088559634,
          11.129293766019808
        ]
      },
      "residual_max_ppl": 10.42829282119196,
      "wins": {
        "greedy_vs_greedy_indep": true,
        "greedy_vs_random_ci": true,
        "greedy_vs_residual_max": true
      }
    },
    {
      "actual_weight_bits": 6.101989836727202,
      "base": "hqq",
      "base_bits": 4,
      "delta_vs_greedy_indep": -0.02385337656825648,
      "delta_vs_residual_max": -0.03795523856097738,
      "fraction": 0.1,
      "greedy_indep_ppl": 10.322797857248794,
      "greedy_ppl": 10.298944480680538,
      "model": "meta-llama/Llama-3.2-1B",
      "random": {
        "ci_high": 11.124439702020128,
        "ci_low": 11.03506982982003,
        "mean": 11.079754765920079,
        "n": 3,
        "seeds": [
          1234,
          2345,
          3456
        ],
        "stddev": 0.017988107458453893,
        "values": [
          11.089054061098645,
          11.091189717854045,
          11.059020518807547
        ]
      },
      "residual_max_ppl": 10.336899719241515,
      "wins": {
        "greedy_vs_greedy_indep": true,
        "greedy_vs_random_ci": true,
        "greedy_vs_residual_max": true
      }
    },
    {
      "actual_weight_bits": 7.703555198154765,
      "base": "hqq",
      "base_bits": 4,
      "delta_vs_greedy_indep": -0.023160754846365705,
      "delta_vs_residual_max": -0.025320294039374858,
      "fraction": 0.2,
      "greedy_indep_ppl": 10.229828260167007,
      "greedy_ppl": 10.206667505320642,
      "model": "meta-llama/Llama-3.2-1B",
      "random": {
        "ci_high": 11.017534636995231,
        "ci_low": 10.931719989090675,
        "mean": 10.974627313042953,
        "n": 3,
        "seeds": [
          1234,
          2345,
          3456
        ],
        "stddev": 0.017272522271938658,
        "values": [
          10.99312968543122,
          10.97182490096791,
          10.95892735272973
        ]
      },
      "residual_max_ppl": 10.231987799360017,
      "wins": {
        "greedy_vs_greedy_indep": true,
        "greedy_vs_random_ci": true,
        "greedy_vs_residual_max": true
      }
    },
    {
      "actual_weight_bits": 4.82039796734544,
      "base": "gptq_llmc",
      "base_bits": 4,
      "delta_vs_greedy_indep": 88.524329555396,
      "delta_vs_residual_max": 93.7728506692956,
      "fraction": 0.02,
      "greedy_indep_ppl": 15.639172208873559,
      "greedy_ppl": 104.16350176426955,
      "model": "meta-llama/Llama-3.2-1B",
      "random": {
        "ci_high": 10.95179804882649,
        "ci_low": 10.40882882329866,
        "mean": 10.680313436062574,
        "n": 3,
        "seeds": [
          1234,
          2345,
          3456
        ],
        "stddev": 0.10928726353731327,
        "values": [
          10.595756326167773,
          10.641466918768693,
          10.803717063251256
        ]
      },
      "residual_max_ppl": 10.390651094973963,
      "wins": {
        "greedy_vs_greedy_indep": false,
        "greedy_vs_random_ci": false,
        "greedy_vs_residual_max": false
      }
    },
    {
      "actual_weight_bits": 5.304053260049023,
      "base": "gptq_llmc",
      "base_bits": 4,
      "delta_vs_greedy_indep": 83.5258683573843,
      "delta_vs_residual_max": 88.00937484784193,
      "fraction": 0.05,
      "greedy_indep_ppl": 14.883910237218942,
      "greedy_ppl": 98.40977859460324,
      "model": "meta-llama/Llama-3.2-1B",
      "random": {
        "ci_high": 11.096632001717435,
        "ci_low": 10.281791078271201,
        "mean": 10.689211539994318,
        "n": 3,
        "seeds": [
          1234,
          2345,
          3456
        ],
        "stddev": 0.16400880667792367,
        "values": [
          10.499990764541527,
          10.790568206005835,
          10.777075649435588
        ]
      },
      "residual_max_ppl": 10.400403746761311,
      "wins": {
        "greedy_vs_greedy_indep": false,
        "greedy_vs_random_ci": false,
        "greedy_vs_residual_max": false
      }
    },
    {
      "actual_weight_bits": 6.101989836727202,
      "base": "gptq_llmc",
      "base_bits": 4,
      "delta_vs_greedy_indep": 88.66765132461367,
      "delta_vs_residual_max": 93.14068319553613,
      "fraction": 0.1,
      "greedy_indep_ppl": 14.86397287837426,
      "greedy_ppl": 103.53162420298793,
      "model": "meta-llama/Llama-3.2-1B",
      "random": {
        "ci_high": 11.074917548007122,
        "ci_low": 10.130091765644604,
        "mean": 10.602504656825863,
        "n": 3,
        "seeds": [
          1234,
          2345,
          3456
        ],
        "stddev": 0.19017178031318796,
        "values": [
          10.490421327913893,
          10.495012527946963,
          10.822080114616728
        ]
      },
      "residual_max_ppl": 10.390941007451808,
      "wins": {
        "greedy_vs_greedy_indep": false,
        "greedy_vs_random_ci": false,
        "greedy_vs_residual_max": false
      }
    },
    {
      "actual_weight_bits": 7.703555198154765,
      "base": "gptq_llmc",
      "base_bits": 4,
      "delta_vs_greedy_indep": 91.21632306260635,
      "delta_vs_residual_max": 96.4741217118578,
      "fraction": 0.2,
      "greedy_indep_ppl": 15.607295291322725,
      "greedy_ppl": 106.82361835392908,
      "model": "meta-llama/Llama-3.2-1B",
      "random": {
        "ci_high": 11.048075533698562,
        "ci_low": 10.250948455452733,
        "mean": 10.649511994575647,
        "n": 3,
        "seeds": [
          1234,
          2345,
          3456
        ],
        "stddev": 0.16044341553297667,
        "values": [
          10.827586659931846,
          10.516212378217244,
          10.604736945577852
        ]
      },
      "residual_max_ppl": 10.349496642071271,
      "wins": {
        "greedy_vs_greedy_indep": false,
        "greedy_vs_random_ci": false,
        "greedy_vs_residual_max": false
      }
    },
    {
      "actual_weight_bits": 4.822420526299852,
      "base": "hqq",
      "base_bits": 4,
      "delta_vs_greedy_indep": -0.0017159836706248655,
      "delta_vs_residual_max": -0.01128195919149455,
      "fraction": 0.02,
      "greedy_indep_ppl": 8.151001669433544,
      "greedy_ppl": 8.14928568576292,
      "model": "meta-llama/Llama-3.2-3B",
      "random": {
        "ci_high": 8.381640126405737,
        "ci_low": 8.37038377661967,
        "mean": 8.376011951512703,