{
  "model": "meta-llama/Llama-3.2-1B",
  "original_fp16_ppl": 9.764692638309883,
  "llmc_reported_ppl": 10.404662132263184,
  "loaded_gptq_base_ppl": 10.795938443661418,
  "ppl_difference": 0.3912763113982347,
  "maximum_sampled_weight_difference": 1.687063217163086,
  "matched_modules": 113,
  "missing_modules": 0,
  "shape_mismatches": 0,
  "tolerance": 0.25,
  "status": "FAIL"
}
