{
  "meta-llama/Llama-3.2-3B": [
    {
      "method": "RTN-4 g128",
      "bits": 4.0,
      "ppl": 8.496744155883789
    },
    {
      "method": "AWQ-4 g128",
      "bits": 4.0,
      "ppl": 8.409162521362305
    }
  ]
}
