2026-07-26 13:59:57.759 | WARNING  | llmc.utils.visualizer:<module>:13 - Can not import matplotlib. If you need it, please install.
2026-07-26 14:00:08.411 | INFO     | llmc.compression.quantization.module_utils:<module>:16 - Successfully imported Triton kernel.
2026-07-26 14:00:08.412 | WARNING  | llmc.compression.quantization.module_utils:<module>:35 - fast_hadamard_transform not installed. If you need it, please install it firstly.
2026-07-26 14:00:08.413 | INFO     | llmc.compression.quantization.auto_clip:<module>:13 - Successfully imported Triton kernel.
2026-07-26 14:00:08.413 | INFO     | llmc.compression.quantization.base_blockwise_quantization:<module>:24 - Successfully imported Triton kernel.
2026-07-26 14:00:08.420 | WARNING  | llmc.compression.quantization.hadamard_utils:<module>:9 - fast_hadamard_transform not installed.If you need it, please install it firstly.
2026-07-26 14:00:08.748 | WARNING  | llmc.compression.quantization.quant:<module>:13 - qtorch not found, please install qtorch.Please install qtorch (pip install qtorch).
2026-07-26 14:00:08.752 | INFO     | llmc.compression.quantization.awq:<module>:16 - Successfully imported Triton kernel.
2026-07-26 14:00:08.865 | INFO     | llmc.compression.quantization.osplus:<module>:20 - Successfully imported Triton kernel.
2026-07-26 14:00:24.403 | WARNING  | llmc.models.internomni:<module>:14 - InternOmni-internvl not installed. If you need it, please install it.
2026-07-26 14:00:24.406 | WARNING  | llmc.models.internvl2:<module>:22 - InternLM2 conversation.py not be found. If you need it, please copy it from model path to llmc/models.
2026-07-26 14:00:24.410 | WARNING  | llmc.models.internvl3_5:<module>:21 - InternLM2 conversation.py not be found. If you need it, please copy it from model path to llmc/models.
2026-07-26 14:00:24.417 | DEBUG    | llmc.models.llava:<module>:30 - LLaVA is not installed. Please install LLaVA to use this model.
Error: No module named 'llava'
2026-07-26 14:00:24.424 | DEBUG    | llmc.models.llava_onevision:<module>:27 - LLaVA is not installed. Please install LLaVA to use this model.
Error: No module named 'llava'
2026-07-26 14:00:24.745 | WARNING  | llmc.models.vila:<module>:25 - VILA is not installed. Please install VILA to use this model. Error: No module named 'llava'
2026-07-26 14:00:28.305 | INFO     | llmc.utils.utils:check_config:49 - Tokenizer_mode is set to slow.
2026-07-26 14:00:28.305 | INFO     | llmc.utils.utils:check_config:49 - Tokenizer_mode is set to slow.
2026-07-26 14:00:28.306 | INFO     | __main__:<module>:216 - args: Namespace(config='/mnt/d/Abrar/SEQ/seq_v4/runs/final/llmc/Llama-3.2-3B/gptq/config.yml', task_id='gptq_w4_g128_llama32_1b')
2026-07-26 14:00:28.306 | INFO     | __main__:<module>:216 - args: Namespace(config='/mnt/d/Abrar/SEQ/seq_v4/runs/final/llmc/Llama-3.2-3B/gptq/config.yml', task_id='gptq_w4_g128_llama32_1b')
2026-07-26 14:00:28.306 | INFO     | __main__:<module>:217 - config:
{
    "base": {
        "seed": 42
    },
    "model": {
        "type": "Llama",
        "path": "meta-llama/Llama-3.2-3B",
        "torch_dtype": "auto",
        "tokenizer_mode": "slow"
    },
    "calib": {
        "name": "wikitext2",
        "download": true,
        "n_samples": 128,
        "bs": 1,
        "seq_len": 2048,
        "preproc": "wikitext2_gptq",
        "seed": 0
    },
    "eval": {
        "eval_pos": [
            "fake_quant"
        ],
        "name": "wikitext2",
        "download": true,
        "bs": 1,
        "seq_len": 2048,
        "inference_per_block": false
    },
    "quant": {
        "method": "GPTQ",
        "weight": {
            "bit": 4,
            "symmetric": false,
            "granularity": "per_group",
            "group_size": 128
        },
        "special": {
            "actorder": true,
            "static_groups": false,
            "percdamp": 0.01,
            "blocksize": 128,
            "true_sequential": true
        },
        "quant_out": true
    },
    "save": {
        "save_trans": false,
        "save_fake": true,
        "save_vllm": false,
        "save_path": "/mnt/d/Abrar/SEQ/seq_v4/runs/final/llmc/Llama-3.2-3B/gptq/artifacts"
    }
}
2026-07-26 14:00:28.306 | INFO     | __main__:<module>:217 - config:
{
    "base": {
        "seed": 42
    },
    "model": {
        "type": "Llama",
        "path": "meta-llama/Llama-3.2-3B",
        "torch_dtype": "auto",
        "tokenizer_mode": "slow"
    },
    "calib": {
        "name": "wikitext2",
        "download": true,
        "n_samples": 128,
        "bs": 1,
        "seq_len": 2048,
        "preproc": "wikitext2_gptq",
        "seed": 0
    },
    "eval": {
        "eval_pos": [
            "fake_quant"
        ],
        "name": "wikitext2",
        "download": true,
        "bs": 1,
        "seq_len": 2048,
        "inference_per_block": false
    },
    "quant": {
        "method": "GPTQ",
        "weight": {
            "bit": 4,
            "symmetric": false,
            "granularity": "per_group",
            "group_size": 128
        },
        "special": {
            "actorder": true,
            "static_groups": false,
            "percdamp": 0.01,
            "blocksize": 128,
            "true_sequential": true
        },
        "quant_out": true
    },
    "save": {
        "save_trans": false,
        "save_fake": true,
        "save_vllm": false,
        "save_path": "/mnt/d/Abrar/SEQ/seq_v4/runs/final/llmc/Llama-3.2-3B/gptq/artifacts"
    }
}
2026-07-26 14:00:28.309 | INFO     | llmc.utils.utils:print_important_package_version:73 - torch : 2.13.0
2026-07-26 14:00:28.309 | INFO     | llmc.utils.utils:print_important_package_version:73 - torch : 2.13.0
2026-07-26 14:00:28.313 | INFO     | llmc.utils.utils:print_important_package_version:74 - transformers : 4.57.6
2026-07-26 14:00:28.313 | INFO     | llmc.utils.utils:print_important_package_version:74 - transformers : 4.57.6
2026-07-26 14:00:28.315 | INFO     | llmc.utils.utils:print_important_package_version:75 - tokenizers : 0.22.2
2026-07-26 14:00:28.315 | INFO     | llmc.utils.utils:print_important_package_version:75 - tokenizers : 0.22.2
2026-07-26 14:00:28.318 | INFO     | llmc.utils.utils:print_important_package_version:76 - huggingface-hub : 0.36.2
2026-07-26 14:00:28.318 | INFO     | llmc.utils.utils:print_important_package_version:76 - huggingface-hub : 0.36.2
2026-07-26 14:00:28.320 | INFO     | llmc.utils.utils:print_important_package_version:77 - datasets : 2.16.1
2026-07-26 14:00:28.320 | INFO     | llmc.utils.utils:print_important_package_version:77 - datasets : 2.16.1
2026-07-26 14:00:28.320 | INFO     | __main__:<module>:221 - WORLD_SIZE : 1
2026-07-26 14:00:28.320 | INFO     | __main__:<module>:221 - WORLD_SIZE : 1
/mnt/d/LightCompress/.venv-llmc/lib/python3.11/site-packages/torch/distributed/c10d_logger.py:83: UserWarning: barrier(): using the device under current context. You can specify `device_id` in `init_process_group` to mute this warning.
  return func(*args, **kwargs)
[rank0]:[W726 14:00:28.515339574 ProcessGroupNCCL.cpp:5276] Guessing device ID based on global rank. This can cause a hang if rank to GPU mapping is heterogeneous. You can specify device_id in init_process_group()
2026-07-26 14:00:30.627 | INFO     | llmc.models.base_model:build_model:204 - self.model_config : LlamaConfig {
  "architectures": [
    "LlamaForCausalLM"
  ],
  "attention_bias": false,
  "attention_dropout": 0.0,
  "bos_token_id": 128000,
  "dtype": "bfloat16",
  "eos_token_id": 128001,
  "head_dim": 128,
  "hidden_act": "silu",
  "hidden_size": 3072,
  "initializer_range": 0.02,
  "intermediate_size": 8192,
  "max_position_embeddings": 131072,
  "mlp_bias": false,
  "model_type": "llama",
  "num_attention_heads": 24,
  "num_hidden_layers": 28,
  "num_key_value_heads": 8,
  "pretraining_tp": 1,
  "rms_norm_eps": 1e-05,
  "rope_scaling": {
    "factor": 32.0,
    "high_freq_factor": 4.0,
    "low_freq_factor": 1.0,
    "original_max_position_embeddings": 8192,
    "rope_type": "llama3"
  },
  "rope_theta": 500000.0,
  "tie_word_embeddings": true,
  "transformers_version": "4.57.6",
  "use_cache": false,
  "vocab_size": 128256
}

2026-07-26 14:00:30.627 | INFO     | llmc.models.base_model:build_model:204 - self.model_config : LlamaConfig {
  "architectures": [
    "LlamaForCausalLM"
  ],
  "attention_bias": false,
  "attention_dropout": 0.0,
  "bos_token_id": 128000,
  "dtype": "bfloat16",
  "eos_token_id": 128001,
  "head_dim": 128,
  "hidden_act": "silu",
  "hidden_size": 3072,
  "initializer_range": 0.02,
  "intermediate_size": 8192,
  "max_position_embeddings": 131072,
  "mlp_bias": false,
  "model_type": "llama",
  "num_attention_heads": 24,
  "num_hidden_layers": 28,
  "num_key_value_heads": 8,
  "pretraining_tp": 1,
  "rms_norm_eps": 1e-05,
  "rope_scaling": {
    "factor": 32.0,
    "high_freq_factor": 4.0,
    "low_freq_factor": 1.0,
    "original_max_position_embeddings": 8192,
    "rope_type": "llama3"
  },
  "rope_theta": 500000.0,
  "tie_word_embeddings": true,
  "transformers_version": "4.57.6",
  "use_cache": false,
  "vocab_size": 128256
}

`torch_dtype` is deprecated! Use `dtype` instead!

Loading checkpoint shards:   0%|          | 0/2 [00:00<?, ?it/s]
Loading checkpoint shards: 100%|██████████| 2/2 [00:00<00:00, 124.93it/s]
2026-07-26 14:00:31.599 | INFO     | llmc.models.base_model:build_model:242 - self.model : LlamaForCausalLM(
  (model): LlamaModel(
    (embed_tokens): Embedding(128256, 3072)
    (layers): ModuleList(
      (0-27): 28 x LlamaDecoderLayer(
        (self_attn): LlamaAttention(
          (q_proj): Linear(in_features=3072, out_features=3072, bias=False)
          (k_proj): Linear(in_features=3072, out_features=1024, bias=False)
          (v_proj): Linear(in_features=3072, out_features=1024, bias=False)
          (o_proj): Linear(in_features=3072, out_features=3072, bias=False)
        )
        (mlp): LlamaMLP(
          (gate_proj): Linear(in_features=3072, out_features=8192, bias=False)
          (up_proj): Linear(in_features=3072, out_features=8192, bias=False)
          (down_proj): Linear(in_features=8192, out_features=3072, bias=False)
          (act_fn): SiLUActivation()
        )
        (input_layernorm): LlamaRMSNorm((3072,), eps=1e-05)
        (post_attention_layernorm): LlamaRMSNorm((3072,), eps=1e-05)
      )
    )
    (norm): LlamaRMSNorm((3072,), eps=1e-05)
    (rotary_emb): LlamaRotaryEmbedding()
  )
  (lm_head): Linear(in_features=3072, out_features=128256, bias=False)
)
2026-07-26 14:00:31.599 | INFO     | llmc.models.base_model:build_model:242 - self.model : LlamaForCausalLM(
  (model): LlamaModel(
    (embed_tokens): Embedding(128256, 3072)
    (layers): ModuleList(
      (0-27): 28 x LlamaDecoderLayer(
        (self_attn): LlamaAttention(
          (q_proj): Linear(in_features=3072, out_features=3072, bias=False)
          (k_proj): Linear(in_features=3072, out_features=1024, bias=False)
          (v_proj): Linear(in_features=3072, out_features=1024, bias=False)
          (o_proj): Linear(in_features=3072, out_features=3072, bias=False)
        )
        (mlp): LlamaMLP(
          (gate_proj): Linear(in_features=3072, out_features=8192, bias=False)
          (up_proj): Linear(in_features=3072, out_features=8192, bias=False)
          (down_proj): Linear(in_features=8192, out_features=3072, bias=False)
          (act_fn): SiLUActivation()
        )
        (input_layernorm): LlamaRMSNorm((3072,), eps=1e-05)
        (post_attention_layernorm): LlamaRMSNorm((3072,), eps=1e-05)
      )
    )
    (norm): LlamaRMSNorm((3072,), eps=1e-05)
    (rotary_emb): LlamaRotaryEmbedding()
  )
  (lm_head): Linear(in_features=3072, out_features=128256, bias=False)
)
2026-07-26 14:00:31.600 | INFO     | llmc.models.base_model:add_layernorms_class:277 - _TRANSFORMERS_LN_TYPES_ : [<class 'torch.nn.modules.normalization.LayerNorm'>, <class 'transformers.models.llama.modeling_llama.LlamaRMSNorm'>]
2026-07-26 14:00:31.600 | INFO     | llmc.models.base_model:add_layernorms_class:277 - _TRANSFORMERS_LN_TYPES_ : [<class 'torch.nn.modules.normalization.LayerNorm'>, <class 'transformers.models.llama.modeling_llama.LlamaRMSNorm'>]
2026-07-26 14:00:31.601 | INFO     | __main__:main:32 - model: 
Config: 
LlamaConfig {
  "architectures": [
    "LlamaForCausalLM"
  ],
  "attention_bias": false,
  "attention_dropout": 0.0,
  "bos_token_id": 128000,
  "dtype": "bfloat16",
  "eos_token_id": 128001,
  "head_dim": 128,
  "hidden_act": "silu",
  "hidden_size": 3072,
  "initializer_range": 0.02,
  "intermediate_size": 8192,
  "max_position_embeddings": 131072,
  "mlp_bias": false,
  "model_type": "llama",
  "num_attention_heads": 24,
  "num_hidden_layers": 28,
  "num_key_value_heads": 8,
  "pretraining_tp": 1,
  "rms_norm_eps": 1e-05,
  "rope_scaling": {
    "factor": 32.0,
    "high_freq_factor": 4.0,
    "low_freq_factor": 1.0,
    "original_max_position_embeddings": 8192,
    "rope_type": "llama3"
  },
  "rope_theta": 500000.0,
  "tie_word_embeddings": true,
  "transformers_version": "4.57.6",
  "use_cache": false,
  "vocab_size": 128256
}
 
Model: 
LlamaForCausalLM(
  (model): LlamaModel(
    (embed_tokens): Embedding(128256, 3072)
    (layers): ModuleList(
      (0-27): 28 x LlamaDecoderLayer(
        (self_attn): LlamaAttention(
          (q_proj): Linear(in_features=3072, out_features=3072, bias=False)
          (k_proj): Linear(in_features=3072, out_features=1024, bias=False)
          (v_proj): Linear(in_features=3072, out_features=1024, bias=False)
          (o_proj): Linear(in_features=3072, out_features=3072, bias=False)
        )
        (mlp): LlamaMLP(
          (gate_proj): Linear(in_features=3072, out_features=8192, bias=False)
          (up_proj): Linear(in_features=3072, out_features=8192, bias=False)
          (down_proj): Linear(in_features=8192, out_features=3072, bias=False)
          (act_fn): SiLUActivation()
        )
        (input_layernorm): LlamaRMSNorm((3072,), eps=1e-05)
        (post_attention_layernorm): LlamaRMSNorm((3072,), eps=1e-05)
      )
    )
    (norm): LlamaRMSNorm((3072,), eps=1e-05)
    (rotary_emb): LlamaRotaryEmbedding()
  )
  (lm_head): Linear(in_features=3072, out_features=128256, bias=False)
)
2026-07-26 14:00:31.601 | INFO     | __main__:main:32 - model: 
Config: 
LlamaConfig {
  "architectures": [
    "LlamaForCausalLM"
  ],
  "attention_bias": false,
  "attention_dropout": 0.0,
  "bos_token_id": 128000,
  "dtype": "bfloat16",
  "eos_token_id": 128001,
  "head_dim": 128,
  "hidden_act": "silu",
  "hidden_size": 3072,
  "initializer_range": 0.02,
  "intermediate_size": 8192,
  "max_position_embeddings": 131072,
  "mlp_bias": false,
  "model_type": "llama",
  "num_attention_heads": 24,
  "num_hidden_layers": 28,
  "num_key_value_heads": 8,
  "pretraining_tp": 1,
  "rms_norm_eps": 1e-05,
  "rope_scaling": {
    "factor": 32.0,
    "high_freq_factor": 4.0,
    "low_freq_factor": 1.0,
    "original_max_position_embeddings": 8192,
    "rope_type": "llama3"
  },
  "rope_theta": 500000.0,
  "tie_word_embeddings": true,
  "transformers_version": "4.57.6",
  "use_cache": false,
  "vocab_size": 128256
}
 
Model: 
LlamaForCausalLM(
  (model): LlamaModel(
    (embed_tokens): Embedding(128256, 3072)
    (layers): ModuleList(
      (0-27): 28 x LlamaDecoderLayer(
        (self_attn): LlamaAttention(
          (q_proj): Linear(in_features=3072, out_features=3072, bias=False)
          (k_proj): Linear(in_features=3072, out_features=1024, bias=False)
          (v_proj): Linear(in_features=3072, out_features=1024, bias=False)
          (o_proj): Linear(in_features=3072, out_features=3072, bias=False)
        )
        (mlp): LlamaMLP(
          (gate_proj): Linear(in_features=3072, out_features=8192, bias=False)
          (up_proj): Linear(in_features=3072, out_features=8192, bias=False)
          (down_proj): Linear(in_features=8192, out_features=3072, bias=False)
          (act_fn): SiLUActivation()
        )
        (input_layernorm): LlamaRMSNorm((3072,), eps=1e-05)
        (post_attention_layernorm): LlamaRMSNorm((3072,), eps=1e-05)
      )
    )
    (norm): LlamaRMSNorm((3072,), eps=1e-05)
    (rotary_emb): LlamaRotaryEmbedding()
  )
  (lm_head): Linear(in_features=3072, out_features=128256, bias=False)
)
2026-07-26 14:00:31.601 | INFO     | __main__:main:33 - tokenizer: PreTrainedTokenizerFast(name_or_path='meta-llama/Llama-3.2-3B', vocab_size=128000, model_max_length=131072, is_fast=True, padding_side='right', truncation_side='right', special_tokens={'bos_token': '<|begin_of_text|>', 'eos_token': '<|end_of_text|>', 'pad_token': '<|end_of_text|>'}, clean_up_tokenization_spaces=True, added_tokens_decoder={
	128000: AddedToken("<|begin_of_text|>", rstrip=False, lstrip=False, single_word=False, normalized=False, special=True),
	128001: AddedToken("<|end_of_text|>", rstrip=False, lstrip=False, single_word=False, normalized=False, special=True),
	128002: AddedToken("<|reserved_special_token_0|>", rstrip=False, lstrip=False, single_word=False, normalized=False, special=True),
	128003: AddedToken("<|reserved_special_token_1|>", rstrip=False, lstrip=False, single_word=False, normalized=False, special=True),
	128004: AddedToken("<|finetune_right_pad_id|>", rstrip=False, lstrip=False, single_word=False, normalized=False, special=True),
	128005: AddedToken("<|reserved_special_token_2|>", rstrip=False, lstrip=False, single_word=False, normalized=False, special=True),
	128006: AddedToken("<|start_header_id|>", rstrip=False, lstrip=False, single_word=False, normalized=False, special=True),
	128007: AddedToken("<|end_header_id|>", rstrip=False, lstrip=False, single_word=False, normalized=False, special=True),
	128008: AddedToken("<|eom_id|>", rstrip=False, lstrip=False, single_word=False, normalized=False, special=True),
	128009: AddedToken("<|eot_id|>", rstrip=False, lstrip=False, single_word=False, normalized=False, special=True),
	128010: AddedToken("<|python_tag|>", rstrip=False, lstrip=False, single_word=False, normalized=False, special=True),
	128011: AddedToken("<|reserved_special_token_3|>", rstrip=False, lstrip=False, single_word=False, normalized=False, special=True),
	128012: AddedToken("<|reserved_special_token_4|>", rstrip=False, lstrip=False, single_word=False, normalized=False, special=True),
	128013: AddedToken("<|reserved_special_token_5|>", rstrip=False, lstrip=False, single_word=False, normalized=False, special=True),
	128014: AddedToken("<|reserved_special_token_6|>", rstrip=False, lstrip=False, single_word=False, normalized=False, special=True),
	128015: AddedToken("<|reserved_special_token_7|>", rstrip=False, lstrip=False, single_word=False, normalized=False, special=True),
	128016: AddedToken("<|reserved_special_token_8|>", rstrip=False, lstrip=False, single_word=False, normalized=False, special=True),
	128017: AddedToken("<|reserved_special_token_9|>", rstrip=False, lstrip=False, single_word=False, normalized=False, special=True),
	128018: AddedToken("<|reserved_special_token_10|>", rstrip=False, lstrip=False, single_word=False, normalized=False, special=True),
	128019: AddedToken("<|reserved_special_token_11|>", rstrip=False, lstrip=False, single_word=False, normalized=False, special=True),
	128020: AddedToken("<|reserved_special_token_12|>", rstrip=False, lstrip=False, single_word=False, normalized=False, special=True),
	128021: AddedToken("<|reserved_special_token_13|>", rstrip=False, lstrip=False, single_word=False, normalized=False, special=True),
	128022: AddedToken("<|reserved_special_token_14|>", rstrip=False, lstrip=False, single_word=False, normalized=False, special=True),
	128023: AddedToken("<|reserved_special_token_15|>", rstrip=False, lstrip=False, single_word=False, normalized=False, special=True),
	128024: AddedToken("<|reserved_special_token_16|>", rstrip=False, lstrip=False, single_word=False, normalized=False, special=True),
	128025: AddedToken("<|reserved_special_token_17|>", rstrip=False, lstrip=False, single_word=False, normalized=False, special=True),
	128026: AddedToken("<|reserved_special_token_18|>", rstrip=False, lstrip=False, single_word=False, normalized=False, special=True),
	128027: AddedToken("<|reserved_special_token_19|>", rstrip=False, lstrip=False, single_word=False, normalized=False, special=True),
	128028: AddedToken("<|reserved_special_token_20|>", rstrip=False, lstrip=False, single_word=False, normalized=False, special=True),
	128029: AddedToken("<|reserved_special_token_21|>", rstrip=False, lstrip=False, single_word=False, normalized=False, special=True),
	128030: AddedToken("<|reserved_special_token_22|>", rstrip=False, lstrip=False, single_word=False, normalized=False, special=True),
	128031: AddedToken("<|reserved_special_token_23|>", rstrip=False, lstrip=False, single_word=False, normalized=False, special=True),
	128032: AddedToken("<|reserved_special_token_24|>", rstrip=False, lstrip=False, single_word=False, normalized=False, special=True),
	128033: AddedToken("<|reserved_special_token_25|>", rstrip=False, lstrip=False, single_word=False, normalized=False, special=True),
	128034: AddedToken("<|reserved_special_token_26|>", rstrip=False, lstrip=False, single_word=False, normalized=False, special=True),
	128035: AddedToken("<|reserved_special_token_27|>", rstrip=False, lstrip=False, single_word=False, normalized=False, special=True),
	128036: AddedToken("<|reserved_special_token_28|>", rstrip=False, lstrip=False, single_word=False, normalized=False, special=True),
	128037: AddedToken("<|reserved_special_token_29|>", rstrip=False, lstrip=False, single_word=False, normalized=False, special=True),
	128038: AddedToken("<|reserved_special_token_30|>", rstrip=False, lstrip=False, single_word=False, normalized=False, special=True),
	128039: AddedToken("<|reserved_special_token_31|>", rstrip=False, lstrip=False, single_word=False, normalized=False, special=True),
	128040: AddedToken("<|reserved_special_token_32|>", rstrip=False, lstrip=False, single_word=False, normalized=False, special=True),
	128041: AddedToken("<|reserved_special_token_33|>", rstrip=False, lstrip=False, single_word=False, normalized=False, special=True),
	128042: AddedToken("<|reserved_special_token_34|>", rstrip=False, lstrip=False, single_word=False, normalized=False, special=True),
	128043: AddedToken("<|reserved_special_token_35|>", rstrip=False, lstrip=False, single_word=False, normalized=False, special=True),
	128044: AddedToken("<|reserved_special_token_36|>", rstrip=False, lstrip=False, single_word=False, normalized=False, special=True),
	128045: AddedToken("<|reserved_special_token_37|>", rstrip=False, lstrip=False, single_word=False, normalized=False, special=True),
	128046: AddedToken("<|reserved_special_token_38|>", rstrip=False, lstrip=False, single_word=False, normalized=False, special=True),
	128047: AddedToken("<|reserved_special_token_39|>", rstrip=False, lstrip=False, single_word=False, normalized=False, special=True),
	128048: AddedToken("<|reserved_special_token_40|>", rstrip=False, lstrip=False, single_word=False, normalized=False, special=True),
	128049: AddedToken("<|reserved_special_token_41|>", rstrip=False, lstrip=False, single_word=False, normalized=False, special=True),
	128050: AddedToken("<|reserved_special_token_42|>", rstrip=False, lstrip=False, single_word=False, normalized=False, special=True),
	128051: AddedToken("<|reserved_special_token_43|>", rstrip=False, lstrip=False, single_word=False, normalized=False, special=True),
	128052: AddedToken("<|reserved_special_token_44|>", rstrip=False, lstrip=False, single_word=False, normalized=False, special=True),
	128053: AddedToken("<|reserved_special_token_45|>", rstrip=False, lstrip=False, single_word=False, normalized=False, special=True),
	128054: AddedToken("<|reserved_special_token_46|>", rstrip=False, lstrip=False, single_word=False, normalized=False, special=True),
	128055: AddedToken("<|reserved_special_token_47|>", rstrip=False, lstrip=False, single_word=False, normalized=False, special=True),
	128056: AddedToken("<|reserved_special_token_48|>", rstrip=False, lstrip=False, single_word=False, normalized=False, special=True),
	128057: AddedToken("<|reserved_special_token_49|>", rstrip=False, lstrip=False, single_word=False, normalized=False, special=True),
	128058: AddedToken("<|reserved_special_token_50|>", rstrip=False, lstrip=False, single_word=False, normalized=False, special=True),
	128059: AddedToken("<|reserved_special_token_51|>", rstrip=False, lstrip=False, single_word=False, normalized=False, special=True),
	128060: AddedToken("<|reserved_special_token_52|>", rstrip=False, lstrip=False, single_word=False, normalized=False, special=True),
	128061: AddedToken("<|reserved_special_token_53|>", rstrip=False, lstrip=False, single_word=False, normalized=False, special=True),
	128062: AddedToken("<|reserved_special_token_54|>", rstrip=False, lstrip=False, single_word=False, normalized=False, special=True),
	128063: AddedToken("<|reserved_special_token_55|>", rstrip=False, lstrip=False, single_word=False, normalized=False, special=True),
	128064: AddedToken("<|reserved_special_token_56|>", rstrip=False, lstrip=False, single_word=False, normalized=False, special=True),
	128065: AddedToken("<|reserved_special_token_57|>", rstrip=False, lstrip=False, single_word=False, normalized=False, special=True),
	128066: AddedToken("<|reserved_special_token_58|>", rstrip=False, lstrip=False, single_word=False, normalized=False, special=True),
	128067: AddedToken("<|reserved_special_token_59|>", rstrip=False, lstrip=False, single_word=False, normalized=False, special=True),
	128068: AddedToken("<|reserved_special_token_60|>", rstrip=False, lstrip=False, single_word=False, normalized=False, special=True),
	128069: AddedToken("<|reserved_special_token_61|>", rstrip=False, lstrip=False, single_word=False, normalized=False, special=True),
	128070: AddedToken("<|reserved_special_token_62|>", rstrip=False, lstrip=False, single_word=False, normalized=False, special=True),
	128071: AddedToken("<|reserved_special_token_63|>", rstrip=False, lstrip=False, single_word=False, normalized=False, special=True),
	128072: AddedToken("<|reserved_special_token_64|>", rstrip=False, lstrip=False, single_word=False, normalized=False, special=True),
	128073: AddedToken("<|reserved_special_token_65|>", rstrip=False, lstrip=False, single_word=False, normalized=False, special=True),
	128074: AddedToken("<|reserved_special_token_66|>", rstrip=False, lstrip=False, single_word=False, normalized=False, special=True),
	128075: AddedToken("<|reserved_special_token_67|>", rstrip=False, lstrip=False, single_word=False, normalized=False, special=True),
	128076: AddedToken("<|reserved_special_token_68|>", rstrip=False, lstrip=False, single_word=False, normalized=False, special=True),
	128077: AddedToken("<|reserved_special_token_69|>", rstrip=False, lstrip=False, single_word=False, normalized=False, special=True),
	128078: AddedToken("<|reserved_special_token_70|>", rstrip=False, lstrip=False, single_word=False, normalized=False, special=True),
	128079: AddedToken("<|reserved_special_token_71|>", rstrip=False, lstrip=False, single_word=False, normalized=False, special=True),
	128080: AddedToken("<|reserved_special_token_72|>", rstrip=False, lstrip=False, single_word=False, normalized=False, special=True),
	128081: AddedToken("<|reserved_special_token_73|>", rstrip=False, lstrip=False, single_word=False, normalized=False, special=True),
	128082: AddedToken("<|reserved_special_token_74|>", rstrip=False, lstrip=False, single_word=False, normalized=False, special=True),
	128083: AddedToken("<|reserved_special_token_75|>", rstrip=False, lstrip=False, single_word=False, normalized=False, special=True),
	128084: AddedToken("<|reserved_special_token_76|>", rstrip=False, lstrip=False, single_word=False, normalized=False, special=True),
	128085: AddedToken("<|reserved_special_token_77|>", rstrip=False, lstrip=False, single_word=False, normalized=False, special=True),
	128086: AddedToken("<|reserved_special_token_78|>", rstrip=False, lstrip=False, single_word=False, normalized=False, special=True),
	128087: AddedToken("<|reserved_special_token_79|>", rstrip=False, lstrip=False, single_word=False, normalized=False, special=True),
	128088: AddedToken("<|reserved_special_token_80|>", rstrip=False, lstrip=False, single_word=False, normalized=False, special=True),
	128089: AddedToken("<|reserved_special_token_81|>", rstrip=False, lstrip=False, single_word=False, normalized=False, special=True),
	128090: AddedToken("<|reserved_special_token_82|>", rstrip=False, lstrip=False, single_word=False, normalized=False, special=True),
	128091: AddedToken("<|reserved_special_token_83|>", rstrip=False, lstrip=False, single_word=False, normalized=False, special=True),
	128092: AddedToken("<|reserved_special_token_84|>", rstrip=False, lstrip=False, single_word=False, normalized=False, special=True),
	128093: AddedToken("<|reserved_special_token_85|>", rstrip=False, lstrip=False, single_word=False, normalized=False, special=True),
	128094: AddedToken("<|reserved_special_token_86|>", rstrip=False, lstrip=False, single_word=False, normalized=False, special=True),
	128095: AddedToken("<|reserved_special_token_87|>", rstrip=False, lstrip=False, single_word=False, normalized=False, special=True),
	128096: AddedToken("<|reserved_special_token_88|>", rstrip=False, lstrip=False, single_word=False, normalized=False, special=True),
	128097: AddedToken("<|reserved_special_token_89|>", rstrip=False, lstrip=False, single_word=False, normalized=False, special=True),
	128098: AddedToken("<|reserved_special_token_90|>", rstrip=False, lstrip=False, single_word=False, normalized=False, special=True),
	128099: AddedToken("<|reserved_special_token_91|>", rstrip=False, lstrip=False, single_word=False, normalized=False, special=True),
	128100: AddedToken("<|reserved_special_token_92|>", rstrip=False, lstrip=False, single_word=False, normalized=False, special=True),
	128101: AddedToken("<|reserved_special_token_93|>", rstrip=False, lstrip=False, single_word=False, normalized=False, special=True),
	128102: AddedToken("<|reserved_special_token_94|>", rstrip=False, lstrip=False, single_word=False, normalized=False, special=True),
	128103: AddedToken("<|reserved_special_token_95|>", rstrip=False, lstrip=False, single_word=False, normalized=False, special=True),
	128104: AddedToken("<|reserved_special_token_96|>", rstrip=False, lstrip=False, single_word=False, normalized=False, special=True),
	128105: AddedToken("<|reserved_special_token_97|>", rstrip=False, lstrip=False, single_word=False, normalized=False, special=True),
	128106: AddedToken("<|reserved_special_token_98|>", rstrip=False, lstrip=False, single_word=False, normalized=False, special=True),
	128107: AddedToken("<|reserved_special_token_99|>", rstrip=False, lstrip=False, single_word=False, normalized=False, special=True),
	128108: AddedToken("<|reserved_special_token_100|>", rstrip=False, lstrip=False, single_word=False, normalized=False, special=True),
	128109: AddedToken("<|reserved_special_token_101|>", rstrip=False, lstrip=False, single_word=False, normalized=False, special=True),
	128110: AddedToken("<|reserved_special_token_102|>", rstrip=False, lstrip=False, single_word=False, normalized=False, special=True),
	128111: AddedToken("<|reserved_special_token_103|>", rstrip=False, lstrip=False, single_word=False, normalized=False, special=True),
	128112: AddedToken("<|reserved_special_token_104|>", rstrip=False, lstrip=False, single_word=False, normalized=False, special=True),
	128113: AddedToken("<|reserved_special_token_105|>", rstrip=False, lstrip=False, single_word=False, normalized=False, special=True),
	128114: AddedToken("<|reserved_special_token_106|>", rstrip=False, lstrip=False, single_word=False, normalized=False, special=True),
	128115: AddedToken("<|reserved_special_token_107|>", rstrip=False, lstrip=False, single_word=False, normalized=False, special=True),
	128116: AddedToken("<|reserved_special_token_108|>", rstrip=False, lstrip=False, single_word=False, normalized=False, special=True),
	128117: AddedToken("<|reserved_special_token_109|>", rstrip=False, lstrip=False, single_word=False, normalized=False, special=True),
	128118: AddedToken("<|reserved_special_token_110|>", rstrip=False, lstrip=False, single_word=False, normalized=False, special=True),
	128119: AddedToken("<|reserved_special_token_111|>", rstrip=False, lstrip=False, single_word=False, normalized=False, special=True),
	128120: AddedToken("<|reserved_special_token_112|>", rstrip=False, lstrip=False, single_word=False, normalized=False, special=True),
	128121: AddedToken("<|reserved_special_token_113|>", rstrip=False, lstrip=False, single_word=False, normalized=False, special=True),
	128122: AddedToken("<|reserved_special_token_114|>", rstrip=False, lstrip=False, single_word=False, normalized=False, special=True),
	128123: AddedToken("<|reserved_special_token_115|>", rstrip=False, lstrip=False, single_word=False, normalized=False, special=True),
	128124: AddedToken("<|reserved_special_token_116|>", rstrip=False, lstrip=False, single_word=False, normalized=False, special=True),
	128125: AddedToken("<|reserved_special_token_117|>", rstrip=False, lstrip=False, single_word=False, normalized=False, special=True),
	128126: AddedToken("<|reserved_special_token_118|>", rstrip=False, lstrip=False, single_word=False, normalized=False, special=True),
	128127: AddedToken("<|reserved_special_token_119|>", rstrip=False, lstrip=False, single_word=False, normalized=False, special=True),
	128128: AddedToken("<|reserved_special_token_120|>", rstrip=False, lstrip=False, single_word=False, normalized=False, special=True),
	128129: AddedToken("<|reserved_special_token_121|>", rstrip=False, lstrip=False, single_word=False, normalized=False, special=True),
	128130: AddedToken("<|reserved_special_token_122|>", rstrip=False, lstrip=False, single_word=False, normalized=False, special=True),
	128131: AddedToken("<|reserved_special_token_123|>", rstrip=False, lstrip=False, single_word=False, normalized=False, special=True),
	128132: AddedToken("<|reserved_special_token_124|>", rstrip=False, lstrip=False, single_word=False, normalized=False, special=True),
	128133: AddedToken("<|reserved_special_token_125|>", rstrip=False, lstrip=False, single_word=False, normalized=False, special=True),
	128134: AddedToken("<|reserved_special_token_126|>", rstrip=False, lstrip=False, single_word=False, normalized=False, special=True),
	128135: AddedToken("<|reserved_special_token_127|>", rstrip=False, lstrip=False, single_word=False, normalized=False, special=True),
	128136: AddedToken("<|reserved_special_token_128|>", rstrip=False, lstrip=False, single_word=False, normalized=False, special=True),
	128137: AddedToken("<|reserved_special_token_129|>", rstrip=False, lstrip=False, single_word=False, normalized=False, special=True),
	128138: AddedToken("<|reserved_special_token_130|>", rstrip=False, lstrip=False, single_word=False, normalized=False, special=True),
	128139: AddedToken("<|reserved_special_token_131|>", rstrip=False, lstrip=False, single_word=False, normalized=False, special=True),
	128140: AddedToken("<|reserved_special_token_132|>", rstrip=False, lstrip=False, single_word=False, normalized=False, special=True),
	128141: AddedToken("<|reserved_special_token_133|>", rstrip=False, lstrip=False, single_word=False, normalized=False, special=True),
	128142: AddedToken("<|reserved_special_token_134|>", rstrip=False, lstrip=False, single_word=False, normalized=False, special=True),
	128143: AddedToken("<|reserved_special_token_135|>", rstrip=False, lstrip=False, single_word=False, normalized=False, special=True),
	128144: AddedToken("<|reserved_special_token_136|>", rstrip=False, lstrip=False, single_word=False, normalized=False, special=True),
	128145: AddedToken("<|reserved_special_token_137|>", rstrip=False, lstrip=False, single_word=False, normalized=False, special=True),
	128146: AddedToken("<|reserved_special_token_138|>", rstrip=False, lstrip=False, single_word=False, normalized=False, special=True),
	128147: AddedToken("<|reserved_special_token_139|>", rstrip=False, lstrip=False, single_word=False, normalized=False, special=True),
	128148: AddedToken("<|reserved_special_token_140|>", rstrip=False, lstrip=False, single_word=False, normalized=False, special=True),
	128149: AddedToken("<|reserved_special_token_141|>", rstrip=False, lstrip=False, single_word=False, normalized=False, special=True),
	128150: AddedToken("<|reserved_special_token_142|>", rstrip=False, lstrip=False, single_word=False, normalized=False, special=True),
	128151: AddedToken("<|reserved_special_token_143|>", rstrip=False, lstrip=False, single_word=False, normalized=False, special=True),
	128152: AddedToken("<|reserved_special_token_144|>", rstrip=False, lstrip=False, single_word=False, normalized=False, special=True),
	128153: AddedToken("<|reserved_special_token_145|>", rstrip=False, lstrip=False, single_word=False, normalized=False, special=True),
	128154: AddedToken("<|reserved_special_token_146|>", rstrip=False, lstrip=False, single_word=False, normalized=False, special=True),
	128155: AddedToken("<|reserved_special_token_147|>", rstrip=False, lstrip=False, single_word=False, normalized=False, special=True),
	128156: AddedToken("<|reserved_special_token_148|>", rstrip=False, lstrip=False, single_word=False, normalized=False, special=True),
	128157: AddedToken("<|reserved_special_token_149|>", rstrip=False, lstrip=False, single_word=False, normalized=False, special=True),
	128158: AddedToken("<|reserved_special_token_150|>", rstrip=False, lstrip=False, single_word=False, normalized=False, special=True),
	128159: AddedToken("<|reserved_special_token_151|>", rstrip=False, lstrip=False, single_word=False, normalized=False, special=True),
	128160: AddedToken("<|reserved_special_token_152|>", rstrip=False, lstrip=False, single_word=False, normalized=False, special=True),
	128161: AddedToken("<|reserved_special_token_153|>", rstrip=False, lstrip=False, single_word=False, normalized=False, special=True),
	128162: AddedToken("<|reserved_special_token_154|>", rstrip=False, lstrip=False, single_word=False, normalized=False, special=True),
	128163: AddedToken("<|reserved_special_token_155|>", rstrip=False, lstrip=False, single_word=False, normalized=False, special=True),
	128164: AddedToken("<|reserved_special_token_156|>", rstrip=False, lstrip=False, single_word=False, normalized=False, special=True),
	128165: AddedToken("<|reserved_special_token_157|>", rstrip=False, lstrip=False, single_word=False, normalized=False, special=True),
	128166: AddedToken("<|reserved_special_token_158|>", rstrip=False, lstrip=False, single_word=False, normalized=False, special=True),
	128167: AddedToken("<|reserved_special_token_159|>", rstrip=False, lstrip=False, single_word=False, normalized=False, special=True),
	128168: AddedToken("<|reserved_special_token_160|>", rstrip=False, lstrip=False, single_word=False, normalized=False, special=True),
	128169: AddedToken("<|reserved_special_token_161|>", rstrip=False, lstrip=False, single_word=False, normalized=False, special=True),
	128170: AddedToken("<|reserved_special_token_162|>", rstrip=False, lstrip=False, single_word=False, normalized=False, special=True),
	128171: AddedToken("<|reserved_special_token_163|>", rstrip=False, lstrip=False, single_word=False, normalized=False, special=True),
	128172: AddedToken("<|reserved_special_token_164|>", rstrip=False, lstrip=False, single_word=False, normalized=False, special=True),
	128173: AddedToken("<|reserved_special_token_165|>", rstrip=False, lstrip=False, single_word=False, normalized=False, special=True),
	128174: AddedToken("<|reserved_special_token_166|>", rstrip=False, lstrip=False, single_word=False, normalized=False, special=True),
	128175: AddedToken("<|reserved_special_token_167|>", rstrip=False, lstrip=False, single_word=False, normalized=False, special=True),
	128176: AddedToken("<|reserved_special_token_168|>", rstrip=False, lstrip=False, single_word=False, normalized=False, special=True),
	128177: AddedToken("<|reserved_special_token_169|>", rstrip=False, lstrip=False, single_word=False, normalized=False, special=True),
	128178: AddedToken("<|reserved_special_token_170|>", rstrip=False, lstrip=False, single_word=False, normalized=False, special=True),
	128179: AddedToken("<|reserved_special_token_171|>", rstrip=False, lstrip=False, single_word=False, normalized=False, special=True),
	128180: AddedToken("<|reserved_special_token_172|>", rstrip=False, lstrip=False, single_word=False, normalized=False, special=True),
	128181: AddedToken("<|reserved_special_token_173|>", rstrip=False, lstrip=False, single_word=False, normalized=False, special=True),
	128182: AddedToken("<|reserved_special_token_174|>", rstrip=False, lstrip=False, single_word=False, normalized=False, special=True),
	128183: AddedToken("<|reserved_special_token_175|>", rstrip=False, lstrip=False, single_word=False, normalized=False, special=True),
	128184: AddedToken("<|reserved_special_token_176|>", rstrip=False, lstrip=False, single_word=False, normalized=False, special=True),
	128185: AddedToken("<|reserved_special_token_177|>", rstrip=False, lstrip=False, single_word=False, normalized=False, special=True),
	128186: AddedToken("<|reserved_special_token_178|>", rstrip=False, lstrip=False, single_word=False, normalized=False, special=True),
	128187: AddedToken("<|reserved_special_token_179|>", rstrip=False, lstrip=False, single_word=False, normalized=False, special=True),
	128188: AddedToken("<|reserved_special_token_180|>", rstrip=False, lstrip=False, single_word=False, normalized=False, special=True),
	128189: AddedToken("<|reserved_special_token_181|>", rstrip=False, lstrip=False, single_word=False, normalized=False, special=True),
	128190: AddedToken("<|reserved_special_token_182|>", rstrip=False, lstrip=False, single_word=False, normalized=False, special=True),
	128191: AddedToken("<|reserved_special_token_183|>", rstrip=False, lstrip=False, single_word=False, normalized=False, special=True),
	128192: AddedToken("<|reserved_special_token_184|>", rstrip=False, lstrip=False, single_word=False, normalized=False, special=True),
	128193: AddedToken("<|reserved_special_token_185|>", rstrip=False, lstrip=False, single_word=False, normalized=False, special=True),
	128194: AddedToken("<|reserved_special_token_186|>", rstrip=False, lstrip=False, single_word=False, normalized=False, special=True),
	128195: AddedToken("<|reserved_special_token_187|>", rstrip=False, lstrip=False, single_word=False, normalized=False, special=True),
	128196: AddedToken("<|reserved_special_token_188|>", rstrip=False, lstrip=False, single_word=False, normalized=False, special=True),
	128197: AddedToken("<|reserved_special_token_189|>", rstrip=False, lstrip=False, single_word=False, normalized=False, special=True),
	128198: AddedToken("<|reserved_special_token_190|>", rstrip=False, lstrip=False, single_word=False, normalized=False, special=True),
	128199: AddedToken("<|reserved_special_token_191|>", rstrip=False, lstrip=False, single_word=False, normalized=False, special=True),
	128200: AddedToken("<|reserved_special_token_192|>", rstrip=False, lstrip=False, single_word=False, normalized=False, special=True),
	128201: AddedToken("<|reserved_special_token_193|>", rstrip=False, lstrip=False, single_word=False, normalized=False, special=True),
	128202: AddedToken("<|reserved_special_token_194|>", rstrip=False, lstrip=False, single_word=False, normalized=False, special=True),
	128203: AddedToken("<|reserved_special_token_195|>", rstrip=False, lstrip=False, single_word=False, normalized=False, special=True),
	128204: AddedToken("<|reserved_special_token_196|>", rstrip=False, lstrip=False, single_word=False, normalized=False, special=True),
	128205: AddedToken("<|reserved_special_token_197|>", rstrip=False, lstrip=False, single_word=False, normalized=False, special=True),
	128206: AddedToken("<|reserved_special_token_198|>", rstrip=False, lstrip=False, single_word=False, normalized=False, special=True),
	128207: AddedToken("<|reserved_special_token_199|>", rstrip=False, lstrip=False, single_word=False, normalized=False, special=True),
	128208: AddedToken("<|reserved_special_token_200|>", rstrip=False, lstrip=False, single_word=False, normalized=False, special=True),
	128209: AddedToken("<|reserved_special_token_201|>", rstrip=False, lstrip=False, single_word=False, normalized=False, special=True),
	128210: AddedToken("<|reserved_special_token_202|>", rstrip=False, lstrip=False, single_word=False, normalized=False, special=True),
	128211: AddedToken("<|reserved_special_token_203|>", rstrip=False, lstrip=False, single_word=False, normalized=False, special=True),
	128212: AddedToken("<|reserved_special_token_204|>", rstrip=False, lstrip=False, single_word=False, normalized=False, special=True),
	128213: AddedToken("<|reserved_special_token_205|>", rstrip=False, lstrip=False, single_word=False, normalized=False, special=True),
	128214: AddedToken("<|reserved_special_token_206|>", rstrip=False, lstrip=False, single_word=False, normalized=False, special=True),
	128215: AddedToken("<|reserved_special_token_207|>", rstrip=False, lstrip=False, single_word=False, normalized=False, special=True),
	128216: AddedToken("<|reserved_special_token_208|>", rstrip=False, lstrip=False, single_word=False, normalized=False, special=True),
	128217: AddedToken("<|reserved_special_token_209|>", rstrip=False, lstrip=False, single_word=False, normalized=False, special=True),
	128218: AddedToken("<|reserved_special_token_210|>", rstrip=False, lstrip=False, single_word=False, normalized=False, special=True),
	128219: AddedToken("<|reserved_special_token_211|>", rstrip=False, lstrip=False, single_word=False, normalized=False, special=True),
	128220: AddedToken("<|reserved_special_token_212|>", rstrip=False, lstrip=False, single_word=False, normalized=False, special=True),
	128221: AddedToken("<|reserved_special_token_213|>", rstrip=False, lstrip=False, single_word=False, normalized=False, special=True),
	128222: AddedToken("<|reserved_special_token_214|>", rstrip=False, lstrip=False, single_word=False, normalized=False, special=True),
	128223: AddedToken("<|reserved_special_token_215|>", rstrip=False, lstrip=False, single_word=False, normalized=False, special=True),
	128224: AddedToken("<|reserved_special_token_216|>", rstrip=False, lstrip=False, single_word=False, normalized=False, special=True),
	128225: AddedToken("<|reserved_special_token_217|>", rstrip=False, lstrip=False, single_word=False, normalized=False, special=True),
	128226: AddedToken("<|reserved_special_token_218|>", rstrip=False, lstrip=False, single_word=False, normalized=False, special=True),
	128227: AddedToken("<|reserved_special_token_219|>", rstrip=False, lstrip=False, single_word=False, normalized=False, special=True),
	128228: AddedToken("<|reserved_special_token_220|>", rstrip=False, lstrip=False, single_word=False, normalized=False, special=True),
	128229: AddedToken("<|reserved_special_token_221|>", rstrip=False, lstrip=False, single_word=False, normalized=False, special=True),
	128230: AddedToken("<|reserved_special_token_222|>", rstrip=False, lstrip=False, single_word=False, normalized=False, special=True),
	128231: AddedToken("<|reserved_special_token_223|>", rstrip=False, lstrip=False, single_word=False, normalized=False, special=True),
	128232: AddedToken("<|reserved_special_token_224|>", rstrip=False, lstrip=False, single_word=False, normalized=False, special=True),
	128233: AddedToken("<|reserved_special_token_225|>", rstrip=False, lstrip=False, single_word=False, normalized=False, special=True),
	128234: AddedToken("<|reserved_special_token_226|>", rstrip=False, lstrip=False, single_word=False, normalized=False, special=True),
	128235: AddedToken("<|reserved_special_token_227|>", rstrip=False, lstrip=False, single_word=False, normalized=False, special=True),
	128236: AddedToken("<|reserved_special_token_228|>", rstrip=False, lstrip=False, single_word=False, normalized=False, special=True),
	128237: AddedToken("<|reserved_special_token_229|>", rstrip=False, lstrip=False, single_word=False, normalized=False, special=True),
	128238: AddedToken("<|reserved_special_token_230|>", rstrip=False, lstrip=False, single_word=False, normalized=False, special=True),
	128239: AddedToken("<|reserved_special_token_231|>", rstrip=False, lstrip=False, single_word=False, normalized=False, special=True),
	128240: AddedToken("<|reserved_special_token_232|>", rstrip=False, lstrip=False, single_word=False, normalized=False, special=True),
	128241: AddedToken("<|reserved_special_token_233|>", rstrip=False, lstrip=False, single_word=False, normalized=False, special=True),
	128242: AddedToken("<|reserved_special_token_234|>", rstrip=False, lstrip=False, single_word=False, normalized=False, special=True),
	128243: AddedToken("<|reserved_special_token_235|>", rstrip=False, lstrip=False, single_word=False, normalized=False, special=True),
	128244: AddedToken("<|reserved_special_token_236|>", rstrip=False, lstrip=False, single_word=False, normalized=False, special=True),
	128245: AddedToken("<|reserved_special_token_237|>", rstrip=False, lstrip=False, single_word=False, normalized=False, special=True),
	128246: AddedToken("<|reserved_special_token_238|>", rstrip=False, lstrip=False, single_word=False, normalized=False, special=True),
	128247: AddedToken("<|reserved_special_token_239|>", rstrip=False, lstrip=False, single_word=False, normalized=False, special=True),
	128248: AddedToken("<|reserved_special_token_240|>", rstrip=False, lstrip=False, single_word=False, normalized=False, special=True),
	128249: AddedToken("<|reserved_special_token_241|>", rstrip=False, lstrip=False, single_word=False, normalized=False, special=True),
	128250: AddedToken("<|reserved_special_token_242|>", rstrip=False, lstrip=False, single_word=False, normalized=False, special=True),
	128251: AddedToken("<|reserved_special_token_243|>", rstrip=False, lstrip=False, single_word=False, normalized=False, special=True),
	128252: AddedToken("<|reserved_special_token_244|>", rstrip=False, lstrip=False, single_word=False, normalized=False, special=True),
	128253: AddedToken("<|reserved_special_token_245|>", rstrip=False, lstrip=False, single_word=False, normalized=False, special=True),
	128254: AddedToken("<|reserved_special_token_246|>", rstrip=False, lstrip=False, single_word=False, normalized=False, special=True),
	128255: AddedToken("<|reserved_special_token_247|>", rstrip=False, lstrip=False, single_word=False, normalized=False, special=True),
}
)
2026-07-26 14:00:31.601 | INFO     | __main__:main:33 - tokenizer: PreTrainedTokenizerFast(name_or_path='meta-llama/Llama-3.2-3B', vocab_size=128000, model_max_length=131072, is_fast=True, padding_side='right', truncation_side='right', special_tokens={'bos_token': '<|begin_of_text|>', 'eos_token': '<|end_of_text|>', 'pad_token': '<|end_of_text|>'}, clean_up_tokenization_spaces=True, added_tokens_decoder={
	128000: AddedToken("<|begin_of_text|>", rstrip=False, lstrip=False, single_word=False, normalized=False, special=True),
	128001: AddedToken("<|end_of_text|>", rstrip=False, lstrip=False, single_word=False, normalized=False, special=True),
	128002: AddedToken("<|reserved_special_token_0|>", rstrip=False, lstrip=False, single_word=False, normalized=False, special=True),
	128003: AddedToken("<|reserved_special_token_1|>", rstrip=False, lstrip=False, single_word=False, normalized=False, special=True),
	128004: AddedToken("<|finetune_right_pad_id|>", rstrip=False, lstrip=False, single_word=False, normalized=False, special=True),
	128005: AddedToken("<|reserved_special_token_2|>", rstrip=False, lstrip=False, single_word=False, normalized=False, special=True),
	128006: AddedToken("<|start_header_id|>", rstrip=False, lstrip=False, single_word=False, normalized=False, special=True),
	128007: AddedToken("<|end_header_id|>", rstrip=False, lstrip=False, single_word=False, normalized=False, special=True),
	128008: AddedToken("<|eom_id|>", rstrip=False, lstrip=False, single_word=False, normalized=False, special=True),
	128009: AddedToken("<|eot_id|>", rstrip=False, lstrip=False, single_word=False, normalized=False, special=True),
	128010: AddedToken("<|python_tag|>", rstrip=False, lstrip=False, single_word=False, normalized=False, special=True),
	128011: AddedToken("<|reserved_special_token_3|>", rstrip=False, lstrip=False, single_word=False, normalized=False, special=True),
	128012: AddedToken("<|reserved_special_token_4|>", rstrip=False, lstrip=False, single_word=False, normalized=False, special=True),
	128013: AddedToken("<|reserved_special_token_5|>", rstrip=False, lstrip=False, single_word=False, normalized=False, special=True),
	128014: AddedToken("<|reserved_special_token_6|>", rstrip=False, lstrip=False, single_word=False, normalized=False, special=True),
	128015: AddedToken("<|reserved_special_token_7|>", rstrip=False, lstrip=False, single_word=False, normalized=False, special=True),
	128016: AddedToken("<|reserved_special_token_8|>", rstrip=False, lstrip=False, single_word=False, normalized=False, special=True),
	128017: AddedToken("<|reserved_special_token_9|>", rstrip=False, lstrip=False, single_word=False, normalized=False, special=True),
	128018: AddedToken("<|reserved_special_token_10|>", rstrip=False, lstrip=False, single_word=False, normalized=False, special=True),
	128019: AddedToken("<|reserved_special_token_11|>", rstrip=False, lstrip=False, single_word=False, normalized=False, special=True),
	128020: AddedToken("<|reserved_special_token_12|>", rstrip=False, lstrip=False, single_word=False, normalized=False, special=True),
	128021: AddedToken("<|reserved_special_token_13|>", rstrip=False, lstrip=False, single_word=False, normalized=False, special=True),
	128022: AddedToken("<|reserved_special_token_14|>", rstrip=False, lstrip=False, single_word=False, normalized=False, special=True),
	128023: AddedToken("<|reserved_special_token_15|>", rstrip=False, lstrip=False, single_word=False, normalized=False, special=True),
	128024: AddedToken("<|reserved_special_token_16|>", rstrip=False, lstrip=False, single_word=False, normalized=False, special=True),
	128025: AddedToken("<|reserved_special_token_17|>", rstrip=False, lstrip=False, single_word=False, normalized=False, special=True),
	128026: AddedToken("<|reserved_special_token_18|>", rstrip=False, lstrip=False, single_word=False, normalized=False, special=True),
	128027: AddedToken("<|reserved_special_token_19|>", rstrip=False, lstrip=False, single_word=False, normalized=False, special=True),
	128028: AddedToken("<|reserved_special_token_20|>", rstrip=False, lstrip=False, single_word=False, normalized=False, special=True),
	128029: AddedToken("<|reserved_special_token_21|>", rstrip=False, lstrip=False, single_word=False, normalized=False, special=True),
	128030: AddedToken("<|reserved_special_token_22|>", rstrip=False, lstrip=False, single_word=False, normalized=False, special=True),
	128031: AddedToken("<|reserved_special_token_23|>", rstrip=False, lstrip=False, single_word=False, normalized=False, special=True),
	128032: AddedToken("<|reserved_special_token_24|>", rstrip=False, lstrip=False, single_word=False, normalized=False, special=True),
	128033: AddedToken("<|reserved_special_token_25|>", rstrip=False, lstrip=False, single_word=False, normalized=False, special=True),
	128034: AddedToken("<|reserved_special_token_26|>", rstrip=False, lstrip=False, single_word=False, normalized=False, special=True),
	128035: AddedToken("<|reserved_special_token_27|>", rstrip=False, lstrip=False, single_word=False, normalized=False, special=True),
	128036: AddedToken("<|reserved_special_token_28|>", rstrip=False, lstrip=False, single_word=False, normalized=False, special=True),
	128037: AddedToken("<|reserved_special_token_29|>", rstrip=False, lstrip=False, single_word=False, normalized=False, special=True),
	128038: AddedToken("<|reserved_special_token_30|>", rstrip=False, lstrip=False, single_word=False, normalized=False, special=True),
	128039: AddedToken("<|reserved_special_token_31|>", rstrip=False, lstrip=False, single_word=False, normalized=False, special=True),
	128040: AddedToken("<|reserved_special_token_32|>", rstrip=False, lstrip=False, single_word=False, normalized=False, special=True),
	128041: AddedToken("<|reserved_special_token_33|>", rstrip=False, lstrip=False, single_word=False, normalized=False, special=True),
	128042: AddedToken("<|reserved_special_token_34|>", rstrip=False, lstrip=False, single_word=False, normalized=False, special=True),
	128043: AddedToken("<|reserved_special_token_35|>", rstrip=False, lstrip=False, single_word=False, normalized=False, special=True),
	128044: AddedToken("<|reserved_special_token_36|>", rstrip=False, lstrip=False, single_word=False, normalized=False, special=True),
	128045: AddedToken("<|reserved_special_token_37|>", rstrip=False, lstrip=False, single_word=False, normalized=False, special=True),
	128046: AddedToken("<|reserved_special_token_38|>", rstrip=False, lstrip=False, single_word=False, normalized=False, special=True),
	128047: AddedToken("<|reserved_special_token_39|>", rstrip=False, lstrip=False, single_word=False, normalized=False, special=True),
	128048: AddedToken("<|reserved_special_token_40|>", rstrip=False, lstrip=False, single_word=False, normalized=False, special=True),
	128049: AddedToken("<|reserved_special_token_41|>", rstrip=False, lstrip=False, single_word=False, normalized=False, special=True),
	128050: AddedToken("<|reserved_special_token_42|>", rstrip=False, lstrip=False, single_word=False, normalized=False, special=True),
	128051: AddedToken("<|reserved_special_token_43|>", rstrip=False, lstrip=False, single_word=False, normalized=False, special=True),
	128052: AddedToken("<|reserved_special_token_44|>", rstrip=False, lstrip=False, single_word=False, normalized=False, special=True),
	128053: AddedToken("<|reserved_special_token_45|>", rstrip=False, lstrip=False, single_word=False, normalized=False, special=True),
	128054: AddedToken("<|reserved_special_token_46|>", rstrip=False, lstrip=False, single_word=False, normalized=False, special=True),
	128055: AddedToken("<|reserved_special_token_47|>", rstrip=False, lstrip=False, single_word=False, normalized=False, special=True),
	128056: AddedToken("<|reserved_special_token_48|>", rstrip=False, lstrip=False, single_word=False, normalized=False, special=True),
	128057: AddedToken("<|reserved_special_token_49|>", rstrip=False, lstrip=False, single_word=False, normalized=False, special=True),
	128058: AddedToken("<|reserved_special_token_50|>", rstrip=False, lstrip=False, single_word=False, normalized=False, special=True),
	128059: AddedToken("<|reserved_special_token_51|>", rstrip=False, lstrip=False, single_word=False, normalized=False, special=True),
	128060: AddedToken("<|reserved_special_token_52|>", rstrip=False, lstrip=False, single_word=False, normalized=False, special=True),
	128061: AddedToken("<|reserved_special_token_53|>", rstrip=False, lstrip=False, single_word=False, normalized=False, special=True),
	128062: AddedToken("<|reserved_special_token_54|>", rstrip=False, lstrip=False, single_word=False, normalized=False, special=True),
	128063: AddedToken("<|reserved_special_token_55|>", rstrip=False, lstrip=False, single_word=False, normalized=False, special=True),
	128064: AddedToken("<|reserved_special_token_56|>", rstrip=False, lstrip=False, single_word=False, normalized=False, special=True),
	128065: AddedToken("<|reserved_special_token_57|>", rstrip=False, lstrip=False, single_word=False, normalized=False, special=True),
	128066: AddedToken("<|reserved_special_token_58|>", rstrip=False, lstrip=False, single_word=False, normalized=False, special=True),
	128067: AddedToken("<|reserved_special_token_59|>", rstrip=False, lstrip=False, single_word=False, normalized=False, special=True),
	128068: AddedToken("<|reserved_special_token_60|>", rstrip=False, lstrip=False, single_word=False, normalized=False, special=True),
	128069: AddedToken("<|reserved_special_token_61|>", rstrip=False, lstrip=False, single_word=False, normalized=False, special=True),
	128070: AddedToken("<|reserved_special_token_62|>", rstrip=False, lstrip=False, single_word=False, normalized=False, special=True),
	128071: AddedToken("<|reserved_special_token_63|>", rstrip=False, lstrip=False, single_word=False, normalized=False, special=True),
	128072: AddedToken("<|reserved_special_token_64|>", rstrip=False, lstrip=False, single_word=False, normalized=False, special=True),
	128073: AddedToken("<|reserved_special_token_65|>", rstrip=False, lstrip=False, single_word=False, normalized=False, special=True),
	128074: AddedToken("<|reserved_special_token_66|>", rstrip=False, lstrip=False, single_word=False, normalized=False, special=True),
	128075: AddedToken("<|reserved_special_token_67|>", rstrip=False, lstrip=False, single_word=False, normalized=False, special=True),
	128076: AddedToken("<|reserved_special_token_68|>", rstrip=False, lstrip=False, single_word=False, normalized=False, special=True),
	128077: AddedToken("<|reserved_special_token_69|>", rstrip=False, lstrip=False, single_word=False, normalized=False, special=True),
	128078: AddedToken("<|reserved_special_token_70|>", rstrip=False, lstrip=False, single_word=False, normalized=False, special=True),
	128079: AddedToken("<|reserved_special_token_71|>", rstrip=False, lstrip=False, single_word=False, normalized=False, special=True),
	128080: AddedToken("<|reserved_special_token_72|>", rstrip=False, lstrip=False, single_word=False, normalized=False, special=True),
	128081: AddedToken("<|reserved_special_token_73|>", rstrip=False, lstrip=False, single_word=False, normalized=False, special=True),
	128082: AddedToken("<|reserved_special_token_74|>", rstrip=False, lstrip=False, single_word=False, normalized=False, special=True),
	128083: AddedToken("<|reserved_special_token_75|>", rstrip=False, lstrip=False, single_word=False, normalized=False, special=True),
	128084: AddedToken("<|reserved_special_token_76|>", rstrip=False, lstrip=False, single_word=False, normalized=False, special=True),
	128085: AddedToken("<|reserved_special_token_77|>", rstrip=False, lstrip=False, single_word=False, normalized=False, special=True),
	128086: AddedToken("<|reserved_special_token_78|>", rstrip=False, lstrip=False, single_word=False, normalized=False, special=True),
	128087: AddedToken("<|reserved_special_token_79|>", rstrip=False, lstrip=False, single_word=False, normalized=False, special=True),
	128088: AddedToken("<|reserved_special_token_80|>", rstrip=False, lstrip=False, single_word=False, normalized=False, special=True),
	128089: AddedToken("<|reserved_special_token_81|>", rstrip=False, lstrip=False, single_word=False, normalized=False, special=True),
	128090: AddedToken("<|reserved_special_token_82|>", rstrip=False, lstrip=False, single_word=False, normalized=False, special=True),
	128091: AddedToken("<|reserved_special_token_83|>", rstrip=False, lstrip=False, single_word=False, normalized=False, special=True),
	128092: AddedToken("<|reserved_special_token_84|>", rstrip=False, lstrip=False, single_word=False, normalized=False, special=True),
	128093: AddedToken("<|reserved_special_token_85|>", rstrip=False, lstrip=False, single_word=False, normalized=False, special=True),
	128094: AddedToken("<|reserved_special_token_86|>", rstrip=False, lstrip=False, single_word=False, normalized=False, special=True),
	128095: AddedToken("<|reserved_special_token_87|>", rstrip=False, lstrip=False, single_word=False, normalized=False, special=True),
	128096: AddedToken("<|reserved_special_token_88|>", rstrip=False, lstrip=False, single_word=False, normalized=False, special=True),
	128097: AddedToken("<|reserved_special_token_89|>", rstrip=False, lstrip=False, single_word=False, normalized=False, special=True),
	128098: AddedToken("<|reserved_special_token_90|>", rstrip=False, lstrip=False, single_word=False, normalized=False, special=True),
	128099: AddedToken("<|reserved_special_token_91|>", rstrip=False, lstrip=False, single_word=False, normalized=False, special=True),
	128100: AddedToken("<|reserved_special_token_92|>", rstrip=False, lstrip=False, single_word=False, normalized=False, special=True),
	128101: AddedToken("<|reserved_special_token_93|>", rstrip=False, lstrip=False, single_word=False, normalized=False, special=True),
	128102: AddedToken("<|reserved_special_token_94|>", rstrip=False, lstrip=False, single_word=False, normalized=False, special=True),
	128103: AddedToken("<|reserved_special_token_95|>", rstrip=False, lstrip=False, single_word=False, normalized=False, special=True),
	128104: AddedToken("<|reserved_special_token_96|>", rstrip=False, lstrip=False, single_word=False, normalized=False, special=True),
	128105: AddedToken("<|reserved_special_token_97|>", rstrip=False, lstrip=False, single_word=False, normalized=False, special=True),
	128106: AddedToken("<|reserved_special_token_98|>", rstrip=False, lstrip=False, single_word=False, normalized=False, special=True),
	128107: AddedToken("<|reserved_special_token_99|>", rstrip=False, lstrip=False, single_word=False, normalized=False, special=True),
	128108: AddedToken("<|reserved_special_token_100|>", rstrip=False, lstrip=False, single_word=False, normalized=False, special=True),
	128109: AddedToken("<|reserved_special_token_101|>", rstrip=False, lstrip=False, single_word=False, normalized=False, special=True),
	128110: AddedToken("<|reserved_special_token_102|>", rstrip=False, lstrip=False, single_word=False, normalized=False, special=True),
	128111: AddedToken("<|reserved_special_token_103|>", rstrip=False, lstrip=False, single_word=False, normalized=False, special=True),
	128112: AddedToken("<|reserved_special_token_104|>", rstrip=False, lstrip=False, single_word=False, normalized=False, special=True),
	128113: AddedToken("<|reserved_special_token_105|>", rstrip=False, lstrip=False, single_word=False, normalized=False, special=True),
	128114: AddedToken("<|reserved_special_token_106|>", rstrip=False, lstrip=False, single_word=False, normalized=False, special=True),
	128115: AddedToken("<|reserved_special_token_107|>", rstrip=False, lstrip=False, single_word=False, normalized=False, special=True),
	128116: AddedToken("<|reserved_special_token_108|>", rstrip=False, lstrip=False, single_word=False, normalized=False, special=True),
	128117: AddedToken("<|reserved_special_token_109|>", rstrip=False, lstrip=False, single_word=False, normalized=False, special=True),
	128118: AddedToken("<|reserved_special_token_110|>", rstrip=False, lstrip=False, single_word=False, normalized=False, special=True),
	128119: AddedToken("<|reserved_special_token_111|>", rstrip=False, lstrip=False, single_word=False, normalized=False, special=True),
	128120: AddedToken("<|reserved_special_token_112|>", rstrip=False, lstrip=False, single_word=False, normalized=False, special=True),
	128121: AddedToken("<|reserved_special_token_113|>", rstrip=False, lstrip=False, single_word=False, normalized=False, special=True),
	128122: AddedToken("<|reserved_special_token_114|>", rstrip=False, lstrip=False, single_word=False, normalized=False, special=True),
	128123: AddedToken("<|reserved_special_token_115|>", rstrip=False, lstrip=False, single_word=False, normalized=False, special=True),
	128124: AddedToken("<|reserved_special_token_116|>", rstrip=False, lstrip=False, single_word=False, normalized=False, special=True),
	128125: AddedToken("<|reserved_special_token_117|>", rstrip=False, lstrip=False, single_word=False, normalized=False, special=True),
	128126: AddedToken("<|reserved_special_token_118|>", rstrip=False, lstrip=False, single_word=False, normalized=False, special=True),
	128127: AddedToken("<|reserved_special_token_119|>", rstrip=False, lstrip=False, single_word=False, normalized=False, special=True),
	128128: AddedToken("<|reserved_special_token_120|>", rstrip=False, lstrip=False, single_word=False, normalized=False, special=True),
	128129: AddedToken("<|reserved_special_token_121|>", rstrip=False, lstrip=False, single_word=False, normalized=False, special=True),
	128130: AddedToken("<|reserved_special_token_122|>", rstrip=False, lstrip=False, single_word=False, normalized=False, special=True),
	128131: AddedToken("<|reserved_special_token_123|>", rstrip=False, lstrip=False, single_word=False, normalized=False, special=True),
	128132: AddedToken("<|reserved_special_token_124|>", rstrip=False, lstrip=False, single_word=False, normalized=False, special=True),
	128133: AddedToken("<|reserved_special_token_125|>", rstrip=False, lstrip=False, single_word=False, normalized=False, special=True),
	128134: AddedToken("<|reserved_special_token_126|>", rstrip=False, lstrip=False, single_word=False, normalized=False, special=True),
	128135: AddedToken("<|reserved_special_token_127|>", rstrip=False, lstrip=False, single_word=False, normalized=False, special=True),
	128136: AddedToken("<|reserved_special_token_128|>", rstrip=False, lstrip=False, single_word=False, normalized=False, special=True),
	128137: AddedToken("<|reserved_special_token_129|>", rstrip=False, lstrip=False, single_word=False, normalized=False, special=True),
	128138: AddedToken("<|reserved_special_token_130|>", rstrip=False, lstrip=False, single_word=False, normalized=False, special=True),
	128139: AddedToken("<|reserved_special_token_131|>", rstrip=False, lstrip=False, single_word=False, normalized=False, special=True),
	128140: AddedToken("<|reserved_special_token_132|>", rstrip=False, lstrip=False, single_word=False, normalized=False, special=True),
	128141: AddedToken("<|reserved_special_token_133|>", rstrip=False, lstrip=False, single_word=False, normalized=False, special=True),
	128142: AddedToken("<|reserved_special_token_134|>", rstrip=False, lstrip=False, single_word=False, normalized=False, special=True),
	128143: AddedToken("<|reserved_special_token_135|>", rstrip=False, lstrip=False, single_word=False, normalized=False, special=True),
	128144: AddedToken("<|reserved_special_token_136|>", rstrip=False, lstrip=False, single_word=False, normalized=False, special=True),
	128145: AddedToken("<|reserved_special_token_137|>", rstrip=False, lstrip=False, single_word=False, normalized=False, special=True),
	128146: AddedToken("<|reserved_special_token_138|>", rstrip=False, lstrip=False, single_word=False, normalized=False, special=True),
	128147: AddedToken("<|reserved_special_token_139|>", rstrip=False, lstrip=False, single_word=False, normalized=False, special=True),
	128148: AddedToken("<|reserved_special_token_140|>", rstrip=False, lstrip=False, single_word=False, normalized=False, special=True),
	128149: AddedToken("<|reserved_special_token_141|>", rstrip=False, lstrip=False, single_word=False, normalized=False, special=True),
	128150: AddedToken("<|reserved_special_token_142|>", rstrip=False, lstrip=False, single_word=False, normalized=False, special=True),
	128151: AddedToken("<|reserved_special_token_143|>", rstrip=False, lstrip=False, single_word=False, normalized=False, special=True),
	128152: AddedToken("<|reserved_special_token_144|>", rstrip=False, lstrip=False, single_word=False, normalized=False, special=True),
	128153: AddedToken("<|reserved_special_token_145|>", rstrip=False, lstrip=False, single_word=False, normalized=False, special=True),
	128154: AddedToken("<|reserved_special_token_146|>", rstrip=False, lstrip=False, single_word=False, normalized=False, special=True),
	128155: AddedToken("<|reserved_special_token_147|>", rstrip=False, lstrip=False, single_word=False, normalized=False, special=True),
	128156: AddedToken("<|reserved_special_token_148|>", rstrip=False, lstrip=False, single_word=False, normalized=False, special=True),
	128157: AddedToken("<|reserved_special_token_149|>", rstrip=False, lstrip=False, single_word=False, normalized=False, special=True),
	128158: AddedToken("<|reserved_special_token_150|>", rstrip=False, lstrip=False, single_word=False, normalized=False, special=True),
	128159: AddedToken("<|reserved_special_token_151|>", rstrip=False, lstrip=False, single_word=False, normalized=False, special=True),
	128160: AddedToken("<|reserved_special_token_152|>", rstrip=False, lstrip=False, single_word=False, normalized=False, special=True),
	128161: AddedToken("<|reserved_special_token_153|>", rstrip=False, lstrip=False, single_word=False, normalized=False, special=True),
	128162: AddedToken("<|reserved_special_token_154|>", rstrip=False, lstrip=False, single_word=False, normalized=False, special=True),
	128163: AddedToken("<|reserved_special_token_155|>", rstrip=False, lstrip=False, single_word=False, normalized=False, special=True),
	128164: AddedToken("<|reserved_special_token_156|>", rstrip=False, lstrip=False, single_word=False, normalized=False, special=True),
	128165: AddedToken("<|reserved_special_token_157|>", rstrip=False, lstrip=False, single_word=False, normalized=False, special=True),
	128166: AddedToken("<|reserved_special_token_158|>", rstrip=False, lstrip=False, single_word=False, normalized=False, special=True),
	128167: AddedToken("<|reserved_special_token_159|>", rstrip=False, lstrip=False, single_word=False, normalized=False, special=True),
	128168: AddedToken("<|reserved_special_token_160|>", rstrip=False, lstrip=False, single_word=False, normalized=False, special=True),
	128169: AddedToken("<|reserved_special_token_161|>", rstrip=False, lstrip=False, single_word=False, normalized=False, special=True),
	128170: AddedToken("<|reserved_special_token_162|>", rstrip=False, lstrip=False, single_word=False, normalized=False, special=True),
	128171: AddedToken("<|reserved_special_token_163|>", rstrip=False, lstrip=False, single_word=False, normalized=False, special=True),
	128172: AddedToken("<|reserved_special_token_164|>", rstrip=False, lstrip=False, single_word=False, normalized=False, special=True),
	128173: AddedToken("<|reserved_special_token_165|>", rstrip=False, lstrip=False, single_word=False, normalized=False, special=True),
	128174: AddedToken("<|reserved_special_token_166|>", rstrip=False, lstrip=False, single_word=False, normalized=False, special=True),
	128175: AddedToken("<|reserved_special_token_167|>", rstrip=False, lstrip=False, single_word=False, normalized=False, special=True),
	128176: AddedToken("<|reserved_special_token_168|>", rstrip=False, lstrip=False, single_word=False, normalized=False, special=True),
	128177: AddedToken("<|reserved_special_token_169|>", rstrip=False, lstrip=False, single_word=False, normalized=False, special=True),
	128178: AddedToken("<|reserved_special_token_170|>", rstrip=False, lstrip=False, single_word=False, normalized=False, special=True),
	128179: AddedToken("<|reserved_special_token_171|>", rstrip=False, lstrip=False, single_word=False, normalized=False, special=True),
	128180: AddedToken("<|reserved_special_token_172|>", rstrip=False, lstrip=False, single_word=False, normalized=False, special=True),
	128181: AddedToken("<|reserved_special_token_173|>", rstrip=False, lstrip=False, single_word=False, normalized=False, special=True),
	128182: AddedToken("<|reserved_special_token_174|>", rstrip=False, lstrip=False, single_word=False, normalized=False, special=True),
	128183: AddedToken("<|reserved_special_token_175|>", rstrip=False, lstrip=False, single_word=False, normalized=False, special=True),
	128184: AddedToken("<|reserved_special_token_176|>", rstrip=False, lstrip=False, single_word=False, normalized=False, special=True),
	128185: AddedToken("<|reserved_special_token_177|>", rstrip=False, lstrip=False, single_word=False, normalized=False, special=True),
	128186: AddedToken("<|reserved_special_token_178|>", rstrip=False, lstrip=False, single_word=False, normalized=False, special=True),
	128187: AddedToken("<|reserved_special_token_179|>", rstrip=False, lstrip=False, single_word=False, normalized=False, special=True),
	128188: AddedToken("<|reserved_special_token_180|>", rstrip=False, lstrip=False, single_word=False, normalized=False, special=True),
	128189: AddedToken("<|reserved_special_token_181|>", rstrip=False, lstrip=False, single_word=False, normalized=False, special=True),
	128190: AddedToken("<|reserved_special_token_182|>", rstrip=False, lstrip=False, single_word=False, normalized=False, special=True),
	128191: AddedToken("<|reserved_special_token_183|>", rstrip=False, lstrip=False, single_word=False, normalized=False, special=True),
	128192: AddedToken("<|reserved_special_token_184|>", rstrip=False, lstrip=False, single_word=False, normalized=False, special=True),
	128193: AddedToken("<|reserved_special_token_185|>", rstrip=False, lstrip=False, single_word=False, normalized=False, special=True),
	128194: AddedToken("<|reserved_special_token_186|>", rstrip=False, lstrip=False, single_word=False, normalized=False, special=True),
	128195: AddedToken("<|reserved_special_token_187|>", rstrip=False, lstrip=False, single_word=False, normalized=False, special=True),
	128196: AddedToken("<|reserved_special_token_188|>", rstrip=False, lstrip=False, single_word=False, normalized=False, special=True),
	128197: AddedToken("<|reserved_special_token_189|>", rstrip=False, lstrip=False, single_word=False, normalized=False, special=True),
	128198: AddedToken("<|reserved_special_token_190|>", rstrip=False, lstrip=False, single_word=False, normalized=False, special=True),
	128199: AddedToken("<|reserved_special_token_191|>", rstrip=False, lstrip=False, single_word=False, normalized=False, special=True),
	128200: AddedToken("<|reserved_special_token_192|>", rstrip=False, lstrip=False, single_word=False, normalized=False, special=True),
	128201: AddedToken("<|reserved_special_token_193|>", rstrip=False, lstrip=False, single_word=False, normalized=False, special=True),
	128202: AddedToken("<|reserved_special_token_194|>", rstrip=False, lstrip=False, single_word=False, normalized=False, special=True),
	128203: AddedToken("<|reserved_special_token_195|>", rstrip=False, lstrip=False, single_word=False, normalized=False, special=True),
	128204: AddedToken("<|reserved_special_token_196|>", rstrip=False, lstrip=False, single_word=False, normalized=False, special=True),
	128205: AddedToken("<|reserved_special_token_197|>", rstrip=False, lstrip=False, single_word=False, normalized=False, special=True),
	128206: AddedToken("<|reserved_special_token_198|>", rstrip=False, lstrip=False, single_word=False, normalized=False, special=True),
	128207: AddedToken("<|reserved_special_token_199|>", rstrip=False, lstrip=False, single_word=False, normalized=False, special=True),
	128208: AddedToken("<|reserved_special_token_200|>", rstrip=False, lstrip=False, single_word=False, normalized=False, special=True),
	128209: AddedToken("<|reserved_special_token_201|>", rstrip=False, lstrip=False, single_word=False, normalized=False, special=True),
	128210: AddedToken("<|reserved_special_token_202|>", rstrip=False, lstrip=False, single_word=False, normalized=False, special=True),
	128211: AddedToken("<|reserved_special_token_203|>", rstrip=False, lstrip=False, single_word=False, normalized=False, special=True),
	128212: AddedToken("<|reserved_special_token_204|>", rstrip=False, lstrip=False, single_word=False, normalized=False, special=True),
	128213: AddedToken("<|reserved_special_token_205|>", rstrip=False, lstrip=False, single_word=False, normalized=False, special=True),
	128214: AddedToken("<|reserved_special_token_206|>", rstrip=False, lstrip=False, single_word=False, normalized=False, special=True),
	128215: AddedToken("<|reserved_special_token_207|>", rstrip=False, lstrip=False, single_word=False, normalized=False, special=True),
	128216: AddedToken("<|reserved_special_token_208|>", rstrip=False, lstrip=False, single_word=False, normalized=False, special=True),
	128217: AddedToken("<|reserved_special_token_209|>", rstrip=False, lstrip=False, single_word=False, normalized=False, special=True),
	128218: AddedToken("<|reserved_special_token_210|>", rstrip=False, lstrip=False, single_word=False, normalized=False, special=True),
	128219: AddedToken("<|reserved_special_token_211|>", rstrip=False, lstrip=False, single_word=False, normalized=False, special=True),
	128220: AddedToken("<|reserved_special_token_212|>", rstrip=False, lstrip=False, single_word=False, normalized=False, special=True),
	128221: AddedToken("<|reserved_special_token_213|>", rstrip=False, lstrip=False, single_word=False, normalized=False, special=True),
	128222: AddedToken("<|reserved_special_token_214|>", rstrip=False, lstrip=False, single_word=False, normalized=False, special=True),
	128223: AddedToken("<|reserved_special_token_215|>", rstrip=False, lstrip=False, single_word=False, normalized=False, special=True),
	128224: AddedToken("<|reserved_special_token_216|>", rstrip=False, lstrip=False, single_word=False, normalized=False, special=True),
	128225: AddedToken("<|reserved_special_token_217|>", rstrip=False, lstrip=False, single_word=False, normalized=False, special=True),
	128226: AddedToken("<|reserved_special_token_218|>", rstrip=False, lstrip=False, single_word=False, normalized=False, special=True),
	128227: AddedToken("<|reserved_special_token_219|>", rstrip=False, lstrip=False, single_word=False, normalized=False, special=True),
	128228: AddedToken("<|reserved_special_token_220|>", rstrip=False, lstrip=False, single_word=False, normalized=False, special=True),
	128229: AddedToken("<|reserved_special_token_221|>", rstrip=False, lstrip=False, single_word=False, normalized=False, special=True),
	128230: AddedToken("<|reserved_special_token_222|>", rstrip=False, lstrip=False, single_word=False, normalized=False, special=True),
	128231: AddedToken("<|reserved_special_token_223|>", rstrip=False, lstrip=False, single_word=False, normalized=False, special=True),
	128232: AddedToken("<|reserved_special_token_224|>", rstrip=False, lstrip=False, single_word=False, normalized=False, special=True),
	128233: AddedToken("<|reserved_special_token_225|>", rstrip=False, lstrip=False, single_word=False, normalized=False, special=True),
	128234: AddedToken("<|reserved_special_token_226|>", rstrip=False, lstrip=False, single_word=False, normalized=False, special=True),
	128235: AddedToken("<|reserved_special_token_227|>", rstrip=False, lstrip=False, single_word=False, normalized=False, special=True),
	128236: AddedToken("<|reserved_special_token_228|>", rstrip=False, lstrip=False, single_word=False, normalized=False, special=True),
	128237: AddedToken("<|reserved_special_token_229|>", rstrip=False, lstrip=False, single_word=False, normalized=False, special=True),
	128238: AddedToken("<|reserved_special_token_230|>", rstrip=False, lstrip=False, single_word=False, normalized=False, special=True),
	128239: AddedToken("<|reserved_special_token_231|>", rstrip=False, lstrip=False, single_word=False, normalized=False, special=True),
	128240: AddedToken("<|reserved_special_token_232|>", rstrip=False, lstrip=False, single_word=False, normalized=False, special=True),
	128241: AddedToken("<|reserved_special_token_233|>", rstrip=False, lstrip=False, single_word=False, normalized=False, special=True),
	128242: AddedToken("<|reserved_special_token_234|>", rstrip=False, lstrip=False, single_word=False, normalized=False, special=True),
	128243: AddedToken("<|reserved_special_token_235|>", rstrip=False, lstrip=False, single_word=False, normalized=False, special=True),
	128244: AddedToken("<|reserved_special_token_236|>", rstrip=False, lstrip=False, single_word=False, normalized=False, special=True),
	128245: AddedToken("<|reserved_special_token_237|>", rstrip=False, lstrip=False, single_word=False, normalized=False, special=True),
	128246: AddedToken("<|reserved_special_token_238|>", rstrip=False, lstrip=False, single_word=False, normalized=False, special=True),
	128247: AddedToken("<|reserved_special_token_239|>", rstrip=False, lstrip=False, single_word=False, normalized=False, special=True),
	128248: AddedToken("<|reserved_special_token_240|>", rstrip=False, lstrip=False, single_word=False, normalized=False, special=True),
	128249: AddedToken("<|reserved_special_token_241|>", rstrip=False, lstrip=False, single_word=False, normalized=False, special=True),
	128250: AddedToken("<|reserved_special_token_242|>", rstrip=False, lstrip=False, single_word=False, normalized=False, special=True),
	128251: AddedToken("<|reserved_special_token_243|>", rstrip=False, lstrip=False, single_word=False, normalized=False, special=True),
	128252: AddedToken("<|reserved_special_token_244|>", rstrip=False, lstrip=False, single_word=False, normalized=False, special=True),
	128253: AddedToken("<|reserved_special_token_245|>", rstrip=False, lstrip=False, single_word=False, normalized=False, special=True),
	128254: AddedToken("<|reserved_special_token_246|>", rstrip=False, lstrip=False, single_word=False, normalized=False, special=True),
	128255: AddedToken("<|reserved_special_token_247|>", rstrip=False, lstrip=False, single_word=False, normalized=False, special=True),
}
)
2026-07-26 14:00:31.652 | INFO     | llmc.eval.eval_base:__init__:21 - eval_cfg : {'eval_pos': ['fake_quant'], 'name': 'wikitext2', 'download': True, 'bs': 1, 'seq_len': 2048, 'inference_per_block': False, 'type': 'ppl'}
2026-07-26 14:00:31.652 | INFO     | llmc.eval.eval_base:__init__:21 - eval_cfg : {'eval_pos': ['fake_quant'], 'name': 'wikitext2', 'download': True, 'bs': 1, 'seq_len': 2048, 'inference_per_block': False, 'type': 'ppl'}
Token indices sequence length is longer than the specified maximum sequence length for this model (289077 > 131072). Running this sequence through the model will result in indexing errors
2026-07-26 14:00:38.982 | INFO     | llmc.models.base_model:add_layernorms_class:277 - _TRANSFORMERS_LN_TYPES_ : [<class 'torch.nn.modules.normalization.LayerNorm'>, <class 'transformers.models.llama.modeling_llama.LlamaRMSNorm'>]
2026-07-26 14:00:38.982 | INFO     | llmc.models.base_model:add_layernorms_class:277 - _TRANSFORMERS_LN_TYPES_ : [<class 'torch.nn.modules.normalization.LayerNorm'>, <class 'transformers.models.llama.modeling_llama.LlamaRMSNorm'>]
2026-07-26 14:00:38.982 | INFO     | llmc.data.dataset.base_dataset:__init__:17 - calib_cfg : {'name': 'wikitext2', 'download': True, 'n_samples': 128, 'bs': 1, 'seq_len': 2048, 'preproc': 'wikitext2_gptq', 'seed': 0}
2026-07-26 14:00:38.982 | INFO     | llmc.data.dataset.base_dataset:__init__:17 - calib_cfg : {'name': 'wikitext2', 'download': True, 'n_samples': 128, 'bs': 1, 'seq_len': 2048, 'preproc': 'wikitext2_gptq', 'seed': 0}
2026-07-26 14:00:43.872 | INFO     | llmc.data.dataset.base_dataset:get_calib_dataset:179 - len(samples) rank : 36718
2026-07-26 14:00:43.872 | INFO     | llmc.data.dataset.base_dataset:get_calib_dataset:179 - len(samples) rank : 36718
2026-07-26 14:00:48.646 | INFO     | llmc.data.dataset.base_dataset:get_calib_dataset:182 - len(calib_model_inputs) : 128
2026-07-26 14:00:48.646 | INFO     | llmc.data.dataset.base_dataset:get_calib_dataset:182 - len(calib_model_inputs) : 128
2026-07-26 14:00:51.590 | INFO     | llmc.compression.quantization.base_blockwise_quantization:set_quant_config:144 - mixed_precision = False
2026-07-26 14:00:51.590 | INFO     | llmc.compression.quantization.base_blockwise_quantization:set_quant_config:144 - mixed_precision = False
2026-07-26 14:00:51.590 | INFO     | llmc.compression.quantization.base_blockwise_quantization:set_quant_config:160 - The used Weight Quant Module is <class 'llmc.compression.quantization.quant.IntegerQuantizer'>
2026-07-26 14:00:51.590 | INFO     | llmc.compression.quantization.base_blockwise_quantization:set_quant_config:160 - The used Weight Quant Module is <class 'llmc.compression.quantization.quant.IntegerQuantizer'>
2026-07-26 14:00:51.590 | INFO     | llmc.compression.quantization.base_blockwise_quantization:set_quant_config:265 - self.quant_objects : language
2026-07-26 14:00:51.590 | INFO     | llmc.compression.quantization.base_blockwise_quantization:set_quant_config:265 - self.quant_objects : language
2026-07-26 14:00:51.590 | INFO     | llmc.compression.quantization.base_blockwise_quantization:set_quant_config:275 - self.do_gqa_trans : False
2026-07-26 14:00:51.590 | INFO     | llmc.compression.quantization.base_blockwise_quantization:set_quant_config:275 - self.do_gqa_trans : False
/mnt/d/LightCompress/llmc/compression/quantization/base_blockwise_quantization.py:371: UserWarning: To copy construct from a tensor, it is recommended to use sourceTensor.detach().clone() or sourceTensor.detach().clone().requires_grad_(True), rather than torch.tensor(sourceTensor).
  m.register_buffer('buf_qmax', torch.tensor(max_int).to(self.dev))
/mnt/d/LightCompress/llmc/compression/quantization/base_blockwise_quantization.py:372: UserWarning: To copy construct from a tensor, it is recommended to use sourceTensor.detach().clone() or sourceTensor.detach().clone().requires_grad_(True), rather than torch.tensor(sourceTensor).
  m.register_buffer('buf_qmin', torch.tensor(min_int).to(self.dev))
2026-07-26 14:00:54.895 | INFO     | llmc.compression.blockwise_optimization:run_block_loop:36 - 
block index: 0/28 
block: LlamaDecoderLayer(
  (self_attn): LlamaAttention(
    (q_proj): Linear(in_features=3072, out_features=3072, bias=False)
    (k_proj): Linear(in_features=3072, out_features=1024, bias=False)
    (v_proj): Linear(in_features=3072, out_features=1024, bias=False)
    (o_proj): Linear(in_features=3072, out_features=3072, bias=False)
  )
  (mlp): LlamaMLP(
    (gate_proj): Linear(in_features=3072, out_features=8192, bias=False)
    (up_proj): Linear(in_features=3072, out_features=8192, bias=False)
    (down_proj): Linear(in_features=8192, out_features=3072, bias=False)
    (act_fn): SiLUActivation()
  )
  (input_layernorm): LlamaRMSNorm((3072,), eps=1e-05)
  (post_attention_layernorm): LlamaRMSNorm((3072,), eps=1e-05)
)
2026-07-26 14:00:54.895 | INFO     | llmc.compression.blockwise_optimization:run_block_loop:36 - 
block index: 0/28 
block: LlamaDecoderLayer(
  (self_attn): LlamaAttention(
    (q_proj): Linear(in_features=3072, out_features=3072, bias=False)
    (k_proj): Linear(in_features=3072, out_features=1024, bias=False)
    (v_proj): Linear(in_features=3072, out_features=1024, bias=False)
    (o_proj): Linear(in_features=3072, out_features=3072, bias=False)
  )
  (mlp): LlamaMLP(
    (gate_proj): Linear(in_features=3072, out_features=8192, bias=False)
    (up_proj): Linear(in_features=3072, out_features=8192, bias=False)
    (down_proj): Linear(in_features=8192, out_features=3072, bias=False)
    (act_fn): SiLUActivation()
  )
  (input_layernorm): LlamaRMSNorm((3072,), eps=1e-05)
  (post_attention_layernorm): LlamaRMSNorm((3072,), eps=1e-05)
)
2026-07-26 14:00:54.918 | INFO     | llmc.compression.quantization.base_blockwise_quantization:block_opt:416 - input_feat_modules: {'self_attn.q_proj': Linear(in_features=3072, out_features=3072, bias=False), 'self_attn.k_proj': Linear(in_features=3072, out_features=1024, bias=False), 'self_attn.v_proj': Linear(in_features=3072, out_features=1024, bias=False), 'self_attn.o_proj': Linear(in_features=3072, out_features=3072, bias=False), 'mlp.gate_proj': Linear(in_features=3072, out_features=8192, bias=False), 'mlp.up_proj': Linear(in_features=3072, out_features=8192, bias=False), 'mlp.down_proj': Linear(in_features=8192, out_features=3072, bias=False)}
2026-07-26 14:00:54.918 | INFO     | llmc.compression.quantization.base_blockwise_quantization:block_opt:416 - input_feat_modules: {'self_attn.q_proj': Linear(in_features=3072, out_features=3072, bias=False), 'self_attn.k_proj': Linear(in_features=3072, out_features=1024, bias=False), 'self_attn.v_proj': Linear(in_features=3072, out_features=1024, bias=False), 'self_attn.o_proj': Linear(in_features=3072, out_features=3072, bias=False), 'mlp.gate_proj': Linear(in_features=3072, out_features=8192, bias=False), 'mlp.up_proj': Linear(in_features=3072, out_features=8192, bias=False), 'mlp.down_proj': Linear(in_features=8192, out_features=3072, bias=False)}
2026-07-26 14:00:58.652 | INFO     | llmc.compression.quantization.base_blockwise_quantization:block_transform:484 - Start transform the 0-th block
2026-07-26 14:00:58.652 | INFO     | llmc.compression.quantization.base_blockwise_quantization:block_transform:484 - Start transform the 0-th block
2026-07-26 14:00:58.652 | INFO     | llmc.compression.quantization.base_blockwise_quantization:block_transform:493 - subset: {'layers': {'self_attn.q_proj': Linear(in_features=3072, out_features=3072, bias=False), 'self_attn.k_proj': Linear(in_features=3072, out_features=1024, bias=False), 'self_attn.v_proj': Linear(in_features=3072, out_features=1024, bias=False)}, 'prev_op': [LlamaRMSNorm((3072,), eps=1e-05)], 'input': ['self_attn.q_proj'], 'inspect': LlamaAttention(
  (q_proj): Linear(in_features=3072, out_features=3072, bias=False)
  (k_proj): Linear(in_features=3072, out_features=1024, bias=False)
  (v_proj): Linear(in_features=3072, out_features=1024, bias=False)
  (o_proj): Linear(in_features=3072, out_features=3072, bias=False)
), 'has_kwargs': True}
2026-07-26 14:00:58.652 | INFO     | llmc.compression.quantization.base_blockwise_quantization:block_transform:493 - subset: {'layers': {'self_attn.q_proj': Linear(in_features=3072, out_features=3072, bias=False), 'self_attn.k_proj': Linear(in_features=3072, out_features=1024, bias=False), 'self_attn.v_proj': Linear(in_features=3072, out_features=1024, bias=False)}, 'prev_op': [LlamaRMSNorm((3072,), eps=1e-05)], 'input': ['self_attn.q_proj'], 'inspect': LlamaAttention(
  (q_proj): Linear(in_features=3072, out_features=3072, bias=False)
  (k_proj): Linear(in_features=3072, out_features=1024, bias=False)
  (v_proj): Linear(in_features=3072, out_features=1024, bias=False)
  (o_proj): Linear(in_features=3072, out_features=3072, bias=False)
), 'has_kwargs': True}
2026-07-26 14:00:59.412 | INFO     | llmc.compression.quantization.gptq:update_layer_with_transformed_weights:184 - error 1732.5423583984375
2026-07-26 14:00:59.412 | INFO     | llmc.compression.quantization.gptq:update_layer_with_transformed_weights:184 - error 1732.5423583984375
2026-07-26 14:01:00.057 | INFO     | llmc.compression.quantization.gptq:update_layer_with_transformed_weights:184 - error 928.43896484375
2026-07-26 14:01:00.057 | INFO     | llmc.compression.quantization.gptq:update_layer_with_transformed_weights:184 - error 928.43896484375
2026-07-26 14:01:00.704 | INFO     | llmc.compression.quantization.gptq:update_layer_with_transformed_weights:184 - error 22.901531219482422
2026-07-26 14:01:00.704 | INFO     | llmc.compression.quantization.gptq:update_layer_with_transformed_weights:184 - error 22.901531219482422
2026-07-26 14:01:00.706 | INFO     | llmc.models.base_model:replace_module_subset:432 - replace >>> self_attn.q_proj in 0-th block
2026-07-26 14:01:00.706 | INFO     | llmc.models.base_model:replace_module_subset:432 - replace >>> self_attn.q_proj in 0-th block
2026-07-26 14:01:00.707 | INFO     | llmc.models.base_model:replace_module_subset:432 - replace >>> self_attn.k_proj in 0-th block
2026-07-26 14:01:00.707 | INFO     | llmc.models.base_model:replace_module_subset:432 - replace >>> self_attn.k_proj in 0-th block
2026-07-26 14:01:00.707 | INFO     | llmc.models.base_model:replace_module_subset:432 - replace >>> self_attn.v_proj in 0-th block
2026-07-26 14:01:00.707 | INFO     | llmc.models.base_model:replace_module_subset:432 - replace >>> self_attn.v_proj in 0-th block
2026-07-26 14:01:01.885 | INFO     | llmc.compression.quantization.base_blockwise_quantization:block_transform:493 - subset: {'layers': {'self_attn.o_proj': Linear(in_features=3072, out_features=3072, bias=False)}, 'prev_op': [Linear(in_features=3072, out_features=1024, bias=False)], 'input': ['self_attn.o_proj'], 'inspect': Linear(in_features=3072, out_features=3072, bias=False), 'has_kwargs': False}
2026-07-26 14:01:01.885 | INFO     | llmc.compression.quantization.base_blockwise_quantization:block_transform:493 - subset: {'layers': {'self_attn.o_proj': Linear(in_features=3072, out_features=3072, bias=False)}, 'prev_op': [Linear(in_features=3072, out_features=1024, bias=False)], 'input': ['self_attn.o_proj'], 'inspect': Linear(in_features=3072, out_features=3072, bias=False), 'has_kwargs': False}
2026-07-26 14:01:02.563 | INFO     | llmc.compression.quantization.gptq:update_layer_with_transformed_weights:184 - error 2.8015668392181396
2026-07-26 14:01:02.563 | INFO     | llmc.compression.quantization.gptq:update_layer_with_transformed_weights:184 - error 2.8015668392181396
2026-07-26 14:01:02.582 | INFO     | llmc.models.base_model:replace_module_subset:432 - replace >>> self_attn.o_proj in 0-th block
2026-07-26 14:01:02.582 | INFO     | llmc.models.base_model:replace_module_subset:432 - replace >>> self_attn.o_proj in 0-th block
2026-07-26 14:01:03.879 | INFO     | llmc.compression.quantization.base_blockwise_quantization:block_transform:493 - subset: {'layers': {'mlp.gate_proj': Linear(in_features=3072, out_features=8192, bias=False), 'mlp.up_proj': Linear(in_features=3072, out_features=8192, bias=False)}, 'prev_op': [LlamaRMSNorm((3072,), eps=1e-05)], 'input': ['mlp.gate_proj'], 'inspect': LlamaMLP(
  (gate_proj): Linear(in_features=3072, out_features=8192, bias=False)
  (up_proj): Linear(in_features=3072, out_features=8192, bias=False)
  (down_proj): Linear(in_features=8192, out_features=3072, bias=False)
  (act_fn): SiLUActivation()
), 'has_kwargs': False, 'is_mlp': True}
2026-07-26 14:01:03.879 | INFO     | llmc.compression.quantization.base_blockwise_quantization:block_transform:493 - subset: {'layers': {'mlp.gate_proj': Linear(in_features=3072, out_features=8192, bias=False), 'mlp.up_proj': Linear(in_features=3072, out_features=8192, bias=False)}, 'prev_op': [LlamaRMSNorm((3072,), eps=1e-05)], 'input': ['mlp.gate_proj'], 'inspect': LlamaMLP(
  (gate_proj): Linear(in_features=3072, out_features=8192, bias=False)
  (up_proj): Linear(in_features=3072, out_features=8192, bias=False)
  (down_proj): Linear(in_features=8192, out_features=3072, bias=False)
  (act_fn): SiLUActivation()
), 'has_kwargs': False, 'is_mlp': True}
2026-07-26 14:01:04.593 | INFO     | llmc.compression.quantization.gptq:update_layer_with_transformed_weights:184 - error 1363.8572998046875
2026-07-26 14:01:04.593 | INFO     | llmc.compression.quantization.gptq:update_layer_with_transformed_weights:184 - error 1363.8572998046875
2026-07-26 14:01:05.295 | INFO     | llmc.compression.quantization.gptq:update_layer_with_transformed_weights:184 - error 1217.1605224609375
2026-07-26 14:01:05.295 | INFO     | llmc.compression.quantization.gptq:update_layer_with_transformed_weights:184 - error 1217.1605224609375
2026-07-26 14:01:05.301 | INFO     | llmc.models.base_model:replace_module_subset:432 - replace >>> mlp.gate_proj in 0-th block
2026-07-26 14:01:05.301 | INFO     | llmc.models.base_model:replace_module_subset:432 - replace >>> mlp.gate_proj in 0-th block
2026-07-26 14:01:05.301 | INFO     | llmc.models.base_model:replace_module_subset:432 - replace >>> mlp.up_proj in 0-th block
2026-07-26 14:01:05.301 | INFO     | llmc.models.base_model:replace_module_subset:432 - replace >>> mlp.up_proj in 0-th block
2026-07-26 14:01:07.595 | INFO     | llmc.compression.quantization.base_blockwise_quantization:block_transform:493 - subset: {'layers': {'mlp.down_proj': Linear(in_features=8192, out_features=3072, bias=False)}, 'prev_op': [Linear(in_features=3072, out_features=8192, bias=False)], 'input': ['mlp.down_proj'], 'inspect': Linear(in_features=8192, out_features=3072, bias=False), 'has_kwargs': False, 'is_mlp': True}
2026-07-26 14:01:07.595 | INFO     | llmc.compression.quantization.base_blockwise_quantization:block_transform:493 - subset: {'layers': {'mlp.down_proj': Linear(in_features=8192, out_features=3072, bias=False)}, 'prev_op': [Linear(in_features=3072, out_features=8192, bias=False)], 'input': ['mlp.down_proj'], 'inspect': Linear(in_features=8192, out_features=3072, bias=False), 'has_kwargs': False, 'is_mlp': True}
2026-07-26 14:01:09.401 | INFO     | llmc.compression.quantization.gptq:update_layer_with_transformed_weights:184 - error 15.640182495117188
2026-07-26 14:01:09.401 | INFO     | llmc.compression.quantization.gptq:update_layer_with_transformed_weights:184 - error 15.640182495117188
2026-07-26 14:01:09.422 | INFO     | llmc.compression.quantization.base_blockwise_quantization:block_transform:523 - End transform the 0-th block
2026-07-26 14:01:09.422 | INFO     | llmc.compression.quantization.base_blockwise_quantization:block_transform:523 - End transform the 0-th block
2026-07-26 14:01:09.422 | INFO     | llmc.models.base_model:replace_module_subset:432 - replace >>> self_attn.q_proj in 0-th block
2026-07-26 14:01:09.422 | INFO     | llmc.models.base_model:replace_module_subset:432 - replace >>> self_attn.q_proj in 0-th block
2026-07-26 14:01:09.422 | INFO     | llmc.models.base_model:replace_module_subset:432 - replace >>> self_attn.k_proj in 0-th block
2026-07-26 14:01:09.422 | INFO     | llmc.models.base_model:replace_module_subset:432 - replace >>> self_attn.k_proj in 0-th block
2026-07-26 14:01:09.422 | INFO     | llmc.models.base_model:replace_module_subset:432 - replace >>> self_attn.v_proj in 0-th block
2026-07-26 14:01:09.422 | INFO     | llmc.models.base_model:replace_module_subset:432 - replace >>> self_attn.v_proj in 0-th block
2026-07-26 14:01:09.422 | INFO     | llmc.models.base_model:replace_module_subset:432 - replace >>> self_attn.o_proj in 0-th block
2026-07-26 14:01:09.422 | INFO     | llmc.models.base_model:replace_module_subset:432 - replace >>> self_attn.o_proj in 0-th block
2026-07-26 14:01:09.422 | INFO     | llmc.models.base_model:replace_module_subset:432 - replace >>> mlp.gate_proj in 0-th block
2026-07-26 14:01:09.422 | INFO     | llmc.models.base_model:replace_module_subset:432 - replace >>> mlp.gate_proj in 0-th block
2026-07-26 14:01:09.422 | INFO     | llmc.models.base_model:replace_module_subset:432 - replace >>> mlp.up_proj in 0-th block
2026-07-26 14:01:09.422 | INFO     | llmc.models.base_model:replace_module_subset:432 - replace >>> mlp.up_proj in 0-th block
2026-07-26 14:01:09.422 | INFO     | llmc.models.base_model:replace_module_subset:432 - replace >>> mlp.down_proj in 0-th block
2026-07-26 14:01:09.422 | INFO     | llmc.models.base_model:replace_module_subset:432 - replace >>> mlp.down_proj in 0-th block
2026-07-26 14:01:10.748 | INFO     | llmc.compression.blockwise_optimization:run_block_loop:36 - 
block index: 1/28 
block: LlamaDecoderLayer(
  (self_attn): LlamaAttention(
    (q_proj): Linear(in_features=3072, out_features=3072, bias=False)
    (k_proj): Linear(in_features=3072, out_features=1024, bias=False)
    (v_proj): Linear(in_features=3072, out_features=1024, bias=False)
    (o_proj): Linear(in_features=3072, out_features=3072, bias=False)
  )
  (mlp): LlamaMLP(
    (gate_proj): Linear(in_features=3072, out_features=8192, bias=False)
    (up_proj): Linear(in_features=3072, out_features=8192, bias=False)
    (down_proj): Linear(in_features=8192, out_features=3072, bias=False)
    (act_fn): SiLUActivation()
  )
  (input_layernorm): LlamaRMSNorm((3072,), eps=1e-05)
  (post_attention_layernorm): LlamaRMSNorm((3072,), eps=1e-05)
)
2026-07-26 14:01:10.748 | INFO     | llmc.compression.blockwise_optimization:run_block_loop:36 - 
block index: 1/28 
block: LlamaDecoderLayer(
  (self_attn): LlamaAttention(
    (q_proj): Linear(in_features=3072, out_features=3072, bias=False)
    (k_proj): Linear(in_features=3072, out_features=1024, bias=False)
    (v_proj): Linear(in_features=3072, out_features=1024, bias=False)
    (o_proj): Linear(in_features=3072, out_features=3072, bias=False)
  )
  (mlp): LlamaMLP(
    (gate_proj): Linear(in_features=3072, out_features=8192, bias=False)
    (up_proj): Linear(in_features=3072, out_features=8192, bias=False)
    (down_proj): Linear(in_features=8192, out_features=3072, bias=False)
    (act_fn): SiLUActivation()
  )
  (input_layernorm): LlamaRMSNorm((3072,), eps=1e-05)
  (post_attention_layernorm): LlamaRMSNorm((3072,), eps=1e-05)
)
2026-07-26 14:01:10.770 | INFO     | llmc.compression.quantization.base_blockwise_quantization:block_opt:416 - input_feat_modules: {'self_attn.q_proj': Linear(in_features=3072, out_features=3072, bias=False), 'self_attn.k_proj': Linear(in_features=3072, out_features=1024, bias=False), 'self_attn.v_proj': Linear(in_features=3072, out_features=1024, bias=False), 'self_attn.o_proj': Linear(in_features=3072, out_features=3072, bias=False), 'mlp.gate_proj': Linear(in_features=3072, out_features=8192, bias=False), 'mlp.up_proj': Linear(in_features=3072, out_features=8192, bias=False), 'mlp.down_proj': Linear(in_features=8192, out_features=3072, bias=False)}
2026-07-26 14:01:10.770 | INFO     | llmc.compression.quantization.base_blockwise_quantization:block_opt:416 - input_feat_modules: {'self_attn.q_proj': Linear(in_features=3072, out_features=3072, bias=False), 'self_attn.k_proj': Linear(in_features=3072, out_features=1024, bias=False), 'self_attn.v_proj': Linear(in_features=3072, out_features=1024, bias=False), 'self_attn.o_proj': Linear(in_features=3072, out_features=3072, bias=False), 'mlp.gate_proj': Linear(in_features=3072, out_features=8192, bias=False), 'mlp.up_proj': Linear(in_features=3072, out_features=8192, bias=False), 'mlp.down_proj': Linear(in_features=8192, out_features=3072, bias=False)}
2026-07-26 14:01:14.137 | INFO     | llmc.compression.quantization.base_blockwise_quantization:block_transform:484 - Start transform the 1-th block
2026-07-26 14:01:14.137 | INFO     | llmc.compression.quantization.base_blockwise_quantization:block_transform:484 - Start transform the 1-th block
2026-07-26 14:01:14.138 | INFO     | llmc.compression.quantization.base_blockwise_quantization:block_transform:493 - subset: {'layers': {'self_attn.q_proj': Linear(in_features=3072, out_features=3072, bias=False), 'self_attn.k_proj': Linear(in_features=3072, out_features=1024, bias=False), 'self_attn.v_proj': Linear(in_features=3072, out_features=1024, bias=False)}, 'prev_op': [LlamaRMSNorm((3072,), eps=1e-05)], 'input': ['self_attn.q_proj'], 'inspect': LlamaAttention(
  (q_proj): Linear(in_features=3072, out_features=3072, bias=False)
  (k_proj): Linear(in_features=3072, out_features=1024, bias=False)
  (v_proj): Linear(in_features=3072, out_features=1024, bias=False)
  (o_proj): Linear(in_features=3072, out_features=3072, bias=False)
), 'has_kwargs': True}
2026-07-26 14:01:14.138 | INFO     | llmc.compression.quantization.base_blockwise_quantization:block_transform:493 - subset: {'layers': {'self_attn.q_proj': Linear(in_features=3072, out_features=3072, bias=False), 'self_attn.k_proj': Linear(in_features=3072, out_features=1024, bias=False), 'self_attn.v_proj': Linear(in_features=3072, out_features=1024, bias=False)}, 'prev_op': [LlamaRMSNorm((3072,), eps=1e-05)], 'input': ['self_attn.q_proj'], 'inspect': LlamaAttention(
  (q_proj): Linear(in_features=3072, out_features=3072, bias=False)
  (k_proj): Linear(in_features=3072, out_features=1024, bias=False)
  (v_proj): Linear(in_features=3072, out_features=1024, bias=False)
  (o_proj): Linear(in_features=3072, out_features=3072, bias=False)
), 'has_kwargs': True}
2026-07-26 14:01:14.786 | INFO     | llmc.compression.quantization.gptq:update_layer_with_transformed_weights:184 - error 1353.43701171875
2026-07-26 14:01:14.786 | INFO     | llmc.compression.quantization.gptq:update_layer_with_transformed_weights:184 - error 1353.43701171875
2026-07-26 14:01:15.423 | INFO     | llmc.compression.quantization.gptq:update_layer_with_transformed_weights:184 - error 845.5973510742188
2026-07-26 14:01:15.423 | INFO     | llmc.compression.quantization.gptq:update_layer_with_transformed_weights:184 - error 845.5973510742188
2026-07-26 14:01:16.061 | INFO     | llmc.compression.quantization.gptq:update_layer_with_transformed_weights:184 - error 70.33195495605469
2026-07-26 14:01:16.061 | INFO     | llmc.compression.quantization.gptq:update_layer_with_transformed_weights:184 - error 70.33195495605469
2026-07-26 14:01:16.064 | INFO     | llmc.models.base_model:replace_module_subset:432 - replace >>> self_attn.q_proj in 1-th block
2026-07-26 14:01:16.064 | INFO     | llmc.models.base_model:replace_module_subset:432 - replace >>> self_attn.q_proj in 1-th block
2026-07-26 14:01:16.064 | INFO     | llmc.models.base_model:replace_module_subset:432 - replace >>> self_attn.k_proj in 1-th block
2026-07-26 14:01:16.064 | INFO     | llmc.models.base_model:replace_module_subset:432 - replace >>> self_attn.k_proj in 1-th block
2026-07-26 14:01:16.064 | INFO     | llmc.models.base_model:replace_module_subset:432 - replace >>> self_attn.v_proj in 1-th block
2026-07-26 14:01:16.064 | INFO     | llmc.models.base_model:replace_module_subset:432 - replace >>> self_attn.v_proj in 1-th block
2026-07-26 14:01:17.200 | INFO     | llmc.compression.quantization.base_blockwise_quantization:block_transform:493 - subset: {'layers': {'self_attn.o_proj': Linear(in_features=3072, out_features=3072, bias=False)}, 'prev_op': [Linear(in_features=3072, out_features=1024, bias=False)], 'input': ['self_attn.o_proj'], 'inspect': Linear(in_features=3072, out_features=3072, bias=False), 'has_kwargs': False}
2026-07-26 14:01:17.200 | INFO     | llmc.compression.quantization.base_blockwise_quantization:block_transform:493 - subset: {'layers': {'self_attn.o_proj': Linear(in_features=3072, out_features=3072, bias=False)}, 'prev_op': [Linear(in_features=3072, out_features=1024, bias=False)], 'input': ['self_attn.o_proj'], 'inspect': Linear(in_features=3072, out_features=3072, bias=False), 'has_kwargs': False}
2026-07-26 14:01:17.846 | INFO     | llmc.compression.quantization.gptq:update_layer_with_transformed_weights:184 - error 8.331012725830078
2026-07-26 14:01:17.846 | INFO     | llmc.compression.quantization.gptq:update_layer_with_transformed_weights:184 - error 8.331012725830078
2026-07-26 14:01:17.849 | INFO     | llmc.models.base_model:replace_module_subset:432 - replace >>> self_attn.o_proj in 1-th block
2026-07-26 14:01:17.849 | INFO     | llmc.models.base_model:replace_module_subset:432 - replace >>> self_attn.o_proj in 1-th block
2026-07-26 14:01:19.146 | INFO     | llmc.compression.quantization.base_blockwise_quantization:block_transform:493 - subset: {'layers': {'mlp.gate_proj': Linear(in_features=3072, out_features=8192, bias=False), 'mlp.up_proj': Linear(in_features=3072, out_features=8192, bias=False)}, 'prev_op': [LlamaRMSNorm((3072,), eps=1e-05)], 'input': ['mlp.gate_proj'], 'inspect': LlamaMLP(
  (gate_proj): Linear(in_features=3072, out_features=8192, bias=False)
  (up_proj): Linear(in_features=3072, out_features=8192, bias=False)
  (down_proj): Linear(in_features=8192, out_features=3072, bias=False)
  (act_fn): SiLUActivation()
), 'has_kwargs': False, 'is_mlp': True}
2026-07-26 14:01:19.146 | INFO     | llmc.compression.quantization.base_blockwise_quantization:block_transform:493 - subset: {'layers': {'mlp.gate_proj': Linear(in_features=3072, out_features=8192, bias=False), 'mlp.up_proj': Linear(in_features=3072, out_features=8192, bias=False)}, 'prev_op': [LlamaRMSNorm((3072,), eps=1e-05)], 'input': ['mlp.gate_proj'], 'inspect': LlamaMLP(
  (gate_proj): Linear(in_features=3072, out_features=8192, bias=False)
  (up_proj): Linear(in_features=3072, out_features=8192, bias=False)
  (down_proj): Linear(in_features=8192, out_features=3072, bias=False)
  (act_fn): SiLUActivation()
), 'has_kwargs': False, 'is_mlp': True}
2026-07-26 14:01:19.798 | INFO     | llmc.compression.quantization.gptq:update_layer_with_transformed_weights:184 - error 1899.0374755859375
2026-07-26 14:01:19.798 | INFO     | llmc.compression.quantization.gptq:update_layer_with_transformed_weights:184 - error 1899.0374755859375
2026-07-26 14:01:20.456 | INFO     | llmc.compression.quantization.gptq:update_layer_with_transformed_weights:184 - error 1661.9664306640625
2026-07-26 14:01:20.456 | INFO     | llmc.compression.quantization.gptq:update_layer_with_transformed_weights:184 - error 1661.9664306640625
2026-07-26 14:01:20.464 | INFO     | llmc.models.base_model:replace_module_subset:432 - replace >>> mlp.gate_proj in 1-th block
2026-07-26 14:01:20.464 | INFO     | llmc.models.base_model:replace_module_subset:432 - replace >>> mlp.gate_proj in 1-th block
2026-07-26 14:01:20.464 | INFO     | llmc.models.base_model:replace_module_subset:432 - replace >>> mlp.up_proj in 1-th block
2026-07-26 14:01:20.464 | INFO     | llmc.models.base_model:replace_module_subset:432 - replace >>> mlp.up_proj in 1-th block
2026-07-26 14:01:22.761 | INFO     | llmc.compression.quantization.base_blockwise_quantization:block_transform:493 - subset: {'layers': {'mlp.down_proj': Linear(in_features=8192, out_features=3072, bias=False)}, 'prev_op': [Linear(in_features=3072, out_features=8192, bias=False)], 'input': ['mlp.down_proj'], 'inspect': Linear(in_features=8192, out_features=3072, bias=False), 'has_kwargs': False, 'is_mlp': True}
2026-07-26 14:01:22.761 | INFO     | llmc.compression.quantization.base_blockwise_quantization:block_transform:493 - subset: {'layers': {'mlp.down_proj': Linear(in_features=8192, out_features=3072, bias=False)}, 'prev_op': [Linear(in_features=3072, out_features=8192, bias=False)], 'input': ['mlp.down_proj'], 'inspect': Linear(in_features=8192, out_features=3072, bias=False), 'has_kwargs': False, 'is_mlp': True}
2026-07-26 14:01:24.669 | INFO     | llmc.compression.quantization.gptq:update_layer_with_transformed_weights:184 - error 149.23634338378906
2026-07-26 14:01:24.669 | INFO     | llmc.compression.quantization.gptq:update_layer_with_transformed_weights:184 - error 149.23634338378906
2026-07-26 14:01:24.683 | INFO     | llmc.compression.quantization.base_blockwise_quantization:block_transform:523 - End transform the 1-th block
2026-07-26 14:01:24.683 | INFO     | llmc.compression.quantization.base_blockwise_quantization:block_transform:523 - End transform the 1-th block
2026-07-26 14:01:24.683 | INFO     | llmc.models.base_model:replace_module_subset:432 - replace >>> self_attn.q_proj in 1-th block
2026-07-26 14:01:24.683 | INFO     | llmc.models.base_model:replace_module_subset:432 - replace >>> self_attn.q_proj in 1-th block
2026-07-26 14:01:24.683 | INFO     | llmc.models.base_model:replace_module_subset:432 - replace >>> self_attn.k_proj in 1-th block
2026-07-26 14:01:24.683 | INFO     | llmc.models.base_model:replace_module_subset:432 - replace >>> self_attn.k_proj in 1-th block
2026-07-26 14:01:24.683 | INFO     | llmc.models.base_model:replace_module_subset:432 - replace >>> self_attn.v_proj in 1-th block
2026-07-26 14:01:24.683 | INFO     | llmc.models.base_model:replace_module_subset:432 - replace >>> self_attn.v_proj in 1-th block
2026-07-26 14:01:24.683 | INFO     | llmc.models.base_model:replace_module_subset:432 - replace >>> self_attn.o_proj in 1-th block
2026-07-26 14:01:24.683 | INFO     | llmc.models.base_model:replace_module_subset:432 - replace >>> self_attn.o_proj in 1-th block
2026-07-26 14:01:24.683 | INFO     | llmc.models.base_model:replace_module_subset:432 - replace >>> mlp.gate_proj in 1-th block
2026-07-26 14:01:24.683 | INFO     | llmc.models.base_model:replace_module_subset:432 - replace >>> mlp.gate_proj in 1-th block
2026-07-26 14:01:24.683 | INFO     | llmc.models.base_model:replace_module_subset:432 - replace >>> mlp.up_proj in 1-th block
2026-07-26 14:01:24.683 | INFO     | llmc.models.base_model:replace_module_subset:432 - replace >>> mlp.up_proj in 1-th block
2026-07-26 14:01:24.683 | INFO     | llmc.models.base_model:replace_module_subset:432 - replace >>> mlp.down_proj in 1-th block
2026-07-26 14:01:24.683 | INFO     | llmc.models.base_model:replace_module_subset:432 - replace >>> mlp.down_proj in 1-th block
2026-07-26 14:01:26.048 | INFO     | llmc.compression.blockwise_optimization:run_block_loop:36 - 
block index: 2/28 
block: LlamaDecoderLayer(
  (self_attn): LlamaAttention(
    (q_proj): Linear(in_features=3072, out_features=3072, bias=False)
    (k_proj): Linear(in_features=3072, out_features=1024, bias=False)
    (v_proj): Linear(in_features=3072, out_features=1024, bias=False)
    (o_proj): Linear(in_features=3072, out_features=3072, bias=False)
  )
  (mlp): LlamaMLP(
    (gate_proj): Linear(in_features=3072, out_features=8192, bias=False)
    (up_proj): Linear(in_features=3072, out_features=8192, bias=False)
    (down_proj): Linear(in_features=8192, out_features=3072, bias=False)
    (act_fn): SiLUActivation()
  )
  (input_layernorm): LlamaRMSNorm((3072,), eps=1e-05)
  (post_attention_layernorm): LlamaRMSNorm((3072,), eps=1e-05)
)
2026-07-26 14:01:26.048 | INFO     | llmc.compression.blockwise_optimization:run_block_loop:36 - 
block index: 2/28 
block: LlamaDecoderLayer(
  (self_attn): LlamaAttention(
    (q_proj): Linear(in_features=3072, out_features=3072, bias=False)
    (k_proj): Linear(in_features=3072, out_features=1024, bias=False)
    (v_proj): Linear(in_features=3072, out_features=1024, bias=False)
    (o_proj): Linear(in_features=3072, out_features=3072, bias=False)
  )
  (mlp): LlamaMLP(
    (gate_proj): Linear(in_features=3072, out_features=8192, bias=False)
    (up_proj): Linear(in_features=3072, out_features=8192, bias=False)
    (down_proj): Linear(in_features=8192, out_features=3072, bias=False)
    (act_fn): SiLUActivation()
  )
  (input_layernorm): LlamaRMSNorm((3072,), eps=1e-05)
  (post_attention_layernorm): LlamaRMSNorm((3072,), eps=1e-05)
)
2026-07-26 14:01:26.070 | INFO     | llmc.compression.quantization.base_blockwise_quantization:block_opt:416 - input_feat_modules: {'self_attn.q_proj': Linear(in_features=3072, out_features=3072, bias=False), 'self_attn.k_proj': Linear(in_features=3072, out_features=1024, bias=False), 'self_attn.v_proj': Linear(in_features=3072, out_features=1024, bias=False), 'self_attn.o_proj': Linear(in_features=3072, out_features=3072, bias=False), 'mlp.gate_proj': Linear(in_features=3072, out_features=8192, bias=False), 'mlp.up_proj': Linear(in_features=3072, out_features=8192, bias=False), 'mlp.down_proj': Linear(in_features=8192, out_features=3072, bias=False)}
2026-07-26 14:01:26.070 | INFO     | llmc.compression.quantization.base_blockwise_quantization:block_opt:416 - input_feat_modules: {'self_attn.q_proj': Linear(in_features=3072, out_features=3072, bias=False), 'self_attn.k_proj': Linear(in_features=3072, out_features=1024, bias=False), 'self_attn.v_proj': Linear(in_features=3072, out_features=1024, bias=False), 'self_attn.o_proj': Linear(in_features=3072, out_features=3072, bias=False), 'mlp.gate_proj': Linear(in_features=3072, out_features=8192, bias=False), 'mlp.up_proj': Linear(in_features=3072, out_features=8192, bias=False), 'mlp.down_proj': Linear(in_features=8192, out_features=3072, bias=False)}
2026-07-26 14:01:29.525 | INFO     | llmc.compression.quantization.base_blockwise_quantization:block_transform:484 - Start transform the 2-th block
2026-07-26 14:01:29.525 | INFO     | llmc.compression.quantization.base_blockwise_quantization:block_transform:484 - Start transform the 2-th block
2026-07-26 14:01:29.525 | INFO     | llmc.compression.quantization.base_blockwise_quantization:block_transform:493 - subset: {'layers': {'self_attn.q_proj': Linear(in_features=3072, out_features=3072, bias=False), 'self_attn.k_proj': Linear(in_features=3072, out_features=1024, bias=False), 'self_attn.v_proj': Linear(in_features=3072, out_features=1024, bias=False)}, 'prev_op': [LlamaRMSNorm((3072,), eps=1e-05)], 'input': ['self_attn.q_proj'], 'inspect': LlamaAttention(
  (q_proj): Linear(in_features=3072, out_features=3072, bias=False)
  (k_proj): Linear(in_features=3072, out_features=1024, bias=False)
  (v_proj): Linear(in_features=3072, out_features=1024, bias=False)
  (o_proj): Linear(in_features=3072, out_features=3072, bias=False)
), 'has_kwargs': True}
2026-07-26 14:01:29.525 | INFO     | llmc.compression.quantization.base_blockwise_quantization:block_transform:493 - subset: {'layers': {'self_attn.q_proj': Linear(in_features=3072, out_features=3072, bias=False), 'self_attn.k_proj': Linear(in_features=3072, out_features=1024, bias=False), 'self_attn.v_proj': Linear(in_features=3072, out_features=1024, bias=False)}, 'prev_op': [LlamaRMSNorm((3072,), eps=1e-05)], 'input': ['self_attn.q_proj'], 'inspect': LlamaAttention(
  (q_proj): Linear(in_features=3072, out_features=3072, bias=False)
  (k_proj): Linear(in_features=3072, out_features=1024, bias=False)
  (v_proj): Linear(in_features=3072, out_features=1024, bias=False)
  (o_proj): Linear(in_features=3072, out_features=3072, bias=False)
), 'has_kwargs': True}
2026-07-26 14:01:30.793 | INFO     | llmc.compression.quantization.gptq:update_layer_with_transformed_weights:184 - error 7316.47265625
2026-07-26 14:01:30.793 | INFO     | llmc.compression.quantization.gptq:update_layer_with_transformed_weights:184 - error 7316.47265625
2026-07-26 14:01:31.983 | INFO     | llmc.compression.quantization.gptq:update_layer_with_transformed_weights:184 - error 4725.466796875
2026-07-26 14:01:31.983 | INFO     | llmc.compression.quantization.gptq:update_layer_with_transformed_weights:184 - error 4725.466796875
2026-07-26 14:01:32.704 | INFO     | llmc.compression.quantization.gptq:update_layer_with_transformed_weights:184 - error 386.30810546875
2026-07-26 14:01:32.704 | INFO     | llmc.compression.quantization.gptq:update_layer_with_transformed_weights:184 - error 386.30810546875
2026-07-26 14:01:32.707 | INFO     | llmc.models.base_model:replace_module_subset:432 - replace >>> self_attn.q_proj in 2-th block
2026-07-26 14:01:32.707 | INFO     | llmc.models.base_model:replace_module_subset:432 - replace >>> self_attn.q_proj in 2-th block
2026-07-26 14:01:32.707 | INFO     | llmc.models.base_model:replace_module_subset:432 - replace >>> self_attn.k_proj in 2-th block
2026-07-26 14:01:32.707 | INFO     | llmc.models.base_model:replace_module_subset:432 - replace >>> self_attn.k_proj in 2-th block
2026-07-26 14:01:32.707 | INFO     | llmc.models.base_model:replace_module_subset:432 - replace >>> self_attn.v_proj in 2-th block
2026-07-26 14:01:32.707 | INFO     | llmc.models.base_model:replace_module_subset:432 - replace >>> self_attn.v_proj in 2-th block
2026-07-26 14:01:33.945 | INFO     | llmc.compression.quantization.base_blockwise_quantization:block_transform:493 - subset: {'layers': {'self_attn.o_proj': Linear(in_features=3072, out_features=3072, bias=False)}, 'prev_op': [Linear(in_features=3072, out_features=1024, bias=False)], 'input': ['self_attn.o_proj'], 'inspect': Linear(in_features=3072, out_features=3072, bias=False), 'has_kwargs': False}
2026-07-26 14:01:33.945 | INFO     | llmc.compression.quantization.base_blockwise_quantization:block_transform:493 - subset: {'layers': {'self_attn.o_proj': Linear(in_features=3072, out_features=3072, bias=False)}, 'prev_op': [Linear(in_features=3072, out_features=1024, bias=False)], 'input': ['self_attn.o_proj'], 'inspect': Linear(in_features=3072, out_features=3072, bias=False), 'has_kwargs': False}
2026-07-26 14:01:34.891 | INFO     | llmc.compression.quantization.gptq:update_layer_with_transformed_weights:184 - error 12.048263549804688
2026-07-26 14:01:34.891 | INFO     | llmc.compression.quantization.gptq:update_layer_with_transformed_weights:184 - error 12.048263549804688
2026-07-26 14:01:34.911 | INFO     | llmc.models.base_model:replace_module_subset:432 - replace >>> self_attn.o_proj in 2-th block
2026-07-26 14:01:34.911 | INFO     | llmc.models.base_model:replace_module_subset:432 - replace >>> self_attn.o_proj in 2-th block
2026-07-26 14:01:36.222 | INFO     | llmc.compression.quantization.base_blockwise_quantization:block_transform:493 - subset: {'layers': {'mlp.gate_proj': Linear(in_features=3072, out_features=8192, bias=False), 'mlp.up_proj': Linear(in_features=3072, out_features=8192, bias=False)}, 'prev_op': [LlamaRMSNorm((3072,), eps=1e-05)], 'input': ['mlp.gate_proj'], 'inspect': LlamaMLP(
  (gate_proj): Linear(in_features=3072, out_features=8192, bias=False)
  (up_proj): Linear(in_features=3072, out_features=8192, bias=False)
  (down_proj): Linear(in_features=8192, out_features=3072, bias=False)
  (act_fn): SiLUActivation()
), 'has_kwargs': False, 'is_mlp': True}
2026-07-26 14:01:36.222 | INFO     | llmc.compression.quantization.base_blockwise_quantization:block_transform:493 - subset: {'layers': {'mlp.gate_proj': Linear(in_features=3072, out_features=8192, bias=False), 'mlp.up_proj': Linear(in_features=3072, out_features=8192, bias=False)}, 'prev_op': [LlamaRMSNorm((3072,), eps=1e-05)], 'input': ['mlp.gate_proj'], 'inspect': LlamaMLP(
  (gate_proj): Linear(in_features=3072, out_features=8192, bias=False)
  (up_proj): Linear(in_features=3072, out_features=8192, bias=False)
  (down_proj): Linear(in_features=8192, out_features=3072, bias=False)
  (act_fn): SiLUActivation()
), 'has_kwargs': False, 'is_mlp': True}
2026-07-26 14:01:37.125 | INFO     | llmc.compression.quantization.gptq:update_layer_with_transformed_weights:184 - error 3106.458251953125
2026-07-26 14:01:37.125 | INFO     | llmc.compression.quantization.gptq:update_layer_with_transformed_weights:184 - error 3106.458251953125
2026-07-26 14:01:37.840 | INFO     | llmc.compression.quantization.gptq:update_layer_with_transformed_weights:184 - error 2631.238525390625
2026-07-26 14:01:37.840 | INFO     | llmc.compression.quantization.gptq:update_layer_with_transformed_weights:184 - error 2631.238525390625
2026-07-26 14:01:37.846 | INFO     | llmc.models.base_model:replace_module_subset:432 - replace >>> mlp.gate_proj in 2-th block
2026-07-26 14:01:37.846 | INFO     | llmc.models.base_model:replace_module_subset:432 - replace >>> mlp.gate_proj in 2-th block
2026-07-26 14:01:37.846 | INFO     | llmc.models.base_model:replace_module_subset:432 - replace >>> mlp.up_proj in 2-th block
2026-07-26 14:01:37.846 | INFO     | llmc.models.base_model:replace_module_subset:432 - replace >>> mlp.up_proj in 2-th block
2026-07-26 14:01:40.143 | INFO     | llmc.compression.quantization.base_blockwise_quantization:block_transform:493 - subset: {'layers': {'mlp.down_proj': Linear(in_features=8192, out_features=3072, bias=False)}, 'prev_op': [Linear(in_features=3072, out_features=8192, bias=False)], 'input': ['mlp.down_proj'], 'inspect': Linear(in_features=8192, out_features=3072, bias=False), 'has_kwargs': False, 'is_mlp': True}
2026-07-26 14:01:40.143 | INFO     | llmc.compression.quantization.base_blockwise_quantization:block_transform:493 - subset: {'layers': {'mlp.down_proj': Linear(in_features=8192, out_features=3072, bias=False)}, 'prev_op': [Linear(in_features=3072, out_features=8192, bias=False)], 'input': ['mlp.down_proj'], 'inspect': Linear(in_features=8192, out_features=3072, bias=False), 'has_kwargs': False, 'is_mlp': True}
2026-07-26 14:01:43.258 | INFO     | llmc.compression.quantization.gptq:update_layer_with_transformed_weights:184 - error 51.6280517578125
2026-07-26 14:01:43.258 | INFO     | llmc.compression.quantization.gptq:update_layer_with_transformed_weights:184 - error 51.6280517578125
2026-07-26 14:01:43.280 | INFO     | llmc.compression.quantization.base_blockwise_quantization:block_transform:523 - End transform the 2-th block
2026-07-26 14:01:43.280 | INFO     | llmc.compression.quantization.base_blockwise_quantization:block_transform:523 - End transform the 2-th block
2026-07-26 14:01:43.280 | INFO     | llmc.models.base_model:replace_module_subset:432 - replace >>> self_attn.q_proj in 2-th block
2026-07-26 14:01:43.280 | INFO     | llmc.models.base_model:replace_module_subset:432 - replace >>> self_attn.q_proj in 2-th block
2026-07-26 14:01:43.280 | INFO     | llmc.models.base_model:replace_module_subset:432 - replace >>> self_attn.k_proj in 2-th block
2026-07-26 14:01:43.280 | INFO     | llmc.models.base_model:replace_module_subset:432 - replace >>> self_attn.k_proj in 2-th block
2026-07-26 14:01:43.281 | INFO     | llmc.models.base_model:replace_module_subset:432 - replace >>> self_attn.v_proj in 2-th block
2026-07-26 14:01:43.281 | INFO     | llmc.models.base_model:replace_module_subset:432 - replace >>> self_attn.v_proj in 2-th block
2026-07-26 14:01:43.281 | INFO     | llmc.models.base_model:replace_module_subset:432 - replace >>> self_attn.o_proj in 2-th block
2026-07-26 14:01:43.281 | INFO     | llmc.models.base_model:replace_module_subset:432 - replace >>> self_attn.o_proj in 2-th block
2026-07-26 14:01:43.281 | INFO     | llmc.models.base_model:replace_module_subset:432 - replace >>> mlp.gate_proj in 2-th block
2026-07-26 14:01:43.281 | INFO     | llmc.models.base_model:replace_module_subset:432 - replace >>> mlp.gate_proj in 2-th block
2026-07-26 14:01:43.281 | INFO     | llmc.models.base_model:replace_module_subset:432 - replace >>> mlp.up_proj in 2-th block
2026-07-26 14:01:43.281 | INFO     | llmc.models.base_model:replace_module_subset:432 - replace >>> mlp.up_proj in 2-th block
2026-07-26 14:01:43.281 | INFO     | llmc.models.base_model:replace_module_subset:432 - replace >>> mlp.down_proj in 2-th block
2026-07-26 14:01:43.281 | INFO     | llmc.models.base_model:replace_module_subset:432 - replace >>> mlp.down_proj in 2-th block
2026-07-26 14:01:44.718 | INFO     | llmc.compression.blockwise_optimization:run_block_loop:36 - 
block index: 3/28 
block: LlamaDecoderLayer(
  (self_attn): LlamaAttention(
    (q_proj): Linear(in_features=3072, out_features=3072, bias=False)
    (k_proj): Linear(in_features=3072, out_features=1024, bias=False)
    (v_proj): Linear(in_features=3072, out_features=1024, bias=False)
    (o_proj): Linear(in_features=3072, out_features=3072, bias=False)
  )
  (mlp): LlamaMLP(
    (gate_proj): Linear(in_features=3072, out_features=8192, bias=False)
    (up_proj): Linear(in_features=3072, out_features=8192, bias=False)
    (down_proj): Linear(in_features=8192, out_features=3072, bias=False)
    (act_fn): SiLUActivation()
  )
  (input_layernorm): LlamaRMSNorm((3072,), eps=1e-05)
  (post_attention_layernorm): LlamaRMSNorm((3072,), eps=1e-05)
)
2026-07-26 14:01:44.718 | INFO     | llmc.compression.blockwise_optimization:run_block_loop:36 - 
block index: 3/28 
block: LlamaDecoderLayer(
  (self_attn): LlamaAttention(
    (q_proj): Linear(in_features=3072, out_features=3072, bias=False)
    (k_proj): Linear(in_features=3072, out_features=1024, bias=False)
    (v_proj): Linear(in_features=3072, out_features=1024, bias=False)
    (o_proj): Linear(in_features=3072, out_features=3072, bias=False)
  )
  (mlp): LlamaMLP(
    (gate_proj): Linear(in_features=3072, out_features=8192, bias=False)
    (up_proj): Linear(in_features=3072, out_features=8192, bias=False)
    (down_proj): Linear(in_features=8192, out_features=3072, bias=False)
    (act_fn): SiLUActivation()
  )
  (input_layernorm): LlamaRMSNorm((3072,), eps=1e-05)
  (post_attention_layernorm): LlamaRMSNorm((3072,), eps=1e-05)
)
2026-07-26 14:01:44.743 | INFO     | llmc.compression.quantization.base_blockwise_quantization:block_opt:416 - input_feat_modules: {'self_attn.q_proj': Linear(in_features=3072, out_features=3072, bias=False), 'self_attn.k_proj': Linear(in_features=3072, out_features=1024, bias=False), 'self_attn.v_proj': Linear(in_features=3072, out_features=1024, bias=False), 'self_attn.o_proj': Linear(in_features=3072, out_features=3072, bias=False), 'mlp.gate_proj': Linear(in_features=3072, out_features=8192, bias=False), 'mlp.up_proj': Linear(in_features=3072, out_features=8192, bias=False), 'mlp.down_proj': Linear(in_features=8192, out_features=3072, bias=False)}
2026-07-26 14:01:44.743 | INFO     | llmc.compression.quantization.base_blockwise_quantization:block_opt:416 - input_feat_modules: {'self_attn.q_proj': Linear(in_features=3072, out_features=3072, bias=False), 'self_attn.k_proj': Linear(in_features=3072, out_features=1024, bias=False), 'self_attn.v_proj': Linear(in_features=3072, out_features=1024, bias=False), 'self_attn.o_proj': Linear(in_features=3072, out_features=3072, bias=False), 'mlp.gate_proj': Linear(in_features=3072, out_features=8192, bias=False), 'mlp.up_proj': Linear(in_features=3072, out_features=8192, bias=False), 'mlp.down_proj': Linear(in_features=8192, out_features=3072, bias=False)}
2026-07-26 14:01:48.179 | INFO     | llmc.compression.quantization.base_blockwise_quantization:block_transform:484 - Start transform the 3-th block
2026-07-26 14:01:48.179 | INFO     | llmc.compression.quantization.base_blockwise_quantization:block_transform:484 - Start transform the 3-th block
2026-07-26 14:01:48.179 | INFO     | llmc.compression.quantization.base_blockwise_quantization:block_transform:493 - subset: {'layers': {'self_attn.q_proj': Linear(in_features=3072, out_features=3072, bias=False), 'self_attn.k_proj': Linear(in_features=3072, out_features=1024, bias=False), 'self_attn.v_proj': Linear(in_features=3072, out_features=1024, bias=False)}, 'prev_op': [LlamaRMSNorm((3072,), eps=1e-05)], 'input': ['self_attn.q_proj'], 'inspect': LlamaAttention(
  (q_proj): Linear(in_features=3072, out_features=3072, bias=False)
  (k_proj): Linear(in_features=3072, out_features=1024, bias=False)
  (v_proj): Linear(in_features=3072, out_features=1024, bias=False)
  (o_proj): Linear(in_features=3072, out_features=3072, bias=False)
), 'has_kwargs': True}
2026-07-26 14:01:48.179 | INFO     | llmc.compression.quantization.base_blockwise_quantization:block_transform:493 - subset: {'layers': {'self_attn.q_proj': Linear(in_features=3072, out_features=3072, bias=False), 'self_attn.k_proj': Linear(in_features=3072, out_features=1024, bias=False), 'self_attn.v_proj': Linear(in_features=3072, out_features=1024, bias=False)}, 'prev_op': [LlamaRMSNorm((3072,), eps=1e-05)], 'input': ['self_attn.q_proj'], 'inspect': LlamaAttention(
  (q_proj): Linear(in_features=3072, out_features=3072, bias=False)
  (k_proj): Linear(in_features=3072, out_features=1024, bias=False)
  (v_proj): Linear(in_features=3072, out_features=1024, bias=False)
  (o_proj): Linear(in_features=3072, out_features=3072, bias=False)
), 'has_kwargs': True}
2026-07-26 14:01:49.447 | INFO     | llmc.compression.quantization.gptq:update_layer_with_transformed_weights:184 - error 6408.330078125
2026-07-26 14:01:49.447 | INFO     | llmc.compression.quantization.gptq:update_layer_with_transformed_weights:184 - error 6408.330078125
2026-07-26 14:01:50.701 | INFO     | llmc.compression.quantization.gptq:update_layer_with_transformed_weights:184 - error 3578.4541015625
2026-07-26 14:01:50.701 | INFO     | llmc.compression.quantization.gptq:update_layer_with_transformed_weights:184 - error 3578.4541015625
2026-07-26 14:01:51.875 | INFO     | llmc.compression.quantization.gptq:update_layer_with_transformed_weights:184 - error 603.8751220703125
2026-07-26 14:01:51.875 | INFO     | llmc.compression.quantization.gptq:update_layer_with_transformed_weights:184 - error 603.8751220703125
2026-07-26 14:01:51.878 | INFO     | llmc.models.base_model:replace_module_subset:432 - replace >>> self_attn.q_proj in 3-th block
2026-07-26 14:01:51.878 | INFO     | llmc.models.base_model:replace_module_subset:432 - replace >>> self_attn.q_proj in 3-th block
2026-07-26 14:01:51.878 | INFO     | llmc.models.base_model:replace_module_subset:432 - replace >>> self_attn.k_proj in 3-th block
2026-07-26 14:01:51.878 | INFO     | llmc.models.base_model:replace_module_subset:432 - replace >>> self_attn.k_proj in 3-th block
2026-07-26 14:01:51.878 | INFO     | llmc.models.base_model:replace_module_subset:432 - replace >>> self_attn.v_proj in 3-th block
2026-07-26 14:01:51.878 | INFO     | llmc.models.base_model:replace_module_subset:432 - replace >>> self_attn.v_proj in 3-th block
2026-07-26 14:01:53.150 | INFO     | llmc.compression.quantization.base_blockwise_quantization:block_transform:493 - subset: {'layers': {'self_attn.o_proj': Linear(in_features=3072, out_features=3072, bias=False)}, 'prev_op': [Linear(in_features=3072, out_features=1024, bias=False)], 'input': ['self_attn.o_proj'], 'inspect': Linear(in_features=3072, out_features=3072, bias=False), 'has_kwargs': False}
2026-07-26 14:01:53.150 | INFO     | llmc.compression.quantization.base_blockwise_quantization:block_transform:493 - subset: {'layers': {'self_attn.o_proj': Linear(in_features=3072, out_features=3072, bias=False)}, 'prev_op': [Linear(in_features=3072, out_features=1024, bias=False)], 'input': ['self_attn.o_proj'], 'inspect': Linear(in_features=3072, out_features=3072, bias=False), 'has_kwargs': False}
2026-07-26 14:01:54.404 | INFO     | llmc.compression.quantization.gptq:update_layer_with_transformed_weights:184 - error 19.66653823852539
2026-07-26 14:01:54.404 | INFO     | llmc.compression.quantization.gptq:update_layer_with_transformed_weights:184 - error 19.66653823852539
2026-07-26 14:01:54.408 | INFO     | llmc.models.base_model:replace_module_subset:432 - replace >>> self_attn.o_proj in 3-th block
2026-07-26 14:01:54.408 | INFO     | llmc.models.base_model:replace_module_subset:432 - replace >>> self_attn.o_proj in 3-th block
2026-07-26 14:01:55.713 | INFO     | llmc.compression.quantization.base_blockwise_quantization:block_transform:493 - subset: {'layers': {'mlp.gate_proj': Linear(in_features=3072, out_features=8192, bias=False), 'mlp.up_proj': Linear(in_features=3072, out_features=8192, bias=False)}, 'prev_op': [LlamaRMSNorm((3072,), eps=1e-05)], 'input': ['mlp.gate_proj'], 'inspect': LlamaMLP(
  (gate_proj): Linear(in_features=3072, out_features=8192, bias=False)
  (up_proj): Linear(in_features=3072, out_features=8192, bias=False)
  (down_proj): Linear(in_features=8192, out_features=3072, bias=False)
  (act_fn): SiLUActivation()
), 'has_kwargs': False, 'is_mlp': True}
2026-07-26 14:01:55.713 | INFO     | llmc.compression.quantization.base_blockwise_quantization:block_transform:493 - subset: {'layers': {'mlp.gate_proj': Linear(in_features=3072, out_features=8192, bias=False), 'mlp.up_proj': Linear(in_features=3072, out_features=8192, bias=False)}, 'prev_op': [LlamaRMSNorm((3072,), eps=1e-05)], 'input': ['mlp.gate_proj'], 'inspect': LlamaMLP(
  (gate_proj): Linear(in_features=3072, out_features=8192, bias=False)
  (up_proj): Linear(in_features=3072, out_features=8192, bias=False)
  (down_proj): Linear(in_features=8192, out_features=3072, bias=False)
  (act_fn): SiLUActivation()
), 'has_kwargs': False, 'is_mlp': True}
2026-07-26 14:01:56.819 | INFO     | llmc.compression.quantization.gptq:update_layer_with_transformed_weights:184 - error 4478.29345703125
2026-07-26 14:01:56.819 | INFO     | llmc.compression.quantization.gptq:update_layer_with_transformed_weights:184 - error 4478.29345703125
2026-07-26 14:01:57.806 | INFO     | llmc.compression.quantization.gptq:update_layer_with_transformed_weights:184 - error 3392.19677734375
2026-07-26 14:01:57.806 | INFO     | llmc.compression.quantization.gptq:update_layer_with_transformed_weights:184 - error 3392.19677734375
2026-07-26 14:01:57.812 | INFO     | llmc.models.base_model:replace_module_subset:432 - replace >>> mlp.gate_proj in 3-th block
2026-07-26 14:01:57.812 | INFO     | llmc.models.base_model:replace_module_subset:432 - replace >>> mlp.gate_proj in 3-th block
2026-07-26 14:01:57.812 | INFO     | llmc.models.base_model:replace_module_subset:432 - replace >>> mlp.up_proj in 3-th block
2026-07-26 14:01:57.812 | INFO     | llmc.models.base_model:replace_module_subset:432 - replace >>> mlp.up_proj in 3-th block
2026-07-26 14:02:00.138 | INFO     | llmc.compression.quantization.base_blockwise_quantization:block_transform:493 - subset: {'layers': {'mlp.down_proj': Linear(in_features=8192, out_features=3072, bias=False)}, 'prev_op': [Linear(in_features=3072, out_features=8192, bias=False)], 'input': ['mlp.down_proj'], 'inspect': Linear(in_features=8192, out_features=3072, bias=False), 'has_kwargs': False, 'is_mlp': True}
2026-07-26 14:02:00.138 | INFO     | llmc.compression.quantization.base_blockwise_quantization:block_transform:493 - subset: {'layers': {'mlp.down_proj': Linear(in_features=8192, out_features=3072, bias=False)}, 'prev_op': [Linear(in_features=3072, out_features=8192, bias=False)], 'input': ['mlp.down_proj'], 'inspect': Linear(in_features=8192, out_features=3072, bias=False), 'has_kwargs': False, 'is_mlp': True}
2026-07-26 14:02:03.008 | INFO     | llmc.compression.quantization.gptq:update_layer_with_transformed_weights:184 - error 82.45387268066406
2026-07-26 14:02:03.008 | INFO     | llmc.compression.quantization.gptq:update_layer_with_transformed_weights:184 - error 82.45387268066406
2026-07-26 14:02:03.021 | INFO     | llmc.compression.quantization.base_blockwise_quantization:block_transform:523 - End transform the 3-th block
2026-07-26 14:02:03.021 | INFO     | llmc.compression.quantization.base_blockwise_quantization:block_transform:523 - End transform the 3-th block
2026-07-26 14:02:03.021 | INFO     | llmc.models.base_model:replace_module_subset:432 - replace >>> self_attn.q_proj in 3-th block
2026-07-26 14:02:03.021 | INFO     | llmc.models.base_model:replace_module_subset:432 - replace >>> self_attn.q_proj in 3-th block
2026-07-26 14:02:03.022 | INFO     | llmc.models.base_model:replace_module_subset:432 - replace >>> self_attn.k_proj in 3-th block
2026-07-26 14:02:03.022 | INFO     | llmc.models.base_model:replace_module_subset:432 - replace >>> self_attn.k_proj in 3-th block
2026-07-26 14:02:03.022 | INFO     | llmc.models.base_model:replace_module_subset:432 - replace >>> self_attn.v_proj in 3-th block
2026-07-26 14:02:03.022 | INFO     | llmc.models.base_model:replace_module_subset:432 - replace >>> self_attn.v_proj in 3-th block
2026-07-26 14:02:03.022 | INFO     | llmc.models.base_model:replace_module_subset:432 - replace >>> self_attn.o_proj in 3-th block
2026-07-26 14:02:03.022 | INFO     | llmc.models.base_model:replace_module_subset:432 - replace >>> self_attn.o_proj in 3-th block
2026-07-26 14:02:03.022 | INFO     | llmc.models.base_model:replace_module_subset:432 - replace >>> mlp.gate_proj in 3-th block
2026-07-26 14:02:03.022 | INFO     | llmc.models.base_model:replace_module_subset:432 - replace >>> mlp.gate_proj in 3-th block
2026-07-26 14:02:03.022 | INFO     | llmc.models.base_model:replace_module_subset:432 - replace >>> mlp.up_proj in 3-th block
2026-07-26 14:02:03.022 | INFO     | llmc.models.base_model:replace_module_subset:432 - replace >>> mlp.up_proj in 3-th block
2026-07-26 14:02:03.022 | INFO     | llmc.models.base_model:replace_module_subset:432 - replace >>> mlp.down_proj in 3-th block
2026-07-26 14:02:03.022 | INFO     | llmc.models.base_model:replace_module_subset:432 - replace >>> mlp.down_proj in 3-th block
2026-07-26 14:02:04.453 | INFO     | llmc.compression.blockwise_optimization:run_block_loop:36 - 
block index: 4/28 
block: LlamaDecoderLayer(
  (self_attn): LlamaAttention(
    (q_proj): Linear(in_features=3072, out_features=3072, bias=False)
    (k_proj): Linear(in_features=3072, out_features=1024, bias=False)
    (v_proj): Linear(in_features=3072, out_features=1024, bias=False)
    (o_proj): Linear(in_features=3072, out_features=3072, bias=False)
  )
  (mlp): LlamaMLP(
    (gate_proj): Linear(in_features=3072, out_features=8192, bias=False)
    (up_proj): Linear(in_features=3072, out_features=8192, bias=False)
    (down_proj): Linear(in_features=8192, out_features=3072, bias=False)
    (act_fn): SiLUActivation()
  )
  (input_layernorm): LlamaRMSNorm((3072,), eps=1e-05)
  (post_attention_layernorm): LlamaRMSNorm((3072,), eps=1e-05)
)
2026-07-26 14:02:04.453 | INFO     | llmc.compression.blockwise_optimization:run_block_loop:36 - 
block index: 4/28 
block: LlamaDecoderLayer(
  (self_attn): LlamaAttention(
    (q_proj): Linear(in_features=3072, out_features=3072, bias=False)
    (k_proj): Linear(in_features=3072, out_features=1024, bias=False)
    (v_proj): Linear(in_features=3072, out_features=1024, bias=False)
    (o_proj): Linear(in_features=3072, out_features=3072, bias=False)
  )
  (mlp): LlamaMLP(
    (gate_proj): Linear(in_features=3072, out_features=8192, bias=False)
    (up_proj): Linear(in_features=3072, out_features=8192, bias=False)
    (down_proj): Linear(in_features=8192, out_features=3072, bias=False)
    (act_fn): SiLUActivation()
  )
  (input_layernorm): LlamaRMSNorm((3072,), eps=1e-05)
  (post_attention_layernorm): LlamaRMSNorm((3072,), eps=1e-05)
)
2026-07-26 14:02:04.479 | INFO     | llmc.compression.quantization.base_blockwise_quantization:block_opt:416 - input_feat_modules: {'self_attn.q_proj': Linear(in_features=3072, out_features=3072, bias=False), 'self_attn.k_proj': Linear(in_features=3072, out_features=1024, bias=False), 'self_attn.v_proj': Linear(in_features=3072, out_features=1024, bias=False), 'self_attn.o_proj': Linear(in_features=3072, out_features=3072, bias=False), 'mlp.gate_proj': Linear(in_features=3072, out_features=8192, bias=False), 'mlp.up_proj': Linear(in_features=3072, out_features=8192, bias=False), 'mlp.down_proj': Linear(in_features=8192, out_features=3072, bias=False)}
2026-07-26 14:02:04.479 | INFO     | llmc.compression.quantization.base_blockwise_quantization:block_opt:416 - input_feat_modules: {'self_attn.q_proj': Linear(in_features=3072, out_features=3072, bias=False), 'self_attn.k_proj': Linear(in_features=3072, out_features=1024, bias=False), 'self_attn.v_proj': Linear(in_features=3072, out_features=1024, bias=False), 'self_attn.o_proj': Linear(in_features=3072, out_features=3072, bias=False), 'mlp.gate_proj': Linear(in_features=3072, out_features=8192, bias=False), 'mlp.up_proj': Linear(in_features=3072, out_features=8192, bias=False), 'mlp.down_proj': Linear(in_features=8192, out_features=3072, bias=False)}
2026-07-26 14:02:07.919 | INFO     | llmc.compression.quantization.base_blockwise_quantization:block_transform:484 - Start transform the 4-th block
2026-07-26 14:02:07.919 | INFO     | llmc.compression.quantization.base_blockwise_quantization:block_transform:484 - Start transform the 4-th block
2026-07-26 14:02:07.919 | INFO     | llmc.compression.quantization.base_blockwise_quantization:block_transform:493 - subset: {'layers': {'self_attn.q_proj': Linear(in_features=3072, out_features=3072, bias=False), 'self_attn.k_proj': Linear(in_features=3072, out_features=1024, bias=False), 'self_attn.v_proj': Linear(in_features=3072, out_features=1024, bias=False)}, 'prev_op': [LlamaRMSNorm((3072,), eps=1e-05)], 'input': ['self_attn.q_proj'], 'inspect': LlamaAttention(
  (q_proj): Linear(in_features=3072, out_features=3072, bias=False)
  (k_proj): Linear(in_features=3072, out_features=1024, bias=False)
  (v_proj): Linear(in_features=3072, out_features=1024, bias=False)
  (o_proj): Linear(in_features=3072, out_features=3072, bias=False)
), 'has_kwargs': True}
2026-07-26 14:02:07.919 | INFO     | llmc.compression.quantization.base_blockwise_quantization:block_transform:493 - subset: {'layers': {'self_attn.q_proj': Linear(in_features=3072, out_features=3072, bias=False), 'self_attn.k_proj': Linear(in_features=3072, out_features=1024, bias=False), 'self_attn.v_proj': Linear(in_features=3072, out_features=1024, bias=False)}, 'prev_op': [LlamaRMSNorm((3072,), eps=1e-05)], 'input': ['self_attn.q_proj'], 'inspect': LlamaAttention(
  (q_proj): Linear(in_features=3072, out_features=3072, bias=False)
  (k_proj): Linear(in_features=3072, out_features=1024, bias=False)
  (v_proj): Linear(in_features=3072, out_features=1024, bias=False)
  (o_proj): Linear(in_features=3072, out_features=3072, bias=False)
), 'has_kwargs': True}
2026-07-26 14:02:08.768 | INFO     | llmc.compression.quantization.gptq:update_layer_with_transformed_weights:184 - error 5829.3359375
2026-07-26 14:02:08.768 | INFO     | llmc.compression.quantization.gptq:update_layer_with_transformed_weights:184 - error 5829.3359375
2026-07-26 14:02:09.697 | INFO     | llmc.compression.quantization.gptq:update_layer_with_transformed_weights:184 - error 3088.859375
2026-07-26 14:02:09.697 | INFO     | llmc.compression.quantization.gptq:update_layer_with_transformed_weights:184 - error 3088.859375
2026-07-26 14:02:10.641 | INFO     | llmc.compression.quantization.gptq:update_layer_with_transformed_weights:184 - error 537.91357421875
2026-07-26 14:02:10.641 | INFO     | llmc.compression.quantization.gptq:update_layer_with_transformed_weights:184 - error 537.91357421875
2026-07-26 14:02:10.644 | INFO     | llmc.models.base_model:replace_module_subset:432 - replace >>> self_attn.q_proj in 4-th block
2026-07-26 14:02:10.644 | INFO     | llmc.models.base_model:replace_module_subset:432 - replace >>> self_attn.q_proj in 4-th block
2026-07-26 14:02:10.645 | INFO     | llmc.models.base_model:replace_module_subset:432 - replace >>> self_attn.k_proj in 4-th block
2026-07-26 14:02:10.645 | INFO     | llmc.models.base_model:replace_module_subset:432 - replace >>> self_attn.k_proj in 4-th block
2026-07-26 14:02:10.645 | INFO     | llmc.models.base_model:replace_module_subset:432 - replace >>> self_attn.v_proj in 4-th block
2026-07-26 14:02:10.645 | INFO     | llmc.models.base_model:replace_module_subset:432 - replace >>> self_attn.v_proj in 4-th block
2026-07-26 14:02:11.855 | INFO     | llmc.compression.quantization.base_blockwise_quantization:block_transform:493 - subset: {'layers': {'self_attn.o_proj': Linear(in_features=3072, out_features=3072, bias=False)}, 'prev_op': [Linear(in_features=3072, out_features=1024, bias=False)], 'input': ['self_attn.o_proj'], 'inspect': Linear(in_features=3072, out_features=3072, bias=False), 'has_kwargs': False}
2026-07-26 14:02:11.855 | INFO     | llmc.compression.quantization.base_blockwise_quantization:block_transform:493 - subset: {'layers': {'self_attn.o_proj': Linear(in_features=3072, out_features=3072, bias=False)}, 'prev_op': [Linear(in_features=3072, out_features=1024, bias=False)], 'input': ['self_attn.o_proj'], 'inspect': Linear(in_features=3072, out_features=3072, bias=False), 'has_kwargs': False}
2026-07-26 14:02:12.781 | INFO     | llmc.compression.quantization.gptq:update_layer_with_transformed_weights:184 - error 36.44580078125
2026-07-26 14:02:12.781 | INFO     | llmc.compression.quantization.gptq:update_layer_with_transformed_weights:184 - error 36.44580078125
2026-07-26 14:02:12.799 | INFO     | llmc.models.base_model:replace_module_subset:432 - replace >>> self_attn.o_proj in 4-th block
2026-07-26 14:02:12.799 | INFO     | llmc.models.base_model:replace_module_subset:432 - replace >>> self_attn.o_proj in 4-th block
2026-07-26 14:02:14.109 | INFO     | llmc.compression.quantization.base_blockwise_quantization:block_transform:493 - subset: {'layers': {'mlp.gate_proj': Linear(in_features=3072, out_features=8192, bias=False), 'mlp.up_proj': Linear(in_features=3072, out_features=8192, bias=False)}, 'prev_op': [LlamaRMSNorm((3072,), eps=1e-05)], 'input': ['mlp.gate_proj'], 'inspect': LlamaMLP(
  (gate_proj): Linear(in_features=3072, out_features=8192, bias=False)
  (up_proj): Linear(in_features=3072, out_features=8192, bias=False)
  (down_proj): Linear(in_features=8192, out_features=3072, bias=False)
  (act_fn): SiLUActivation()
), 'has_kwargs': False, 'is_mlp': True}
2026-07-26 14:02:14.109 | INFO     | llmc.compression.quantization.base_blockwise_quantization:block_transform:493 - subset: {'layers': {'mlp.gate_proj': Linear(in_features=3072, out_features=8192, bias=False), 'mlp.up_proj': Linear(in_features=3072, out_features=8192, bias=False)}, 'prev_op': [LlamaRMSNorm((3072,), eps=1e-05)], 'input': ['mlp.gate_proj'], 'inspect': LlamaMLP(
  (gate_proj): Linear(in_features=3072, out_features=8192, bias=False)
  (up_proj): Linear(in_features=3072, out_features=8192, bias=False)
  (down_proj): Linear(in_features=8192, out_features=3072, bias=False)
  (act_fn): SiLUActivation()
), 'has_kwargs': False, 'is_mlp': True}
2026-07-26 14:02:15.085 | INFO     | llmc.compression.quantization.gptq:update_layer_with_transformed_weights:184 - error 5803.15478515625
2026-07-26 14:02:15.085 | INFO     | llmc.compression.quantization.gptq:update_layer_with_transformed_weights:184 - error 5803.15478515625
2026-07-26 14:02:16.130 | INFO     | llmc.compression.quantization.gptq:update_layer_with_transformed_weights:184 - error 3847.50244140625
2026-07-26 14:02:16.130 | INFO     | llmc.compression.quantization.gptq:update_layer_with_transformed_weights:184 - error 3847.50244140625
2026-07-26 14:02:16.138 | INFO     | llmc.models.base_model:replace_module_subset:432 - replace >>> mlp.gate_proj in 4-th block
2026-07-26 14:02:16.138 | INFO     | llmc.models.base_model:replace_module_subset:432 - replace >>> mlp.gate_proj in 4-th block
2026-07-26 14:02:16.138 | INFO     | llmc.models.base_model:replace_module_subset:432 - replace >>> mlp.up_proj in 4-th block
2026-07-26 14:02:16.138 | INFO     | llmc.models.base_model:replace_module_subset:432 - replace >>> mlp.up_proj in 4-th block
2026-07-26 14:02:18.485 | INFO     | llmc.compression.quantization.base_blockwise_quantization:block_transform:493 - subset: {'layers': {'mlp.down_proj': Linear(in_features=8192, out_features=3072, bias=False)}, 'prev_op': [Linear(in_features=3072, out_features=8192, bias=False)], 'input': ['mlp.down_proj'], 'inspect': Linear(in_features=8192, out_features=3072, bias=False), 'has_kwargs': False, 'is_mlp': True}
2026-07-26 14:02:18.485 | INFO     | llmc.compression.quantization.base_blockwise_quantization:block_transform:493 - subset: {'layers': {'mlp.down_proj': Linear(in_features=8192, out_features=3072, bias=False)}, 'prev_op': [Linear(in_features=3072, out_features=8192, bias=False)], 'input': ['mlp.down_proj'], 'inspect': Linear(in_features=8192, out_features=3072, bias=False), 'has_kwargs': False, 'is_mlp': True}
2026-07-26 14:02:21.231 | INFO     | llmc.compression.quantization.gptq:update_layer_with_transformed_weights:184 - error 115.31201934814453
2026-07-26 14:02:21.231 | INFO     | llmc.compression.quantization.gptq:update_layer_with_transformed_weights:184 - error 115.31201934814453
2026-07-26 14:02:21.252 | INFO     | llmc.compression.quantization.base_blockwise_quantization:block_transform:523 - End transform the 4-th block
2026-07-26 14:02:21.252 | INFO     | llmc.compression.quantization.base_blockwise_quantization:block_transform:523 - End transform the 4-th block
2026-07-26 14:02:21.252 | INFO     | llmc.models.base_model:replace_module_subset:432 - replace >>> self_attn.q_proj in 4-th block
2026-07-26 14:02:21.252 | INFO     | llmc.models.base_model:replace_module_subset:432 - replace >>> self_attn.q_proj in 4-th block
2026-07-26 14:02:21.252 | INFO     | llmc.models.base_model:replace_module_subset:432 - replace >>> self_attn.k_proj in 4-th block
2026-07-26 14:02:21.252 | INFO     | llmc.models.base_model:replace_module_subset:432 - replace >>> self_attn.k_proj in 4-th block
2026-07-26 14:02:21.252 | INFO     | llmc.models.base_model:replace_module_subset:432 - replace >>> self_attn.v_proj in 4-th block
2026-07-26 14:02:21.252 | INFO     | llmc.models.base_model:replace_module_subset:432 - replace >>> self_attn.v_proj in 4-th block
2026-07-26 14:02:21.252 | INFO     | llmc.models.base_model:replace_module_subset:432 - replace >>> self_attn.o_proj in 4-th block
2026-07-26 14:02:21.252 | INFO     | llmc.models.base_model:replace_module_subset:432 - replace >>> self_attn.o_proj in 4-th block
2026-07-26 14:02:21.252 | INFO     | llmc.models.base_model:replace_module_subset:432 - replace >>> mlp.gate_proj in 4-th block
2026-07-26 14:02:21.252 | INFO     | llmc.models.base_model:replace_module_subset:432 - replace >>> mlp.gate_proj in 4-th block
2026-07-26 14:02:21.252 | INFO     | llmc.models.base_model:replace_module_subset:432 - replace >>> mlp.up_proj in 4-th block
2026-07-26 14:02:21.252 | INFO     | llmc.models.base_model:replace_module_subset:432 - replace >>> mlp.up_proj in 4-th block
2026-07-26 14:02:21.252 | INFO     | llmc.models.base_model:replace_module_subset:432 - replace >>> mlp.down_proj in 4-th block
2026-07-26 14:02:21.252 | INFO     | llmc.models.base_model:replace_module_subset:432 - replace >>> mlp.down_proj in 4-th block
2026-07-26 14:02:22.682 | INFO     | llmc.compression.blockwise_optimization:run_block_loop:36 - 
block index: 5/28 
block: LlamaDecoderLayer(
  (self_attn): LlamaAttention(
    (q_proj): Linear(in_features=3072, out_features=3072, bias=False)
    (k_proj): Linear(in_features=3072, out_features=1024, bias=False)
    (v_proj): Linear(in_features=3072, out_features=1024, bias=False)
    (o_proj): Linear(in_features=3072, out_features=3072, bias=False)
  )
  (mlp): LlamaMLP(
    (gate_proj): Linear(in_features=3072, out_features=8192, bias=False)
    (up_proj): Linear(in_features=3072, out_features=8192, bias=False)
    (down_proj): Linear(in_features=8192, out_features=3072, bias=False)
    (act_fn): SiLUActivation()
  )
  (input_layernorm): LlamaRMSNorm((3072,), eps=1e-05)
  (post_attention_layernorm): LlamaRMSNorm((3072,), eps=1e-05)
)
2026-07-26 14:02:22.682 | INFO     | llmc.compression.blockwise_optimization:run_block_loop:36 - 
block index: 5/28 
block: LlamaDecoderLayer(
  (self_attn): LlamaAttention(
    (q_proj): Linear(in_features=3072, out_features=3072, bias=False)
    (k_proj): Linear(in_features=3072, out_features=1024, bias=False)
    (v_proj): Linear(in_features=3072, out_features=1024, bias=False)
    (o_proj): Linear(in_features=3072, out_features=3072, bias=False)
  )
  (mlp): LlamaMLP(
    (gate_proj): Linear(in_features=3072, out_features=8192, bias=False)
    (up_proj): Linear(in_features=3072, out_features=8192, bias=False)
    (down_proj): Linear(in_features=8192, out_features=3072, bias=False)
    (act_fn): SiLUActivation()
  )
  (input_layernorm): LlamaRMSNorm((3072,), eps=1e-05)
  (post_attention_layernorm): LlamaRMSNorm((3072,), eps=1e-05)
)
2026-07-26 14:02:22.723 | INFO     | llmc.compression.quantization.base_blockwise_quantization:block_opt:416 - input_feat_modules: {'self_attn.q_proj': Linear(in_features=3072, out_features=3072, bias=False), 'self_attn.k_proj': Linear(in_features=3072, out_features=1024, bias=False), 'self_attn.v_proj': Linear(in_features=3072, out_features=1024, bias=False), 'self_attn.o_proj': Linear(in_features=3072, out_features=3072, bias=False), 'mlp.gate_proj': Linear(in_features=3072, out_features=8192, bias=False), 'mlp.up_proj': Linear(in_features=3072, out_features=8192, bias=False), 'mlp.down_proj': Linear(in_features=8192, out_features=3072, bias=False)}
2026-07-26 14:02:22.723 | INFO     | llmc.compression.quantization.base_blockwise_quantization:block_opt:416 - input_feat_modules: {'self_attn.q_proj': Linear(in_features=3072, out_features=3072, bias=False), 'self_attn.k_proj': Linear(in_features=3072, out_features=1024, bias=False), 'self_attn.v_proj': Linear(in_features=3072, out_features=1024, bias=False), 'self_attn.o_proj': Linear(in_features=3072, out_features=3072, bias=False), 'mlp.gate_proj': Linear(in_features=3072, out_features=8192, bias=False), 'mlp.up_proj': Linear(in_features=3072, out_features=8192, bias=False), 'mlp.down_proj': Linear(in_features=8192, out_features=3072, bias=False)}
2026-07-26 14:02:26.131 | INFO     | llmc.compression.quantization.base_blockwise_quantization:block_transform:484 - Start transform the 5-th block
2026-07-26 14:02:26.131 | INFO     | llmc.compression.quantization.base_blockwise_quantization:block_transform:484 - Start transform the 5-th block
2026-07-26 14:02:26.131 | INFO     | llmc.compression.quantization.base_blockwise_quantization:block_transform:493 - subset: {'layers': {'self_attn.q_proj': Linear(in_features=3072, out_features=3072, bias=False), 'self_attn.k_proj': Linear(in_features=3072, out_features=1024, bias=False), 'self_attn.v_proj': Linear(in_features=3072, out_features=1024, bias=False)}, 'prev_op': [LlamaRMSNorm((3072,), eps=1e-05)], 'input': ['self_attn.q_proj'], 'inspect': LlamaAttention(
  (q_proj): Linear(in_features=3072, out_features=3072, bias=False)
  (k_proj): Linear(in_features=3072, out_features=1024, bias=False)
  (v_proj): Linear(in_features=3072, out_features=1024, bias=False)
  (o_proj): Linear(in_features=3072, out_features=3072, bias=False)
), 'has_kwargs': True}
2026-07-26 14:02:26.131 | INFO     | llmc.compression.quantization.base_blockwise_quantization:block_transform:493 - subset: {'layers': {'self_attn.q_proj': Linear(in_features=3072, out_features=3072, bias=False), 'self_attn.k_proj': Linear(in_features=3072, out_features=1024, bias=False), 'self_attn.v_proj': Linear(in_features=3072, out_features=1024, bias=False)}, 'prev_op': [LlamaRMSNorm((3072,), eps=1e-05)], 'input': ['self_attn.q_proj'], 'inspect': LlamaAttention(
  (q_proj): Linear(in_features=3072, out_features=3072, bias=False)
  (k_proj): Linear(in_features=3072, out_features=1024, bias=False)
  (v_proj): Linear(in_features=3072, out_features=1024, bias=False)
  (o_proj): Linear(in_features=3072, out_features=3072, bias=False)
), 'has_kwargs': True}
2026-07-26 14:02:27.101 | INFO     | llmc.compression.quantization.gptq:update_layer_with_transformed_weights:184 - error 7803.0537109375
2026-07-26 14:02:27.101 | INFO     | llmc.compression.quantization.gptq:update_layer_with_transformed_weights:184 - error 7803.0537109375
2026-07-26 14:02:27.875 | INFO     | llmc.compression.quantization.gptq:update_layer_with_transformed_weights:184 - error 4832.9775390625
2026-07-26 14:02:27.875 | INFO     | llmc.compression.quantization.gptq:update_layer_with_transformed_weights:184 - error 4832.9775390625
2026-07-26 14:02:28.554 | INFO     | llmc.compression.quantization.gptq:update_layer_with_transformed_weights:184 - error 482.5317687988281
2026-07-26 14:02:28.554 | INFO     | llmc.compression.quantization.gptq:update_layer_with_transformed_weights:184 - error 482.5317687988281
2026-07-26 14:02:28.557 | INFO     | llmc.models.base_model:replace_module_subset:432 - replace >>> self_attn.q_proj in 5-th block
2026-07-26 14:02:28.557 | INFO     | llmc.models.base_model:replace_module_subset:432 - replace >>> self_attn.q_proj in 5-th block
2026-07-26 14:02:28.557 | INFO     | llmc.models.base_model:replace_module_subset:432 - replace >>> self_attn.k_proj in 5-th block
2026-07-26 14:02:28.557 | INFO     | llmc.models.base_model:replace_module_subset:432 - replace >>> self_attn.k_proj in 5-th block
2026-07-26 14:02:28.558 | INFO     | llmc.models.base_model:replace_module_subset:432 - replace >>> self_attn.v_proj in 5-th block
2026-07-26 14:02:28.558 | INFO     | llmc.models.base_model:replace_module_subset:432 - replace >>> self_attn.v_proj in 5-th block
2026-07-26 14:02:29.721 | INFO     | llmc.compression.quantization.base_blockwise_quantization:block_transform:493 - subset: {'layers': {'self_attn.o_proj': Linear(in_features=3072, out_features=3072, bias=False)}, 'prev_op': [Linear(in_features=3072, out_features=1024, bias=False)], 'input': ['self_attn.o_proj'], 'inspect': Linear(in_features=3072, out_features=3072, bias=False), 'has_kwargs': False}
2026-07-26 14:02:29.721 | INFO     | llmc.compression.quantization.base_blockwise_quantization:block_transform:493 - subset: {'layers': {'self_attn.o_proj': Linear(in_features=3072, out_features=3072, bias=False)}, 'prev_op': [Linear(in_features=3072, out_features=1024, bias=False)], 'input': ['self_attn.o_proj'], 'inspect': Linear(in_features=3072, out_features=3072, bias=False), 'has_kwargs': False}
2026-07-26 14:02:30.452 | INFO     | llmc.compression.quantization.gptq:update_layer_with_transformed_weights:184 - error 36.645626068115234
2026-07-26 14:02:30.452 | INFO     | llmc.compression.quantization.gptq:update_layer_with_transformed_weights:184 - error 36.645626068115234
2026-07-26 14:02:30.455 | INFO     | llmc.models.base_model:replace_module_subset:432 - replace >>> self_attn.o_proj in 5-th block
2026-07-26 14:02:30.455 | INFO     | llmc.models.base_model:replace_module_subset:432 - replace >>> self_attn.o_proj in 5-th block
2026-07-26 14:02:31.765 | INFO     | llmc.compression.quantization.base_blockwise_quantization:block_transform:493 - subset: {'layers': {'mlp.gate_proj': Linear(in_features=3072, out_features=8192, bias=False), 'mlp.up_proj': Linear(in_features=3072, out_features=8192, bias=False)}, 'prev_op': [LlamaRMSNorm((3072,), eps=1e-05)], 'input': ['mlp.gate_proj'], 'inspect': LlamaMLP(
  (gate_proj): Linear(in_features=3072, out_features=8192, bias=False)
  (up_proj): Linear(in_features=3072, out_features=8192, bias=False)
  (down_proj): Linear(in_features=8192, out_features=3072, bias=False)
  (act_fn): SiLUActivation()
), 'has_kwargs': False, 'is_mlp': True}
2026-07-26 14:02:31.765 | INFO     | llmc.compression.quantization.base_blockwise_quantization:block_transform:493 - subset: {'layers': {'mlp.gate_proj': Linear(in_features=3072, out_features=8192, bias=False), 'mlp.up_proj': Linear(in_features=3072, out_features=8192, bias=False)}, 'prev_op': [LlamaRMSNorm((3072,), eps=1e-05)], 'input': ['mlp.gate_proj'], 'inspect': LlamaMLP(
  (gate_proj): Linear(in_features=3072, out_features=8192, bias=False)
  (up_proj): Linear(in_features=3072, out_features=8192, bias=False)
  (down_proj): Linear(in_features=8192, out_features=3072, bias=False)
  (act_fn): SiLUActivation()
), 'has_kwargs': False, 'is_mlp': True}
2026-07-26 14:02:32.618 | INFO     | llmc.compression.quantization.gptq:update_layer_with_transformed_weights:184 - error 6314.037109375
2026-07-26 14:02:32.618 | INFO     | llmc.compression.quantization.gptq:update_layer_with_transformed_weights:184 - error 6314.037109375
2026-07-26 14:02:33.323 | INFO     | llmc.compression.quantization.gptq:update_layer_with_transformed_weights:184 - error 4449.56640625
2026-07-26 14:02:33.323 | INFO     | llmc.compression.quantization.gptq:update_layer_with_transformed_weights:184 - error 4449.56640625
2026-07-26 14:02:33.332 | INFO     | llmc.models.base_model:replace_module_subset:432 - replace >>> mlp.gate_proj in 5-th block
2026-07-26 14:02:33.332 | INFO     | llmc.models.base_model:replace_module_subset:432 - replace >>> mlp.gate_proj in 5-th block
2026-07-26 14:02:33.332 | INFO     | llmc.models.base_model:replace_module_subset:432 - replace >>> mlp.up_proj in 5-th block
2026-07-26 14:02:33.332 | INFO     | llmc.models.base_model:replace_module_subset:432 - replace >>> mlp.up_proj in 5-th block
2026-07-26 14:02:35.630 | INFO     | llmc.compression.quantization.base_blockwise_quantization:block_transform:493 - subset: {'layers': {'mlp.down_proj': Linear(in_features=8192, out_features=3072, bias=False)}, 'prev_op': [Linear(in_features=3072, out_features=8192, bias=False)], 'input': ['mlp.down_proj'], 'inspect': Linear(in_features=8192, out_features=3072, bias=False), 'has_kwargs': False, 'is_mlp': True}
2026-07-26 14:02:35.630 | INFO     | llmc.compression.quantization.base_blockwise_quantization:block_transform:493 - subset: {'layers': {'mlp.down_proj': Linear(in_features=8192, out_features=3072, bias=False)}, 'prev_op': [Linear(in_features=3072, out_features=8192, bias=False)], 'input': ['mlp.down_proj'], 'inspect': Linear(in_features=8192, out_features=3072, bias=False), 'has_kwargs': False, 'is_mlp': True}
2026-07-26 14:02:37.685 | INFO     | llmc.compression.quantization.gptq:update_layer_with_transformed_weights:184 - error 152.4193115234375
2026-07-26 14:02:37.685 | INFO     | llmc.compression.quantization.gptq:update_layer_with_transformed_weights:184 - error 152.4193115234375
2026-07-26 14:02:37.699 | INFO     | llmc.compression.quantization.base_blockwise_quantization:block_transform:523 - End transform the 5-th block
2026-07-26 14:02:37.699 | INFO     | llmc.compression.quantization.base_blockwise_quantization:block_transform:523 - End transform the 5-th block
2026-07-26 14:02:37.699 | INFO     | llmc.models.base_model:replace_module_subset:432 - replace >>> self_attn.q_proj in 5-th block
2026-07-26 14:02:37.699 | INFO     | llmc.models.base_model:replace_module_subset:432 - replace >>> self_attn.q_proj in 5-th block
2026-07-26 14:02:37.699 | INFO     | llmc.models.base_model:replace_module_subset:432 - replace >>> self_attn.k_proj in 5-th block
2026-07-26 14:02:37.699 | INFO     | llmc.models.base_model:replace_module_subset:432 - replace >>> self_attn.k_proj in 5-th block
2026-07-26 14:02:37.699 | INFO     | llmc.models.base_model:replace_module_subset:432 - replace >>> self_attn.v_proj in 5-th block
2026-07-26 14:02:37.699 | INFO     | llmc.models.base_model:replace_module_subset:432 - replace >>> self_attn.v_proj in 5-th block
2026-07-26 14:02:37.699 | INFO     | llmc.models.base_model:replace_module_subset:432 - replace >>> self_attn.o_proj in 5-th block
2026-07-26 14:02:37.699 | INFO     | llmc.models.base_model:replace_module_subset:432 - replace >>> self_attn.o_proj in 5-th block
2026-07-26 14:02:37.699 | INFO     | llmc.models.base_model:replace_module_subset:432 - replace >>> mlp.gate_proj in 5-th block
2026-07-26 14:02:37.699 | INFO     | llmc.models.base_model:replace_module_subset:432 - replace >>> mlp.gate_proj in 5-th block
2026-07-26 14:02:37.699 | INFO     | llmc.models.base_model:replace_module_subset:432 - replace >>> mlp.up_proj in 5-th block
2026-07-26 14:02:37.699 | INFO     | llmc.models.base_model:replace_module_subset:432 - replace >>> mlp.up_proj in 5-th block
2026-07-26 14:02:37.699 | INFO     | llmc.models.base_model:replace_module_subset:432 - replace >>> mlp.down_proj in 5-th block
2026-07-26 14:02:37.699 | INFO     | llmc.models.base_model:replace_module_subset:432 - replace >>> mlp.down_proj in 5-th block
2026-07-26 14:02:39.085 | INFO     | llmc.compression.blockwise_optimization:run_block_loop:36 - 
block index: 6/28 
block: LlamaDecoderLayer(
  (self_attn): LlamaAttention(
    (q_proj): Linear(in_features=3072, out_features=3072, bias=False)
    (k_proj): Linear(in_features=3072, out_features=1024, bias=False)
    (v_proj): Linear(in_features=3072, out_features=1024, bias=False)
    (o_proj): Linear(in_features=3072, out_features=3072, bias=False)
  )
  (mlp): LlamaMLP(
    (gate_proj): Linear(in_features=3072, out_features=8192, bias=False)
    (up_proj): Linear(in_features=3072, out_features=8192, bias=False)
    (down_proj): Linear(in_features=8192, out_features=3072, bias=False)
    (act_fn): SiLUActivation()
  )
  (input_layernorm): LlamaRMSNorm((3072,), eps=1e-05)
  (post_attention_layernorm): LlamaRMSNorm((3072,), eps=1e-05)
)
2026-07-26 14:02:39.085 | INFO     | llmc.compression.blockwise_optimization:run_block_loop:36 - 
block index: 6/28 
block: LlamaDecoderLayer(
  (self_attn): LlamaAttention(
    (q_proj): Linear(in_features=3072, out_features=3072, bias=False)
    (k_proj): Linear(in_features=3072, out_features=1024, bias=False)
    (v_proj): Linear(in_features=3072, out_features=1024, bias=False)
    (o_proj): Linear(in_features=3072, out_features=3072, bias=False)
  )
  (mlp): LlamaMLP(
    (gate_proj): Linear(in_features=3072, out_features=8192, bias=False)
    (up_proj): Linear(in_features=3072, out_features=8192, bias=False)
    (down_proj): Linear(in_features=8192, out_features=3072, bias=False)
    (act_fn): SiLUActivation()
  )
  (input_layernorm): LlamaRMSNorm((3072,), eps=1e-05)
  (post_attention_layernorm): LlamaRMSNorm((3072,), eps=1e-05)
)
2026-07-26 14:02:39.131 | INFO     | llmc.compression.quantization.base_blockwise_quantization:block_opt:416 - input_feat_modules: {'self_attn.q_proj': Linear(in_features=3072, out_features=3072, bias=False), 'self_attn.k_proj': Linear(in_features=3072, out_features=1024, bias=False), 'self_attn.v_proj': Linear(in_features=3072, out_features=1024, bias=False), 'self_attn.o_proj': Linear(in_features=3072, out_features=3072, bias=False), 'mlp.gate_proj': Linear(in_features=3072, out_features=8192, bias=False), 'mlp.up_proj': Linear(in_features=3072, out_features=8192, bias=False), 'mlp.down_proj': Linear(in_features=8192, out_features=3072, bias=False)}
2026-07-26 14:02:39.131 | INFO     | llmc.compression.quantization.base_blockwise_quantization:block_opt:416 - input_feat_modules: {'self_attn.q_proj': Linear(in_features=3072, out_features=3072, bias=False), 'self_attn.k_proj': Linear(in_features=3072, out_features=1024, bias=False), 'self_attn.v_proj': Linear(in_features=3072, out_features=1024, bias=False), 'self_attn.o_proj': Linear(in_features=3072, out_features=3072, bias=False), 'mlp.gate_proj': Linear(in_features=3072, out_features=8192, bias=False), 'mlp.up_proj': Linear(in_features=3072, out_features=8192, bias=False), 'mlp.down_proj': Linear(in_features=8192, out_features=3072, bias=False)}
2026-07-26 14:02:42.585 | INFO     | llmc.compression.quantization.base_blockwise_quantization:block_transform:484 - Start transform the 6-th block
2026-07-26 14:02:42.585 | INFO     | llmc.compression.quantization.base_blockwise_quantization:block_transform:484 - Start transform the 6-th block
2026-07-26 14:02:42.585 | INFO     | llmc.compression.quantization.base_blockwise_quantization:block_transform:493 - subset: {'layers': {'self_attn.q_proj': Linear(in_features=3072, out_features=3072, bias=False), 'self_attn.k_proj': Linear(in_features=3072, out_features=1024, bias=False), 'self_attn.v_proj': Linear(in_features=3072, out_features=1024, bias=False)}, 'prev_op': [LlamaRMSNorm((3072,), eps=1e-05)], 'input': ['self_attn.q_proj'], 'inspect': LlamaAttention(
  (q_proj): Linear(in_features=3072, out_features=3072, bias=False)
  (k_proj): Linear(in_features=3072, out_features=1024, bias=False)
  (v_proj): Linear(in_features=3072, out_features=1024, bias=False)
  (o_proj): Linear(in_features=3072, out_features=3072, bias=False)
), 'has_kwargs': True}
2026-07-26 14:02:42.585 | INFO     | llmc.compression.quantization.base_blockwise_quantization:block_transform:493 - subset: {'layers': {'self_attn.q_proj': Linear(in_features=3072, out_features=3072, bias=False), 'self_attn.k_proj': Linear(in_features=3072, out_features=1024, bias=False), 'self_attn.v_proj': Linear(in_features=3072, out_features=1024, bias=False)}, 'prev_op': [LlamaRMSNorm((3072,), eps=1e-05)], 'input': ['self_attn.q_proj'], 'inspect': LlamaAttention(
  (q_proj): Linear(in_features=3072, out_features=3072, bias=False)
  (k_proj): Linear(in_features=3072, out_features=1024, bias=False)
  (v_proj): Linear(in_features=3072, out_features=1024, bias=False)
  (o_proj): Linear(in_features=3072, out_features=3072, bias=False)
), 'has_kwargs': True}
2026-07-26 14:02:43.273 | INFO     | llmc.compression.quantization.gptq:update_layer_with_transformed_weights:184 - error 7165.677734375
2026-07-26 14:02:43.273 | INFO     | llmc.compression.quantization.gptq:update_layer_with_transformed_weights:184 - error 7165.677734375
2026-07-26 14:02:43.943 | INFO     | llmc.compression.quantization.gptq:update_layer_with_transformed_weights:184 - error 3922.01513671875
2026-07-26 14:02:43.943 | INFO     | llmc.compression.quantization.gptq:update_layer_with_transformed_weights:184 - error 3922.01513671875
2026-07-26 14:02:44.626 | INFO     | llmc.compression.quantization.gptq:update_layer_with_transformed_weights:184 - error 530.8865966796875
2026-07-26 14:02:44.626 | INFO     | llmc.compression.quantization.gptq:update_layer_with_transformed_weights:184 - error 530.8865966796875
2026-07-26 14:02:44.630 | INFO     | llmc.models.base_model:replace_module_subset:432 - replace >>> self_attn.q_proj in 6-th block
2026-07-26 14:02:44.630 | INFO     | llmc.models.base_model:replace_module_subset:432 - replace >>> self_attn.q_proj in 6-th block
2026-07-26 14:02:44.630 | INFO     | llmc.models.base_model:replace_module_subset:432 - replace >>> self_attn.k_proj in 6-th block
2026-07-26 14:02:44.630 | INFO     | llmc.models.base_model:replace_module_subset:432 - replace >>> self_attn.k_proj in 6-th block
2026-07-26 14:02:44.630 | INFO     | llmc.models.base_model:replace_module_subset:432 - replace >>> self_attn.v_proj in 6-th block
2026-07-26 14:02:44.630 | INFO     | llmc.models.base_model:replace_module_subset:432 - replace >>> self_attn.v_proj in 6-th block
2026-07-26 14:02:45.788 | INFO     | llmc.compression.quantization.base_blockwise_quantization:block_transform:493 - subset: {'layers': {'self_attn.o_proj': Linear(in_features=3072, out_features=3072, bias=False)}, 'prev_op': [Linear(in_features=3072, out_features=1024, bias=False)], 'input': ['self_attn.o_proj'], 'inspect': Linear(in_features=3072, out_features=3072, bias=False), 'has_kwargs': False}
2026-07-26 14:02:45.788 | INFO     | llmc.compression.quantization.base_blockwise_quantization:block_transform:493 - subset: {'layers': {'self_attn.o_proj': Linear(in_features=3072, out_features=3072, bias=False)}, 'prev_op': [Linear(in_features=3072, out_features=1024, bias=False)], 'input': ['self_attn.o_proj'], 'inspect': Linear(in_features=3072, out_features=3072, bias=False), 'has_kwargs': False}
2026-07-26 14:02:47.012 | INFO     | llmc.compression.quantization.gptq:update_layer_with_transformed_weights:184 - error 62.285247802734375
2026-07-26 14:02:47.012 | INFO     | llmc.compression.quantization.gptq:update_layer_with_transformed_weights:184 - error 62.285247802734375
2026-07-26 14:02:47.029 | INFO     | llmc.models.base_model:replace_module_subset:432 - replace >>> self_attn.o_proj in 6-th block
2026-07-26 14:02:47.029 | INFO     | llmc.models.base_model:replace_module_subset:432 - replace >>> self_attn.o_proj in 6-th block
2026-07-26 14:02:48.335 | INFO     | llmc.compression.quantization.base_blockwise_quantization:block_transform:493 - subset: {'layers': {'mlp.gate_proj': Linear(in_features=3072, out_features=8192, bias=False), 'mlp.up_proj': Linear(in_features=3072, out_features=8192, bias=False)}, 'prev_op': [LlamaRMSNorm((3072,), eps=1e-05)], 'input': ['mlp.gate_proj'], 'inspect': LlamaMLP(
  (gate_proj): Linear(in_features=3072, out_features=8192, bias=False)
  (up_proj): Linear(in_features=3072, out_features=8192, bias=False)
  (down_proj): Linear(in_features=8192, out_features=3072, bias=False)
  (act_fn): SiLUActivation()
), 'has_kwargs': False, 'is_mlp': True}
2026-07-26 14:02:48.335 | INFO     | llmc.compression.quantization.base_blockwise_quantization:block_transform:493 - subset: {'layers': {'mlp.gate_proj': Linear(in_features=3072, out_features=8192, bias=False), 'mlp.up_proj': Linear(in_features=3072, out_features=8192, bias=False)}, 'prev_op': [LlamaRMSNorm((3072,), eps=1e-05)], 'input': ['mlp.gate_proj'], 'inspect': LlamaMLP(
  (gate_proj): Linear(in_features=3072, out_features=8192, bias=False)
  (up_proj): Linear(in_features=3072, out_features=8192, bias=False)
  (down_proj): Linear(in_features=8192, out_features=3072, bias=False)
  (act_fn): SiLUActivation()
), 'has_kwargs': False, 'is_mlp': True}
2026-07-26 14:02:49.574 | INFO     | llmc.compression.quantization.gptq:update_layer_with_transformed_weights:184 - error 6543.05517578125
2026-07-26 14:02:49.574 | INFO     | llmc.compression.quantization.gptq:update_layer_with_transformed_weights:184 - error 6543.05517578125
2026-07-26 14:02:50.446 | INFO     | llmc.compression.quantization.gptq:update_layer_with_transformed_weights:184 - error 4699.1044921875
2026-07-26 14:02:50.446 | INFO     | llmc.compression.quantization.gptq:update_layer_with_transformed_weights:184 - error 4699.1044921875
2026-07-26 14:02:50.454 | INFO     | llmc.models.base_model:replace_module_subset:432 - replace >>> mlp.gate_proj in 6-th block
2026-07-26 14:02:50.454 | INFO     | llmc.models.base_model:replace_module_subset:432 - replace >>> mlp.gate_proj in 6-th block
2026-07-26 14:02:50.454 | INFO     | llmc.models.base_model:replace_module_subset:432 - replace >>> mlp.up_proj in 6-th block
2026-07-26 14:02:50.454 | INFO     | llmc.models.base_model:replace_module_subset:432 - replace >>> mlp.up_proj in 6-th block
2026-07-26 14:02:52.804 | INFO     | llmc.compression.quantization.base_blockwise_quantization:block_transform:493 - subset: {'layers': {'mlp.down_proj': Linear(in_features=8192, out_features=3072, bias=False)}, 'prev_op': [Linear(in_features=3072, out_features=8192, bias=False)], 'input': ['mlp.down_proj'], 'inspect': Linear(in_features=8192, out_features=3072, bias=False), 'has_kwargs': False, 'is_mlp': True}
2026-07-26 14:02:52.804 | INFO     | llmc.compression.quantization.base_blockwise_quantization:block_transform:493 - subset: {'layers': {'mlp.down_proj': Linear(in_features=8192, out_features=3072, bias=False)}, 'prev_op': [Linear(in_features=3072, out_features=8192, bias=False)], 'input': ['mlp.down_proj'], 'inspect': Linear(in_features=8192, out_features=3072, bias=False), 'has_kwargs': False, 'is_mlp': True}
2026-07-26 14:02:54.979 | INFO     | llmc.compression.quantization.gptq:update_layer_with_transformed_weights:184 - error 171.46017456054688
2026-07-26 14:02:54.979 | INFO     | llmc.compression.quantization.gptq:update_layer_with_transformed_weights:184 - error 171.46017456054688
2026-07-26 14:02:55.001 | INFO     | llmc.compression.quantization.base_blockwise_quantization:block_transform:523 - End transform the 6-th block
2026-07-26 14:02:55.001 | INFO     | llmc.compression.quantization.base_blockwise_quantization:block_transform:523 - End transform the 6-th block
2026-07-26 14:02:55.002 | INFO     | llmc.models.base_model:replace_module_subset:432 - replace >>> self_attn.q_proj in 6-th block
2026-07-26 14:02:55.002 | INFO     | llmc.models.base_model:replace_module_subset:432 - replace >>> self_attn.q_proj in 6-th block
2026-07-26 14:02:55.002 | INFO     | llmc.models.base_model:replace_module_subset:432 - replace >>> self_attn.k_proj in 6-th block
2026-07-26 14:02:55.002 | INFO     | llmc.models.base_model:replace_module_subset:432 - replace >>> self_attn.k_proj in 6-th block
2026-07-26 14:02:55.002 | INFO     | llmc.models.base_model:replace_module_subset:432 - replace >>> self_attn.v_proj in 6-th block
2026-07-26 14:02:55.002 | INFO     | llmc.models.base_model:replace_module_subset:432 - replace >>> self_attn.v_proj in 6-th block
2026-07-26 14:02:55.002 | INFO     | llmc.models.base_model:replace_module_subset:432 - replace >>> self_attn.o_proj in 6-th block
2026-07-26 14:02:55.002 | INFO     | llmc.models.base_model:replace_module_subset:432 - replace >>> self_attn.o_proj in 6-th block
2026-07-26 14:02:55.002 | INFO     | llmc.models.base_model:replace_module_subset:432 - replace >>> mlp.gate_proj in 6-th block
2026-07-26 14:02:55.002 | INFO     | llmc.models.base_model:replace_module_subset:432 - replace >>> mlp.gate_proj in 6-th block
2026-07-26 14:02:55.002 | INFO     | llmc.models.base_model:replace_module_subset:432 - replace >>> mlp.up_proj in 6-th block
2026-07-26 14:02:55.002 | INFO     | llmc.models.base_model:replace_module_subset:432 - replace >>> mlp.up_proj in 6-th block
2026-07-26 14:02:55.002 | INFO     | llmc.models.base_model:replace_module_subset:432 - replace >>> mlp.down_proj in 6-th block
2026-07-26 14:02:55.002 | INFO     | llmc.models.base_model:replace_module_subset:432 - replace >>> mlp.down_proj in 6-th block
2026-07-26 14:02:56.359 | INFO     | llmc.compression.blockwise_optimization:run_block_loop:36 - 
block index: 7/28 
block: LlamaDecoderLayer(
  (self_attn): LlamaAttention(
    (q_proj): Linear(in_features=3072, out_features=3072, bias=False)
    (k_proj): Linear(in_features=3072, out_features=1024, bias=False)
    (v_proj): Linear(in_features=3072, out_features=1024, bias=False)
    (o_proj): Linear(in_features=3072, out_features=3072, bias=False)
  )
  (mlp): LlamaMLP(
    (gate_proj): Linear(in_features=3072, out_features=8192, bias=False)
    (up_proj): Linear(in_features=3072, out_features=8192, bias=False)
    (down_proj): Linear(in_features=8192, out_features=3072, bias=False)
    (act_fn): SiLUActivation()
  )
  (input_layernorm): LlamaRMSNorm((3072,), eps=1e-05)
  (post_attention_layernorm): LlamaRMSNorm((3072,), eps=1e-05)
)
2026-07-26 14:02:56.359 | INFO     | llmc.compression.blockwise_optimization:run_block_loop:36 - 
block index: 7/28 
block: LlamaDecoderLayer(
  (self_attn): LlamaAttention(
    (q_proj): Linear(in_features=3072, out_features=3072, bias=False)
    (k_proj): Linear(in_features=3072, out_features=1024, bias=False)
    (v_proj): Linear(in_features=3072, out_features=1024, bias=False)
    (o_proj): Linear(in_features=3072, out_features=3072, bias=False)
  )
  (mlp): LlamaMLP(
    (gate_proj): Linear(in_features=3072, out_features=8192, bias=False)
    (up_proj): Linear(in_features=3072, out_features=8192, bias=False)
    (down_proj): Linear(in_features=8192, out_features=3072, bias=False)
    (act_fn): SiLUActivation()
  )
  (input_layernorm): LlamaRMSNorm((3072,), eps=1e-05)
  (post_attention_layernorm): LlamaRMSNorm((3072,), eps=1e-05)
)
2026-07-26 14:02:56.386 | INFO     | llmc.compression.quantization.base_blockwise_quantization:block_opt:416 - input_feat_modules: {'self_attn.q_proj': Linear(in_features=3072, out_features=3072, bias=False), 'self_attn.k_proj': Linear(in_features=3072, out_features=1024, bias=False), 'self_attn.v_proj': Linear(in_features=3072, out_features=1024, bias=False), 'self_attn.o_proj': Linear(in_features=3072, out_features=3072, bias=False), 'mlp.gate_proj': Linear(in_features=3072, out_features=8192, bias=False), 'mlp.up_proj': Linear(in_features=3072, out_features=8192, bias=False), 'mlp.down_proj': Linear(in_features=8192, out_features=3072, bias=False)}
2026-07-26 14:02:56.386 | INFO     | llmc.compression.quantization.base_blockwise_quantization:block_opt:416 - input_feat_modules: {'self_attn.q_proj': Linear(in_features=3072, out_features=3072, bias=False), 'self_attn.k_proj': Linear(in_features=3072, out_features=1024, bias=False), 'self_attn.v_proj': Linear(in_features=3072, out_features=1024, bias=False), 'self_attn.o_proj': Linear(in_features=3072, out_features=3072, bias=False), 'mlp.gate_proj': Linear(in_features=3072, out_features=8192, bias=False), 'mlp.up_proj': Linear(in_features=3072, out_features=8192, bias=False), 'mlp.down_proj': Linear(in_features=8192, out_features=3072, bias=False)}
2026-07-26 14:02:59.765 | INFO     | llmc.compression.quantization.base_blockwise_quantization:block_transform:484 - Start transform the 7-th block
2026-07-26 14:02:59.765 | INFO     | llmc.compression.quantization.base_blockwise_quantization:block_transform:484 - Start transform the 7-th block
2026-07-26 14:02:59.765 | INFO     | llmc.compression.quantization.base_blockwise_quantization:block_transform:493 - subset: {'layers': {'self_attn.q_proj': Linear(in_features=3072, out_features=3072, bias=False), 'self_attn.k_proj': Linear(in_features=3072, out_features=1024, bias=False), 'self_attn.v_proj': Linear(in_features=3072, out_features=1024, bias=False)}, 'prev_op': [LlamaRMSNorm((3072,), eps=1e-05)], 'input': ['self_attn.q_proj'], 'inspect': LlamaAttention(
  (q_proj): Linear(in_features=3072, out_features=3072, bias=False)
  (k_proj): Linear(in_features=3072, out_features=1024, bias=False)
  (v_proj): Linear(in_features=3072, out_features=1024, bias=False)
  (o_proj): Linear(in_features=3072, out_features=3072, bias=False)
), 'has_kwargs': True}
2026-07-26 14:02:59.765 | INFO     | llmc.compression.quantization.base_blockwise_quantization:block_transform:493 - subset: {'layers': {'self_attn.q_proj': Linear(in_features=3072, out_features=3072, bias=False), 'self_attn.k_proj': Linear(in_features=3072, out_features=1024, bias=False), 'self_attn.v_proj': Linear(in_features=3072, out_features=1024, bias=False)}, 'prev_op': [LlamaRMSNorm((3072,), eps=1e-05)], 'input': ['self_attn.q_proj'], 'inspect': LlamaAttention(
  (q_proj): Linear(in_features=3072, out_features=3072, bias=False)
  (k_proj): Linear(in_features=3072, out_features=1024, bias=False)
  (v_proj): Linear(in_features=3072, out_features=1024, bias=False)
  (o_proj): Linear(in_features=3072, out_features=3072, bias=False)
), 'has_kwargs': True}
2026-07-26 14:03:00.458 | INFO     | llmc.compression.quantization.gptq:update_layer_with_transformed_weights:184 - error 6261.5283203125
2026-07-26 14:03:00.458 | INFO     | llmc.compression.quantization.gptq:update_layer_with_transformed_weights:184 - error 6261.5283203125
2026-07-26 14:03:01.146 | INFO     | llmc.compression.quantization.gptq:update_layer_with_transformed_weights:184 - error 3776.67822265625
2026-07-26 14:03:01.146 | INFO     | llmc.compression.quantization.gptq:update_layer_with_transformed_weights:184 - error 3776.67822265625
2026-07-26 14:03:01.834 | INFO     | llmc.compression.quantization.gptq:update_layer_with_transformed_weights:184 - error 517.89111328125
2026-07-26 14:03:01.834 | INFO     | llmc.compression.quantization.gptq:update_layer_with_transformed_weights:184 - error 517.89111328125
2026-07-26 14:03:01.837 | INFO     | llmc.models.base_model:replace_module_subset:432 - replace >>> self_attn.q_proj in 7-th block
2026-07-26 14:03:01.837 | INFO     | llmc.models.base_model:replace_module_subset:432 - replace >>> self_attn.q_proj in 7-th block
2026-07-26 14:03:01.837 | INFO     | llmc.models.base_model:replace_module_subset:432 - replace >>> self_attn.k_proj in 7-th block
2026-07-26 14:03:01.837 | INFO     | llmc.models.base_model:replace_module_subset:432 - replace >>> self_attn.k_proj in 7-th block
2026-07-26 14:03:01.837 | INFO     | llmc.models.base_model:replace_module_subset:432 - replace >>> self_attn.v_proj in 7-th block
2026-07-26 14:03:01.837 | INFO     | llmc.models.base_model:replace_module_subset:432 - replace >>> self_attn.v_proj in 7-th block
2026-07-26 14:03:03.002 | INFO     | llmc.compression.quantization.base_blockwise_quantization:block_transform:493 - subset: {'layers': {'self_attn.o_proj': Linear(in_features=3072, out_features=3072, bias=False)}, 'prev_op': [Linear(in_features=3072, out_features=1024, bias=False)], 'input': ['self_attn.o_proj'], 'inspect': Linear(in_features=3072, out_features=3072, bias=False), 'has_kwargs': False}
2026-07-26 14:03:03.002 | INFO     | llmc.compression.quantization.base_blockwise_quantization:block_transform:493 - subset: {'layers': {'self_attn.o_proj': Linear(in_features=3072, out_features=3072, bias=False)}, 'prev_op': [Linear(in_features=3072, out_features=1024, bias=False)], 'input': ['self_attn.o_proj'], 'inspect': Linear(in_features=3072, out_features=3072, bias=False), 'has_kwargs': False}
2026-07-26 14:03:03.707 | INFO     | llmc.compression.quantization.gptq:update_layer_with_transformed_weights:184 - error 78.89786529541016
2026-07-26 14:03:03.707 | INFO     | llmc.compression.quantization.gptq:update_layer_with_transformed_weights:184 - error 78.89786529541016
2026-07-26 14:03:03.731 | INFO     | llmc.models.base_model:replace_module_subset:432 - replace >>> self_attn.o_proj in 7-th block
2026-07-26 14:03:03.731 | INFO     | llmc.models.base_model:replace_module_subset:432 - replace >>> self_attn.o_proj in 7-th block
2026-07-26 14:03:05.035 | INFO     | llmc.compression.quantization.base_blockwise_quantization:block_transform:493 - subset: {'layers': {'mlp.gate_proj': Linear(in_features=3072, out_features=8192, bias=False), 'mlp.up_proj': Linear(in_features=3072, out_features=8192, bias=False)}, 'prev_op': [LlamaRMSNorm((3072,), eps=1e-05)], 'input': ['mlp.gate_proj'], 'inspect': LlamaMLP(
  (gate_proj): Linear(in_features=3072, out_features=8192, bias=False)
  (up_proj): Linear(in_features=3072, out_features=8192, bias=False)
  (down_proj): Linear(in_features=8192, out_features=3072, bias=False)
  (act_fn): SiLUActivation()
), 'has_kwargs': False, 'is_mlp': True}
2026-07-26 14:03:05.035 | INFO     | llmc.compression.quantization.base_blockwise_quantization:block_transform:493 - subset: {'layers': {'mlp.gate_proj': Linear(in_features=3072, out_features=8192, bias=False), 'mlp.up_proj': Linear(in_features=3072, out_features=8192, bias=False)}, 'prev_op': [LlamaRMSNorm((3072,), eps=1e-05)], 'input': ['mlp.gate_proj'], 'inspect': LlamaMLP(
  (gate_proj): Linear(in_features=3072, out_features=8192, bias=False)
  (up_proj): Linear(in_features=3072, out_features=8192, bias=False)
  (down_proj): Linear(in_features=8192, out_features=3072, bias=False)
  (act_fn): SiLUActivation()
), 'has_kwargs': False, 'is_mlp': True}
2026-07-26 14:03:05.756 | INFO     | llmc.compression.quantization.gptq:update_layer_with_transformed_weights:184 - error 6304.88818359375
2026-07-26 14:03:05.756 | INFO     | llmc.compression.quantization.gptq:update_layer_with_transformed_weights:184 - error 6304.88818359375
2026-07-26 14:03:06.459 | INFO     | llmc.compression.quantization.gptq:update_layer_with_transformed_weights:184 - error 4893.7734375
2026-07-26 14:03:06.459 | INFO     | llmc.compression.quantization.gptq:update_layer_with_transformed_weights:184 - error 4893.7734375
2026-07-26 14:03:06.466 | INFO     | llmc.models.base_model:replace_module_subset:432 - replace >>> mlp.gate_proj in 7-th block
2026-07-26 14:03:06.466 | INFO     | llmc.models.base_model:replace_module_subset:432 - replace >>> mlp.gate_proj in 7-th block
2026-07-26 14:03:06.466 | INFO     | llmc.models.base_model:replace_module_subset:432 - replace >>> mlp.up_proj in 7-th block
2026-07-26 14:03:06.466 | INFO     | llmc.models.base_model:replace_module_subset:432 - replace >>> mlp.up_proj in 7-th block
2026-07-26 14:03:08.770 | INFO     | llmc.compression.quantization.base_blockwise_quantization:block_transform:493 - subset: {'layers': {'mlp.down_proj': Linear(in_features=8192, out_features=3072, bias=False)}, 'prev_op': [Linear(in_features=3072, out_features=8192, bias=False)], 'input': ['mlp.down_proj'], 'inspect': Linear(in_features=8192, out_features=3072, bias=False), 'has_kwargs': False, 'is_mlp': True}
2026-07-26 14:03:08.770 | INFO     | llmc.compression.quantization.base_blockwise_quantization:block_transform:493 - subset: {'layers': {'mlp.down_proj': Linear(in_features=8192, out_features=3072, bias=False)}, 'prev_op': [Linear(in_features=3072, out_features=8192, bias=False)], 'input': ['mlp.down_proj'], 'inspect': Linear(in_features=8192, out_features=3072, bias=False), 'has_kwargs': False, 'is_mlp': True}
2026-07-26 14:03:10.612 | INFO     | llmc.compression.quantization.gptq:update_layer_with_transformed_weights:184 - error 190.9806365966797
2026-07-26 14:03:10.612 | INFO     | llmc.compression.quantization.gptq:update_layer_with_transformed_weights:184 - error 190.9806365966797
2026-07-26 14:03:10.627 | INFO     | llmc.compression.quantization.base_blockwise_quantization:block_transform:523 - End transform the 7-th block
2026-07-26 14:03:10.627 | INFO     | llmc.compression.quantization.base_blockwise_quantization:block_transform:523 - End transform the 7-th block
2026-07-26 14:03:10.628 | INFO     | llmc.models.base_model:replace_module_subset:432 - replace >>> self_attn.q_proj in 7-th block
2026-07-26 14:03:10.628 | INFO     | llmc.models.base_model:replace_module_subset:432 - replace >>> self_attn.q_proj in 7-th block
2026-07-26 14:03:10.628 | INFO     | llmc.models.base_model:replace_module_subset:432 - replace >>> self_attn.k_proj in 7-th block
2026-07-26 14:03:10.628 | INFO     | llmc.models.base_model:replace_module_subset:432 - replace >>> self_attn.k_proj in 7-th block
2026-07-26 14:03:10.628 | INFO     | llmc.models.base_model:replace_module_subset:432 - replace >>> self_attn.v_proj in 7-th block
2026-07-26 14:03:10.628 | INFO     | llmc.models.base_model:replace_module_subset:432 - replace >>> self_attn.v_proj in 7-th block
2026-07-26 14:03:10.628 | INFO     | llmc.models.base_model:replace_module_subset:432 - replace >>> self_attn.o_proj in 7-th block
2026-07-26 14:03:10.628 | INFO     | llmc.models.base_model:replace_module_subset:432 - replace >>> self_attn.o_proj in 7-th block
2026-07-26 14:03:10.628 | INFO     | llmc.models.base_model:replace_module_subset:432 - replace >>> mlp.gate_proj in 7-th block
2026-07-26 14:03:10.628 | INFO     | llmc.models.base_model:replace_module_subset:432 - replace >>> mlp.gate_proj in 7-th block
2026-07-26 14:03:10.628 | INFO     | llmc.models.base_model:replace_module_subset:432 - replace >>> mlp.up_proj in 7-th block
2026-07-26 14:03:10.628 | INFO     | llmc.models.base_model:replace_module_subset:432 - replace >>> mlp.up_proj in 7-th block
2026-07-26 14:03:10.628 | INFO     | llmc.models.base_model:replace_module_subset:432 - replace >>> mlp.down_proj in 7-th block
2026-07-26 14:03:10.628 | INFO     | llmc.models.base_model:replace_module_subset:432 - replace >>> mlp.down_proj in 7-th block
2026-07-26 14:03:12.031 | INFO     | llmc.compression.blockwise_optimization:run_block_loop:36 - 
block index: 8/28 
block: LlamaDecoderLayer(
  (self_attn): LlamaAttention(
    (q_proj): Linear(in_features=3072, out_features=3072, bias=False)
    (k_proj): Linear(in_features=3072, out_features=1024, bias=False)
    (v_proj): Linear(in_features=3072, out_features=1024, bias=False)
    (o_proj): Linear(in_features=3072, out_features=3072, bias=False)
  )
  (mlp): LlamaMLP(
    (gate_proj): Linear(in_features=3072, out_features=8192, bias=False)
    (up_proj): Linear(in_features=3072, out_features=8192, bias=False)
    (down_proj): Linear(in_features=8192, out_features=3072, bias=False)
    (act_fn): SiLUActivation()
  )
  (input_layernorm): LlamaRMSNorm((3072,), eps=1e-05)
  (post_attention_layernorm): LlamaRMSNorm((3072,), eps=1e-05)
)
2026-07-26 14:03:12.031 | INFO     | llmc.compression.blockwise_optimization:run_block_loop:36 - 
block index: 8/28 
block: LlamaDecoderLayer(
  (self_attn): LlamaAttention(
    (q_proj): Linear(in_features=3072, out_features=3072, bias=False)
    (k_proj): Linear(in_features=3072, out_features=1024, bias=False)
    (v_proj): Linear(in_features=3072, out_features=1024, bias=False)
    (o_proj): Linear(in_features=3072, out_features=3072, bias=False)
  )
  (mlp): LlamaMLP(
    (gate_proj): Linear(in_features=3072, out_features=8192, bias=False)
    (up_proj): Linear(in_features=3072, out_features=8192, bias=False)
    (down_proj): Linear(in_features=8192, out_features=3072, bias=False)
    (act_fn): SiLUActivation()
  )
  (input_layernorm): LlamaRMSNorm((3072,), eps=1e-05)
  (post_attention_layernorm): LlamaRMSNorm((3072,), eps=1e-05)
)
2026-07-26 14:03:12.059 | INFO     | llmc.compression.quantization.base_blockwise_quantization:block_opt:416 - input_feat_modules: {'self_attn.q_proj': Linear(in_features=3072, out_features=3072, bias=False), 'self_attn.k_proj': Linear(in_features=3072, out_features=1024, bias=False), 'self_attn.v_proj': Linear(in_features=3072, out_features=1024, bias=False), 'self_attn.o_proj': Linear(in_features=3072, out_features=3072, bias=False), 'mlp.gate_proj': Linear(in_features=3072, out_features=8192, bias=False), 'mlp.up_proj': Linear(in_features=3072, out_features=8192, bias=False), 'mlp.down_proj': Linear(in_features=8192, out_features=3072, bias=False)}
2026-07-26 14:03:12.059 | INFO     | llmc.compression.quantization.base_blockwise_quantization:block_opt:416 - input_feat_modules: {'self_attn.q_proj': Linear(in_features=3072, out_features=3072, bias=False), 'self_attn.k_proj': Linear(in_features=3072, out_features=1024, bias=False), 'self_attn.v_proj': Linear(in_features=3072, out_features=1024, bias=False), 'self_attn.o_proj': Linear(in_features=3072, out_features=3072, bias=False), 'mlp.gate_proj': Linear(in_features=3072, out_features=8192, bias=False), 'mlp.up_proj': Linear(in_features=3072, out_features=8192, bias=False), 'mlp.down_proj': Linear(in_features=8192, out_features=3072, bias=False)}
2026-07-26 14:03:15.475 | INFO     | llmc.compression.quantization.base_blockwise_quantization:block_transform:484 - Start transform the 8-th block
2026-07-26 14:03:15.475 | INFO     | llmc.compression.quantization.base_blockwise_quantization:block_transform:484 - Start transform the 8-th block
2026-07-26 14:03:15.475 | INFO     | llmc.compression.quantization.base_blockwise_quantization:block_transform:493 - subset: {'layers': {'self_attn.q_proj': Linear(in_features=3072, out_features=3072, bias=False), 'self_attn.k_proj': Linear(in_features=3072, out_features=1024, bias=False), 'self_attn.v_proj': Linear(in_features=3072, out_features=1024, bias=False)}, 'prev_op': [LlamaRMSNorm((3072,), eps=1e-05)], 'input': ['self_attn.q_proj'], 'inspect': LlamaAttention(
  (q_proj): Linear(in_features=3072, out_features=3072, bias=False)
  (k_proj): Linear(in_features=3072, out_features=1024, bias=False)
  (v_proj): Linear(in_features=3072, out_features=1024, bias=False)
  (o_proj): Linear(in_features=3072, out_features=3072, bias=False)
), 'has_kwargs': True}
2026-07-26 14:03:15.475 | INFO     | llmc.compression.quantization.base_blockwise_quantization:block_transform:493 - subset: {'layers': {'self_attn.q_proj': Linear(in_features=3072, out_features=3072, bias=False), 'self_attn.k_proj': Linear(in_features=3072, out_features=1024, bias=False), 'self_attn.v_proj': Linear(in_features=3072, out_features=1024, bias=False)}, 'prev_op': [LlamaRMSNorm((3072,), eps=1e-05)], 'input': ['self_attn.q_proj'], 'inspect': LlamaAttention(
  (q_proj): Linear(in_features=3072, out_features=3072, bias=False)
  (k_proj): Linear(in_features=3072, out_features=1024, bias=False)
  (v_proj): Linear(in_features=3072, out_features=1024, bias=False)
  (o_proj): Linear(in_features=3072, out_features=3072, bias=False)
), 'has_kwargs': True}
2026-07-26 14:03:16.213 | INFO     | llmc.compression.quantization.gptq:update_layer_with_transformed_weights:184 - error 7759.08203125
2026-07-26 14:03:16.213 | INFO     | llmc.compression.quantization.gptq:update_layer_with_transformed_weights:184 - error 7759.08203125
2026-07-26 14:03:16.883 | INFO     | llmc.compression.quantization.gptq:update_layer_with_transformed_weights:184 - error 4635.455078125
2026-07-26 14:03:16.883 | INFO     | llmc.compression.quantization.gptq:update_layer_with_transformed_weights:184 - error 4635.455078125
2026-07-26 14:03:17.559 | INFO     | llmc.compression.quantization.gptq:update_layer_with_transformed_weights:184 - error 624.05419921875
2026-07-26 14:03:17.559 | INFO     | llmc.compression.quantization.gptq:update_layer_with_transformed_weights:184 - error 624.05419921875
2026-07-26 14:03:17.562 | INFO     | llmc.models.base_model:replace_module_subset:432 - replace >>> self_attn.q_proj in 8-th block
2026-07-26 14:03:17.562 | INFO     | llmc.models.base_model:replace_module_subset:432 - replace >>> self_attn.q_proj in 8-th block
2026-07-26 14:03:17.562 | INFO     | llmc.models.base_model:replace_module_subset:432 - replace >>> self_attn.k_proj in 8-th block
2026-07-26 14:03:17.562 | INFO     | llmc.models.base_model:replace_module_subset:432 - replace >>> self_attn.k_proj in 8-th block
2026-07-26 14:03:17.562 | INFO     | llmc.models.base_model:replace_module_subset:432 - replace >>> self_attn.v_proj in 8-th block
2026-07-26 14:03:17.562 | INFO     | llmc.models.base_model:replace_module_subset:432 - replace >>> self_attn.v_proj in 8-th block
2026-07-26 14:03:18.733 | INFO     | llmc.compression.quantization.base_blockwise_quantization:block_transform:493 - subset: {'layers': {'self_attn.o_proj': Linear(in_features=3072, out_features=3072, bias=False)}, 'prev_op': [Linear(in_features=3072, out_features=1024, bias=False)], 'input': ['self_attn.o_proj'], 'inspect': Linear(in_features=3072, out_features=3072, bias=False), 'has_kwargs': False}
2026-07-26 14:03:18.733 | INFO     | llmc.compression.quantization.base_blockwise_quantization:block_transform:493 - subset: {'layers': {'self_attn.o_proj': Linear(in_features=3072, out_features=3072, bias=False)}, 'prev_op': [Linear(in_features=3072, out_features=1024, bias=False)], 'input': ['self_attn.o_proj'], 'inspect': Linear(in_features=3072, out_features=3072, bias=False), 'has_kwargs': False}
2026-07-26 14:03:19.423 | INFO     | llmc.compression.quantization.gptq:update_layer_with_transformed_weights:184 - error 102.77921295166016
2026-07-26 14:03:19.423 | INFO     | llmc.compression.quantization.gptq:update_layer_with_transformed_weights:184 - error 102.77921295166016
2026-07-26 14:03:19.443 | INFO     | llmc.models.base_model:replace_module_subset:432 - replace >>> self_attn.o_proj in 8-th block
2026-07-26 14:03:19.443 | INFO     | llmc.models.base_model:replace_module_subset:432 - replace >>> self_attn.o_proj in 8-th block
2026-07-26 14:03:20.783 | INFO     | llmc.compression.quantization.base_blockwise_quantization:block_transform:493 - subset: {'layers': {'mlp.gate_proj': Linear(in_features=3072, out_features=8192, bias=False), 'mlp.up_proj': Linear(in_features=3072, out_features=8192, bias=False)}, 'prev_op': [LlamaRMSNorm((3072,), eps=1e-05)], 'input': ['mlp.gate_proj'], 'inspect': LlamaMLP(
  (gate_proj): Linear(in_features=3072, out_features=8192, bias=False)
  (up_proj): Linear(in_features=3072, out_features=8192, bias=False)
  (down_proj): Linear(in_features=8192, out_features=3072, bias=False)
  (act_fn): SiLUActivation()
), 'has_kwargs': False, 'is_mlp': True}
2026-07-26 14:03:20.783 | INFO     | llmc.compression.quantization.base_blockwise_quantization:block_transform:493 - subset: {'layers': {'mlp.gate_proj': Linear(in_features=3072, out_features=8192, bias=False), 'mlp.up_proj': Linear(in_features=3072, out_features=8192, bias=False)}, 'prev_op': [LlamaRMSNorm((3072,), eps=1e-05)], 'input': ['mlp.gate_proj'], 'inspect': LlamaMLP(
  (gate_proj): Linear(in_features=3072, out_features=8192, bias=False)
  (up_proj): Linear(in_features=3072, out_features=8192, bias=False)
  (down_proj): Linear(in_features=8192, out_features=3072, bias=False)
  (act_fn): SiLUActivation()
), 'has_kwargs': False, 'is_mlp': True}
2026-07-26 14:03:21.471 | INFO     | llmc.compression.quantization.gptq:update_layer_with_transformed_weights:184 - error 6738.24072265625
2026-07-26 14:03:21.471 | INFO     | llmc.compression.quantization.gptq:update_layer_with_transformed_weights:184 - error 6738.24072265625
2026-07-26 14:03:22.180 | INFO     | llmc.compression.quantization.gptq:update_layer_with_transformed_weights:184 - error 5149.998046875
2026-07-26 14:03:22.180 | INFO     | llmc.compression.quantization.gptq:update_layer_with_transformed_weights:184 - error 5149.998046875
2026-07-26 14:03:22.188 | INFO     | llmc.models.base_model:replace_module_subset:432 - replace >>> mlp.gate_proj in 8-th block
2026-07-26 14:03:22.188 | INFO     | llmc.models.base_model:replace_module_subset:432 - replace >>> mlp.gate_proj in 8-th block
2026-07-26 14:03:22.188 | INFO     | llmc.models.base_model:replace_module_subset:432 - replace >>> mlp.up_proj in 8-th block
2026-07-26 14:03:22.188 | INFO     | llmc.models.base_model:replace_module_subset:432 - replace >>> mlp.up_proj in 8-th block
2026-07-26 14:03:24.425 | INFO     | llmc.compression.quantization.base_blockwise_quantization:block_transform:493 - subset: {'layers': {'mlp.down_proj': Linear(in_features=8192, out_features=3072, bias=False)}, 'prev_op': [Linear(in_features=3072, out_features=8192, bias=False)], 'input': ['mlp.down_proj'], 'inspect': Linear(in_features=8192, out_features=3072, bias=False), 'has_kwargs': False, 'is_mlp': True}
2026-07-26 14:03:24.425 | INFO     | llmc.compression.quantization.base_blockwise_quantization:block_transform:493 - subset: {'layers': {'mlp.down_proj': Linear(in_features=8192, out_features=3072, bias=False)}, 'prev_op': [Linear(in_features=3072, out_features=8192, bias=False)], 'input': ['mlp.down_proj'], 'inspect': Linear(in_features=8192, out_features=3072, bias=False), 'has_kwargs': False, 'is_mlp': True}
2026-07-26 14:03:26.262 | INFO     | llmc.compression.quantization.gptq:update_layer_with_transformed_weights:184 - error 201.50332641601562
2026-07-26 14:03:26.262 | INFO     | llmc.compression.quantization.gptq:update_layer_with_transformed_weights:184 - error 201.50332641601562
2026-07-26 14:03:26.284 | INFO     | llmc.compression.quantization.base_blockwise_quantization:block_transform:523 - End transform the 8-th block
2026-07-26 14:03:26.284 | INFO     | llmc.compression.quantization.base_blockwise_quantization:block_transform:523 - End transform the 8-th block
2026-07-26 14:03:26.284 | INFO     | llmc.models.base_model:replace_module_subset:432 - replace >>> self_attn.q_proj in 8-th block
2026-07-26 14:03:26.284 | INFO     | llmc.models.base_model:replace_module_subset:432 - replace >>> self_attn.q_proj in 8-th block
2026-07-26 14:03:26.284 | INFO     | llmc.models.base_model:replace_module_subset:432 - replace >>> self_attn.k_proj in 8-th block
2026-07-26 14:03:26.284 | INFO     | llmc.models.base_model:replace_module_subset:432 - replace >>> self_attn.k_proj in 8-th block
2026-07-26 14:03:26.284 | INFO     | llmc.models.base_model:replace_module_subset:432 - replace >>> self_attn.v_proj in 8-th block
2026-07-26 14:03:26.284 | INFO     | llmc.models.base_model:replace_module_subset:432 - replace >>> self_attn.v_proj in 8-th block
2026-07-26 14:03:26.284 | INFO     | llmc.models.base_model:replace_module_subset:432 - replace >>> self_attn.o_proj in 8-th block
2026-07-26 14:03:26.284 | INFO     | llmc.models.base_model:replace_module_subset:432 - replace >>> self_attn.o_proj in 8-th block
2026-07-26 14:03:26.284 | INFO     | llmc.models.base_model:replace_module_subset:432 - replace >>> mlp.gate_proj in 8-th block
2026-07-26 14:03:26.284 | INFO     | llmc.models.base_model:replace_module_subset:432 - replace >>> mlp.gate_proj in 8-th block
2026-07-26 14:03:26.284 | INFO     | llmc.models.base_model:replace_module_subset:432 - replace >>> mlp.up_proj in 8-th block
2026-07-26 14:03:26.284 | INFO     | llmc.models.base_model:replace_module_subset:432 - replace >>> mlp.up_proj in 8-th block
2026-07-26 14:03:26.285 | INFO     | llmc.models.base_model:replace_module_subset:432 - replace >>> mlp.down_proj in 8-th block
2026-07-26 14:03:26.285 | INFO     | llmc.models.base_model:replace_module_subset:432 - replace >>> mlp.down_proj in 8-th block
2026-07-26 14:03:27.636 | INFO     | llmc.compression.blockwise_optimization:run_block_loop:36 - 
block index: 9/28 
block: LlamaDecoderLayer(
  (self_attn): LlamaAttention(
    (q_proj): Linear(in_features=3072, out_features=3072, bias=False)
    (k_proj): Linear(in_features=3072, out_features=1024, bias=False)
    (v_proj): Linear(in_features=3072, out_features=1024, bias=False)
    (o_proj): Linear(in_features=3072, out_features=3072, bias=False)
  )
  (mlp): LlamaMLP(
    (gate_proj): Linear(in_features=3072, out_features=8192, bias=False)
    (up_proj): Linear(in_features=3072, out_features=8192, bias=False)
    (down_proj): Linear(in_features=8192, out_features=3072, bias=False)
    (act_fn): SiLUActivation()
  )
  (input_layernorm): LlamaRMSNorm((3072,), eps=1e-05)
  (post_attention_layernorm): LlamaRMSNorm((3072,), eps=1e-05)
)
2026-07-26 14:03:27.636 | INFO     | llmc.compression.blockwise_optimization:run_block_loop:36 - 
block index: 9/28 
block: LlamaDecoderLayer(
  (self_attn): LlamaAttention(
    (q_proj): Linear(in_features=3072, out_features=3072, bias=False)
    (k_proj): Linear(in_features=3072, out_features=1024, bias=False)
    (v_proj): Linear(in_features=3072, out_features=1024, bias=False)
    (o_proj): Linear(in_features=3072, out_features=3072, bias=False)
  )
  (mlp): LlamaMLP(
    (gate_proj): Linear(in_features=3072, out_features=8192, bias=False)
    (up_proj): Linear(in_features=3072, out_features=8192, bias=False)
    (down_proj): Linear(in_features=8192, out_features=3072, bias=False)
    (act_fn): SiLUActivation()
  )
  (input_layernorm): LlamaRMSNorm((3072,), eps=1e-05)
  (post_attention_layernorm): LlamaRMSNorm((3072,), eps=1e-05)
)
2026-07-26 14:03:27.665 | INFO     | llmc.compression.quantization.base_blockwise_quantization:block_opt:416 - input_feat_modules: {'self_attn.q_proj': Linear(in_features=3072, out_features=3072, bias=False), 'self_attn.k_proj': Linear(in_features=3072, out_features=1024, bias=False), 'self_attn.v_proj': Linear(in_features=3072, out_features=1024, bias=False), 'self_attn.o_proj': Linear(in_features=3072, out_features=3072, bias=False), 'mlp.gate_proj': Linear(in_features=3072, out_features=8192, bias=False), 'mlp.up_proj': Linear(in_features=3072, out_features=8192, bias=False), 'mlp.down_proj': Linear(in_features=8192, out_features=3072, bias=False)}
2026-07-26 14:03:27.665 | INFO     | llmc.compression.quantization.base_blockwise_quantization:block_opt:416 - input_feat_modules: {'self_attn.q_proj': Linear(in_features=3072, out_features=3072, bias=False), 'self_attn.k_proj': Linear(in_features=3072, out_features=1024, bias=False), 'self_attn.v_proj': Linear(in_features=3072, out_features=1024, bias=False), 'self_attn.o_proj': Linear(in_features=3072, out_features=3072, bias=False), 'mlp.gate_proj': Linear(in_features=3072, out_features=8192, bias=False), 'mlp.up_proj': Linear(in_features=3072, out_features=8192, bias=False), 'mlp.down_proj': Linear(in_features=8192, out_features=3072, bias=False)}
2026-07-26 14:03:31.013 | INFO     | llmc.compression.quantization.base_blockwise_quantization:block_transform:484 - Start transform the 9-th block
2026-07-26 14:03:31.013 | INFO     | llmc.compression.quantization.base_blockwise_quantization:block_transform:484 - Start transform the 9-th block
2026-07-26 14:03:31.014 | INFO     | llmc.compression.quantization.base_blockwise_quantization:block_transform:493 - subset: {'layers': {'self_attn.q_proj': Linear(in_features=3072, out_features=3072, bias=False), 'self_attn.k_proj': Linear(in_features=3072, out_features=1024, bias=False), 'self_attn.v_proj': Linear(in_features=3072, out_features=1024, bias=False)}, 'prev_op': [LlamaRMSNorm((3072,), eps=1e-05)], 'input': ['self_attn.q_proj'], 'inspect': LlamaAttention(
  (q_proj): Linear(in_features=3072, out_features=3072, bias=False)
  (k_proj): Linear(in_features=3072, out_features=1024, bias=False)
  (v_proj): Linear(in_features=3072, out_features=1024, bias=False)
  (o_proj): Linear(in_features=3072, out_features=3072, bias=False)
), 'has_kwargs': True}
2026-07-26 14:03:31.014 | INFO     | llmc.compression.quantization.base_blockwise_quantization:block_transform:493 - subset: {'layers': {'self_attn.q_proj': Linear(in_features=3072, out_features=3072, bias=False), 'self_attn.k_proj': Linear(in_features=3072, out_features=1024, bias=False), 'self_attn.v_proj': Linear(in_features=3072, out_features=1024, bias=False)}, 'prev_op': [LlamaRMSNorm((3072,), eps=1e-05)], 'input': ['self_attn.q_proj'], 'inspect': LlamaAttention(
  (q_proj): Linear(in_features=3072, out_features=3072, bias=False)
  (k_proj): Linear(in_features=3072, out_features=1024, bias=False)
  (v_proj): Linear(in_features=3072, out_features=1024, bias=False)
  (o_proj): Linear(in_features=3072, out_features=3072, bias=False)
), 'has_kwargs': True}
2026-07-26 14:03:31.729 | INFO     | llmc.compression.quantization.gptq:update_layer_with_transformed_weights:184 - error 8101.81591796875
2026-07-26 14:03:31.729 | INFO     | llmc.compression.quantization.gptq:update_layer_with_transformed_weights:184 - error 8101.81591796875
2026-07-26 14:03:32.405 | INFO     | llmc.compression.quantization.gptq:update_layer_with_transformed_weights:184 - error 4801.828125
2026-07-26 14:03:32.405 | INFO     | llmc.compression.quantization.gptq:update_layer_with_transformed_weights:184 - error 4801.828125
2026-07-26 14:03:33.074 | INFO     | llmc.compression.quantization.gptq:update_layer_with_transformed_weights:184 - error 843.4193115234375
2026-07-26 14:03:33.074 | INFO     | llmc.compression.quantization.gptq:update_layer_with_transformed_weights:184 - error 843.4193115234375
2026-07-26 14:03:33.077 | INFO     | llmc.models.base_model:replace_module_subset:432 - replace >>> self_attn.q_proj in 9-th block
2026-07-26 14:03:33.077 | INFO     | llmc.models.base_model:replace_module_subset:432 - replace >>> self_attn.q_proj in 9-th block
2026-07-26 14:03:33.077 | INFO     | llmc.models.base_model:replace_module_subset:432 - replace >>> self_attn.k_proj in 9-th block
2026-07-26 14:03:33.077 | INFO     | llmc.models.base_model:replace_module_subset:432 - replace >>> self_attn.k_proj in 9-th block
2026-07-26 14:03:33.077 | INFO     | llmc.models.base_model:replace_module_subset:432 - replace >>> self_attn.v_proj in 9-th block
2026-07-26 14:03:33.077 | INFO     | llmc.models.base_model:replace_module_subset:432 - replace >>> self_attn.v_proj in 9-th block
2026-07-26 14:03:34.233 | INFO     | llmc.compression.quantization.base_blockwise_quantization:block_transform:493 - subset: {'layers': {'self_attn.o_proj': Linear(in_features=3072, out_features=3072, bias=False)}, 'prev_op': [Linear(in_features=3072, out_features=1024, bias=False)], 'input': ['self_attn.o_proj'], 'inspect': Linear(in_features=3072, out_features=3072, bias=False), 'has_kwargs': False}
2026-07-26 14:03:34.233 | INFO     | llmc.compression.quantization.base_blockwise_quantization:block_transform:493 - subset: {'layers': {'self_attn.o_proj': Linear(in_features=3072, out_features=3072, bias=False)}, 'prev_op': [Linear(in_features=3072, out_features=1024, bias=False)], 'input': ['self_attn.o_proj'], 'inspect': Linear(in_features=3072, out_features=3072, bias=False), 'has_kwargs': False}
2026-07-26 14:03:34.964 | INFO     | llmc.compression.quantization.gptq:update_layer_with_transformed_weights:184 - error 112.50752258300781
2026-07-26 14:03:34.964 | INFO     | llmc.compression.quantization.gptq:update_layer_with_transformed_weights:184 - error 112.50752258300781
2026-07-26 14:03:34.968 | INFO     | llmc.models.base_model:replace_module_subset:432 - replace >>> self_attn.o_proj in 9-th block
2026-07-26 14:03:34.968 | INFO     | llmc.models.base_model:replace_module_subset:432 - replace >>> self_attn.o_proj in 9-th block
2026-07-26 14:03:36.254 | INFO     | llmc.compression.quantization.base_blockwise_quantization:block_transform:493 - subset: {'layers': {'mlp.gate_proj': Linear(in_features=3072, out_features=8192, bias=False), 'mlp.up_proj': Linear(in_features=3072, out_features=8192, bias=False)}, 'prev_op': [LlamaRMSNorm((3072,), eps=1e-05)], 'input': ['mlp.gate_proj'], 'inspect': LlamaMLP(
  (gate_proj): Linear(in_features=3072, out_features=8192, bias=False)
  (up_proj): Linear(in_features=3072, out_features=8192, bias=False)
  (down_proj): Linear(in_features=8192, out_features=3072, bias=False)
  (act_fn): SiLUActivation()
), 'has_kwargs': False, 'is_mlp': True}
2026-07-26 14:03:36.254 | INFO     | llmc.compression.quantization.base_blockwise_quantization:block_transform:493 - subset: {'layers': {'mlp.gate_proj': Linear(in_features=3072, out_features=8192, bias=False), 'mlp.up_proj': Linear(in_features=3072, out_features=8192, bias=False)}, 'prev_op': [LlamaRMSNorm((3072,), eps=1e-05)], 'input': ['mlp.gate_proj'], 'inspect': LlamaMLP(
  (gate_proj): Linear(in_features=3072, out_features=8192, bias=False)
  (up_proj): Linear(in_features=3072, out_features=8192, bias=False)
  (down_proj): Linear(in_features=8192, out_features=3072, bias=False)
  (act_fn): SiLUActivation()
), 'has_kwargs': False, 'is_mlp': True}
2026-07-26 14:03:36.946 | INFO     | llmc.compression.quantization.gptq:update_layer_with_transformed_weights:184 - error 6557.61328125
2026-07-26 14:03:36.946 | INFO     | llmc.compression.quantization.gptq:update_layer_with_transformed_weights:184 - error 6557.61328125
2026-07-26 14:03:37.643 | INFO     | llmc.compression.quantization.gptq:update_layer_with_transformed_weights:184 - error 5229.9716796875
2026-07-26 14:03:37.643 | INFO     | llmc.compression.quantization.gptq:update_layer_with_transformed_weights:184 - error 5229.9716796875
2026-07-26 14:03:37.649 | INFO     | llmc.models.base_model:replace_module_subset:432 - replace >>> mlp.gate_proj in 9-th block
2026-07-26 14:03:37.649 | INFO     | llmc.models.base_model:replace_module_subset:432 - replace >>> mlp.gate_proj in 9-th block
2026-07-26 14:03:37.649 | INFO     | llmc.models.base_model:replace_module_subset:432 - replace >>> mlp.up_proj in 9-th block
2026-07-26 14:03:37.649 | INFO     | llmc.models.base_model:replace_module_subset:432 - replace >>> mlp.up_proj in 9-th block
2026-07-26 14:03:39.872 | INFO     | llmc.compression.quantization.base_blockwise_quantization:block_transform:493 - subset: {'layers': {'mlp.down_proj': Linear(in_features=8192, out_features=3072, bias=False)}, 'prev_op': [Linear(in_features=3072, out_features=8192, bias=False)], 'input': ['mlp.down_proj'], 'inspect': Linear(in_features=8192, out_features=3072, bias=False), 'has_kwargs': False, 'is_mlp': True}
2026-07-26 14:03:39.872 | INFO     | llmc.compression.quantization.base_blockwise_quantization:block_transform:493 - subset: {'layers': {'mlp.down_proj': Linear(in_features=8192, out_features=3072, bias=False)}, 'prev_op': [Linear(in_features=3072, out_features=8192, bias=False)], 'input': ['mlp.down_proj'], 'inspect': Linear(in_features=8192, out_features=3072, bias=False), 'has_kwargs': False, 'is_mlp': True}
2026-07-26 14:03:41.835 | INFO     | llmc.compression.quantization.gptq:update_layer_with_transformed_weights:184 - error 201.51138305664062
2026-07-26 14:03:41.835 | INFO     | llmc.compression.quantization.gptq:update_layer_with_transformed_weights:184 - error 201.51138305664062
2026-07-26 14:03:41.849 | INFO     | llmc.compression.quantization.base_blockwise_quantization:block_transform:523 - End transform the 9-th block
2026-07-26 14:03:41.849 | INFO     | llmc.compression.quantization.base_blockwise_quantization:block_transform:523 - End transform the 9-th block
2026-07-26 14:03:41.850 | INFO     | llmc.models.base_model:replace_module_subset:432 - replace >>> self_attn.q_proj in 9-th block
2026-07-26 14:03:41.850 | INFO     | llmc.models.base_model:replace_module_subset:432 - replace >>> self_attn.q_proj in 9-th block
2026-07-26 14:03:41.850 | INFO     | llmc.models.base_model:replace_module_subset:432 - replace >>> self_attn.k_proj in 9-th block
2026-07-26 14:03:41.850 | INFO     | llmc.models.base_model:replace_module_subset:432 - replace >>> self_attn.k_proj in 9-th block
2026-07-26 14:03:41.850 | INFO     | llmc.models.base_model:replace_module_subset:432 - replace >>> self_attn.v_proj in 9-th block
2026-07-26 14:03:41.850 | INFO     | llmc.models.base_model:replace_module_subset:432 - replace >>> self_attn.v_proj in 9-th block
2026-07-26 14:03:41.850 | INFO     | llmc.models.base_model:replace_module_subset:432 - replace >>> self_attn.o_proj in 9-th block
2026-07-26 14:03:41.850 | INFO     | llmc.models.base_model:replace_module_subset:432 - replace >>> self_attn.o_proj in 9-th block
2026-07-26 14:03:41.850 | INFO     | llmc.models.base_model:replace_module_subset:432 - replace >>> mlp.gate_proj in 9-th block
2026-07-26 14:03:41.850 | INFO     | llmc.models.base_model:replace_module_subset:432 - replace >>> mlp.gate_proj in 9-th block
2026-07-26 14:03:41.850 | INFO     | llmc.models.base_model:replace_module_subset:432 - replace >>> mlp.up_proj in 9-th block
2026-07-26 14:03:41.850 | INFO     | llmc.models.base_model:replace_module_subset:432 - replace >>> mlp.up_proj in 9-th block
2026-07-26 14:03:41.850 | INFO     | llmc.models.base_model:replace_module_subset:432 - replace >>> mlp.down_proj in 9-th block
2026-07-26 14:03:41.850 | INFO     | llmc.models.base_model:replace_module_subset:432 - replace >>> mlp.down_proj in 9-th block
2026-07-26 14:03:43.232 | INFO     | llmc.compression.blockwise_optimization:run_block_loop:36 - 
block index: 10/28 
block: LlamaDecoderLayer(
  (self_attn): LlamaAttention(
    (q_proj): Linear(in_features=3072, out_features=3072, bias=False)
    (k_proj): Linear(in_features=3072, out_features=1024, bias=False)
    (v_proj): Linear(in_features=3072, out_features=1024, bias=False)
    (o_proj): Linear(in_features=3072, out_features=3072, bias=False)
  )
  (mlp): LlamaMLP(
    (gate_proj): Linear(in_features=3072, out_features=8192, bias=False)
    (up_proj): Linear(in_features=3072, out_features=8192, bias=False)
    (down_proj): Linear(in_features=8192, out_features=3072, bias=False)
    (act_fn): SiLUActivation()
  )
  (input_layernorm): LlamaRMSNorm((3072,), eps=1e-05)
  (post_attention_layernorm): LlamaRMSNorm((3072,), eps=1e-05)
)
2026-07-26 14:03:43.232 | INFO     | llmc.compression.blockwise_optimization:run_block_loop:36 - 
block index: 10/28 
block: LlamaDecoderLayer(
  (self_attn): LlamaAttention(
    (q_proj): Linear(in_features=3072, out_features=3072, bias=False)
    (k_proj): Linear(in_features=3072, out_features=1024, bias=False)
    (v_proj): Linear(in_features=3072, out_features=1024, bias=False)
    (o_proj): Linear(in_features=3072, out_features=3072, bias=False)
  )
  (mlp): LlamaMLP(
    (gate_proj): Linear(in_features=3072, out_features=8192, bias=False)
    (up_proj): Linear(in_features=3072, out_features=8192, bias=False)
    (down_proj): Linear(in_features=8192, out_features=3072, bias=False)
    (act_fn): SiLUActivation()
  )
  (input_layernorm): LlamaRMSNorm((3072,), eps=1e-05)
  (post_attention_layernorm): LlamaRMSNorm((3072,), eps=1e-05)
)
2026-07-26 14:03:43.261 | INFO     | llmc.compression.quantization.base_blockwise_quantization:block_opt:416 - input_feat_modules: {'self_attn.q_proj': Linear(in_features=3072, out_features=3072, bias=False), 'self_attn.k_proj': Linear(in_features=3072, out_features=1024, bias=False), 'self_attn.v_proj': Linear(in_features=3072, out_features=1024, bias=False), 'self_attn.o_proj': Linear(in_features=3072, out_features=3072, bias=False), 'mlp.gate_proj': Linear(in_features=3072, out_features=8192, bias=False), 'mlp.up_proj': Linear(in_features=3072, out_features=8192, bias=False), 'mlp.down_proj': Linear(in_features=8192, out_features=3072, bias=False)}
2026-07-26 14:03:43.261 | INFO     | llmc.compression.quantization.base_blockwise_quantization:block_opt:416 - input_feat_modules: {'self_attn.q_proj': Linear(in_features=3072, out_features=3072, bias=False), 'self_attn.k_proj': Linear(in_features=3072, out_features=1024, bias=False), 'self_attn.v_proj': Linear(in_features=3072, out_features=1024, bias=False), 'self_attn.o_proj': Linear(in_features=3072, out_features=3072, bias=False), 'mlp.gate_proj': Linear(in_features=3072, out_features=8192, bias=False), 'mlp.up_proj': Linear(in_features=3072, out_features=8192, bias=False), 'mlp.down_proj': Linear(in_features=8192, out_features=3072, bias=False)}
2026-07-26 14:03:46.607 | INFO     | llmc.compression.quantization.base_blockwise_quantization:block_transform:484 - Start transform the 10-th block
2026-07-26 14:03:46.607 | INFO     | llmc.compression.quantization.base_blockwise_quantization:block_transform:484 - Start transform the 10-th block
2026-07-26 14:03:46.607 | INFO     | llmc.compression.quantization.base_blockwise_quantization:block_transform:493 - subset: {'layers': {'self_attn.q_proj': Linear(in_features=3072, out_features=3072, bias=False), 'self_attn.k_proj': Linear(in_features=3072, out_features=1024, bias=False), 'self_attn.v_proj': Linear(in_features=3072, out_features=1024, bias=False)}, 'prev_op': [LlamaRMSNorm((3072,), eps=1e-05)], 'input': ['self_attn.q_proj'], 'inspect': LlamaAttention(
  (q_proj): Linear(in_features=3072, out_features=3072, bias=False)
  (k_proj): Linear(in_features=3072, out_features=1024, bias=False)
  (v_proj): Linear(in_features=3072, out_features=1024, bias=False)
  (o_proj): Linear(in_features=3072, out_features=3072, bias=False)
), 'has_kwargs': True}
2026-07-26 14:03:46.607 | INFO     | llmc.compression.quantization.base_blockwise_quantization:block_transform:493 - subset: {'layers': {'self_attn.q_proj': Linear(in_features=3072, out_features=3072, bias=False), 'self_attn.k_proj': Linear(in_features=3072, out_features=1024, bias=False), 'self_attn.v_proj': Linear(in_features=3072, out_features=1024, bias=False)}, 'prev_op': [LlamaRMSNorm((3072,), eps=1e-05)], 'input': ['self_attn.q_proj'], 'inspect': LlamaAttention(
  (q_proj): Linear(in_features=3072, out_features=3072, bias=False)
  (k_proj): Linear(in_features=3072, out_features=1024, bias=False)
  (v_proj): Linear(in_features=3072, out_features=1024, bias=False)
  (o_proj): Linear(in_features=3072, out_features=3072, bias=False)
), 'has_kwargs': True}
2026-07-26 14:03:47.428 | INFO     | llmc.compression.quantization.gptq:update_layer_with_transformed_weights:184 - error 8006.9912109375
2026-07-26 14:03:47.428 | INFO     | llmc.compression.quantization.gptq:update_layer_with_transformed_weights:184 - error 8006.9912109375
2026-07-26 14:03:48.130 | INFO     | llmc.compression.quantization.gptq:update_layer_with_transformed_weights:184 - error 4858.2724609375
2026-07-26 14:03:48.130 | INFO     | llmc.compression.quantization.gptq:update_layer_with_transformed_weights:184 - error 4858.2724609375
2026-07-26 14:03:48.803 | INFO     | llmc.compression.quantization.gptq:update_layer_with_transformed_weights:184 - error 644.2273559570312
2026-07-26 14:03:48.803 | INFO     | llmc.compression.quantization.gptq:update_layer_with_transformed_weights:184 - error 644.2273559570312
2026-07-26 14:03:48.806 | INFO     | llmc.models.base_model:replace_module_subset:432 - replace >>> self_attn.q_proj in 10-th block
2026-07-26 14:03:48.806 | INFO     | llmc.models.base_model:replace_module_subset:432 - replace >>> self_attn.q_proj in 10-th block
2026-07-26 14:03:48.806 | INFO     | llmc.models.base_model:replace_module_subset:432 - replace >>> self_attn.k_proj in 10-th block
2026-07-26 14:03:48.806 | INFO     | llmc.models.base_model:replace_module_subset:432 - replace >>> self_attn.k_proj in 10-th block
2026-07-26 14:03:48.806 | INFO     | llmc.models.base_model:replace_module_subset:432 - replace >>> self_attn.v_proj in 10-th block
2026-07-26 14:03:48.806 | INFO     | llmc.models.base_model:replace_module_subset:432 - replace >>> self_attn.v_proj in 10-th block
2026-07-26 14:03:49.964 | INFO     | llmc.compression.quantization.base_blockwise_quantization:block_transform:493 - subset: {'layers': {'self_attn.o_proj': Linear(in_features=3072, out_features=3072, bias=False)}, 'prev_op': [Linear(in_features=3072, out_features=1024, bias=False)], 'input': ['self_attn.o_proj'], 'inspect': Linear(in_features=3072, out_features=3072, bias=False), 'has_kwargs': False}
2026-07-26 14:03:49.964 | INFO     | llmc.compression.quantization.base_blockwise_quantization:block_transform:493 - subset: {'layers': {'self_attn.o_proj': Linear(in_features=3072, out_features=3072, bias=False)}, 'prev_op': [Linear(in_features=3072, out_features=1024, bias=False)], 'input': ['self_attn.o_proj'], 'inspect': Linear(in_features=3072, out_features=3072, bias=False), 'has_kwargs': False}
2026-07-26 14:03:50.688 | INFO     | llmc.compression.quantization.gptq:update_layer_with_transformed_weights:184 - error 102.89314270019531
2026-07-26 14:03:50.688 | INFO     | llmc.compression.quantization.gptq:update_layer_with_transformed_weights:184 - error 102.89314270019531
2026-07-26 14:03:50.706 | INFO     | llmc.models.base_model:replace_module_subset:432 - replace >>> self_attn.o_proj in 10-th block
2026-07-26 14:03:50.706 | INFO     | llmc.models.base_model:replace_module_subset:432 - replace >>> self_attn.o_proj in 10-th block
2026-07-26 14:03:51.972 | INFO     | llmc.compression.quantization.base_blockwise_quantization:block_transform:493 - subset: {'layers': {'mlp.gate_proj': Linear(in_features=3072, out_features=8192, bias=False), 'mlp.up_proj': Linear(in_features=3072, out_features=8192, bias=False)}, 'prev_op': [LlamaRMSNorm((3072,), eps=1e-05)], 'input': ['mlp.gate_proj'], 'inspect': LlamaMLP(
  (gate_proj): Linear(in_features=3072, out_features=8192, bias=False)
  (up_proj): Linear(in_features=3072, out_features=8192, bias=False)
  (down_proj): Linear(in_features=8192, out_features=3072, bias=False)
  (act_fn): SiLUActivation()
), 'has_kwargs': False, 'is_mlp': True}
2026-07-26 14:03:51.972 | INFO     | llmc.compression.quantization.base_blockwise_quantization:block_transform:493 - subset: {'layers': {'mlp.gate_proj': Linear(in_features=3072, out_features=8192, bias=False), 'mlp.up_proj': Linear(in_features=3072, out_features=8192, bias=False)}, 'prev_op': [LlamaRMSNorm((3072,), eps=1e-05)], 'input': ['mlp.gate_proj'], 'inspect': LlamaMLP(
  (gate_proj): Linear(in_features=3072, out_features=8192, bias=False)
  (up_proj): Linear(in_features=3072, out_features=8192, bias=False)
  (down_proj): Linear(in_features=8192, out_features=3072, bias=False)
  (act_fn): SiLUActivation()
), 'has_kwargs': False, 'is_mlp': True}
2026-07-26 14:03:52.678 | INFO     | llmc.compression.quantization.gptq:update_layer_with_transformed_weights:184 - error 6417.5341796875
2026-07-26 14:03:52.678 | INFO     | llmc.compression.quantization.gptq:update_layer_with_transformed_weights:184 - error 6417.5341796875
2026-07-26 14:03:53.387 | INFO     | llmc.compression.quantization.gptq:update_layer_with_transformed_weights:184 - error 5486.2744140625
2026-07-26 14:03:53.387 | INFO     | llmc.compression.quantization.gptq:update_layer_with_transformed_weights:184 - error 5486.2744140625
2026-07-26 14:03:53.395 | INFO     | llmc.models.base_model:replace_module_subset:432 - replace >>> mlp.gate_proj in 10-th block
2026-07-26 14:03:53.395 | INFO     | llmc.models.base_model:replace_module_subset:432 - replace >>> mlp.gate_proj in 10-th block
2026-07-26 14:03:53.395 | INFO     | llmc.models.base_model:replace_module_subset:432 - replace >>> mlp.up_proj in 10-th block
2026-07-26 14:03:53.395 | INFO     | llmc.models.base_model:replace_module_subset:432 - replace >>> mlp.up_proj in 10-th block
2026-07-26 14:03:55.693 | INFO     | llmc.compression.quantization.base_blockwise_quantization:block_transform:493 - subset: {'layers': {'mlp.down_proj': Linear(in_features=8192, out_features=3072, bias=False)}, 'prev_op': [Linear(in_features=3072, out_features=8192, bias=False)], 'input': ['mlp.down_proj'], 'inspect': Linear(in_features=8192, out_features=3072, bias=False), 'has_kwargs': False, 'is_mlp': True}
2026-07-26 14:03:55.693 | INFO     | llmc.compression.quantization.base_blockwise_quantization:block_transform:493 - subset: {'layers': {'mlp.down_proj': Linear(in_features=8192, out_features=3072, bias=False)}, 'prev_op': [Linear(in_features=3072, out_features=8192, bias=False)], 'input': ['mlp.down_proj'], 'inspect': Linear(in_features=8192, out_features=3072, bias=False), 'has_kwargs': False, 'is_mlp': True}
2026-07-26 14:03:57.656 | INFO     | llmc.compression.quantization.gptq:update_layer_with_transformed_weights:184 - error 223.63934326171875
2026-07-26 14:03:57.656 | INFO     | llmc.compression.quantization.gptq:update_layer_with_transformed_weights:184 - error 223.63934326171875
2026-07-26 14:03:57.679 | INFO     | llmc.compression.quantization.base_blockwise_quantization:block_transform:523 - End transform the 10-th block
2026-07-26 14:03:57.679 | INFO     | llmc.compression.quantization.base_blockwise_quantization:block_transform:523 - End transform the 10-th block
2026-07-26 14:03:57.679 | INFO     | llmc.models.base_model:replace_module_subset:432 - replace >>> self_attn.q_proj in 10-th block
2026-07-26 14:03:57.679 | INFO     | llmc.models.base_model:replace_module_subset:432 - replace >>> self_attn.q_proj in 10-th block
2026-07-26 14:03:57.679 | INFO     | llmc.models.base_model:replace_module_subset:432 - replace >>> self_attn.k_proj in 10-th block
2026-07-26 14:03:57.679 | INFO     | llmc.models.base_model:replace_module_subset:432 - replace >>> self_attn.k_proj in 10-th block
2026-07-26 14:03:57.679 | INFO     | llmc.models.base_model:replace_module_subset:432 - replace >>> self_attn.v_proj in 10-th block
2026-07-26 14:03:57.679 | INFO     | llmc.models.base_model:replace_module_subset:432 - replace >>> self_attn.v_proj in 10-th block
2026-07-26 14:03:57.679 | INFO     | llmc.models.base_model:replace_module_subset:432 - replace >>> self_attn.o_proj in 10-th block
2026-07-26 14:03:57.679 | INFO     | llmc.models.base_model:replace_module_subset:432 - replace >>> self_attn.o_proj in 10-th block
2026-07-26 14:03:57.679 | INFO     | llmc.models.base_model:replace_module_subset:432 - replace >>> mlp.gate_proj in 10-th block
2026-07-26 14:03:57.679 | INFO     | llmc.models.base_model:replace_module_subset:432 - replace >>> mlp.gate_proj in 10-th block
2026-07-26 14:03:57.679 | INFO     | llmc.models.base_model:replace_module_subset:432 - replace >>> mlp.up_proj in 10-th block
2026-07-26 14:03:57.679 | INFO     | llmc.models.base_model:replace_module_subset:432 - replace >>> mlp.up_proj in 10-th block
2026-07-26 14:03:57.679 | INFO     | llmc.models.base_model:replace_module_subset:432 - replace >>> mlp.down_proj in 10-th block
2026-07-26 14:03:57.679 | INFO     | llmc.models.base_model:replace_module_subset:432 - replace >>> mlp.down_proj in 10-th block
2026-07-26 14:03:59.032 | INFO     | llmc.compression.blockwise_optimization:run_block_loop:36 - 
block index: 11/28 
block: LlamaDecoderLayer(
  (self_attn): LlamaAttention(
    (q_proj): Linear(in_features=3072, out_features=3072, bias=False)
    (k_proj): Linear(in_features=3072, out_features=1024, bias=False)
    (v_proj): Linear(in_features=3072, out_features=1024, bias=False)
    (o_proj): Linear(in_features=3072, out_features=3072, bias=False)
  )
  (mlp): LlamaMLP(
    (gate_proj): Linear(in_features=3072, out_features=8192, bias=False)
    (up_proj): Linear(in_features=3072, out_features=8192, bias=False)
    (down_proj): Linear(in_features=8192, out_features=3072, bias=False)
    (act_fn): SiLUActivation()
  )
  (input_layernorm): LlamaRMSNorm((3072,), eps=1e-05)
  (post_attention_layernorm): LlamaRMSNorm((3072,), eps=1e-05)
)
2026-07-26 14:03:59.032 | INFO     | llmc.compression.blockwise_optimization:run_block_loop:36 - 
block index: 11/28 
block: LlamaDecoderLayer(
  (self_attn): LlamaAttention(
    (q_proj): Linear(in_features=3072, out_features=3072, bias=False)
    (k_proj): Linear(in_features=3072, out_features=1024, bias=False)
    (v_proj): Linear(in_features=3072, out_features=1024, bias=False)
    (o_proj): Linear(in_features=3072, out_features=3072, bias=False)
  )
  (mlp): LlamaMLP(
    (gate_proj): Linear(in_features=3072, out_features=8192, bias=False)
    (up_proj): Linear(in_features=3072, out_features=8192, bias=False)
    (down_proj): Linear(in_features=8192, out_features=3072, bias=False)
    (act_fn): SiLUActivation()
  )
  (input_layernorm): LlamaRMSNorm((3072,), eps=1e-05)
  (post_attention_layernorm): LlamaRMSNorm((3072,), eps=1e-05)
)
2026-07-26 14:03:59.060 | INFO     | llmc.compression.quantization.base_blockwise_quantization:block_opt:416 - input_feat_modules: {'self_attn.q_proj': Linear(in_features=3072, out_features=3072, bias=False), 'self_attn.k_proj': Linear(in_features=3072, out_features=1024, bias=False), 'self_attn.v_proj': Linear(in_features=3072, out_features=1024, bias=False), 'self_attn.o_proj': Linear(in_features=3072, out_features=3072, bias=False), 'mlp.gate_proj': Linear(in_features=3072, out_features=8192, bias=False), 'mlp.up_proj': Linear(in_features=3072, out_features=8192, bias=False), 'mlp.down_proj': Linear(in_features=8192, out_features=3072, bias=False)}
2026-07-26 14:03:59.060 | INFO     | llmc.compression.quantization.base_blockwise_quantization:block_opt:416 - input_feat_modules: {'self_attn.q_proj': Linear(in_features=3072, out_features=3072, bias=False), 'self_attn.k_proj': Linear(in_features=3072, out_features=1024, bias=False), 'self_attn.v_proj': Linear(in_features=3072, out_features=1024, bias=False), 'self_attn.o_proj': Linear(in_features=3072, out_features=3072, bias=False), 'mlp.gate_proj': Linear(in_features=3072, out_features=8192, bias=False), 'mlp.up_proj': Linear(in_features=3072, out_features=8192, bias=False), 'mlp.down_proj': Linear(in_features=8192, out_features=3072, bias=False)}
2026-07-26 14:04:02.373 | INFO     | llmc.compression.quantization.base_blockwise_quantization:block_transform:484 - Start transform the 11-th block
2026-07-26 14:04:02.373 | INFO     | llmc.compression.quantization.base_blockwise_quantization:block_transform:484 - Start transform the 11-th block
2026-07-26 14:04:02.373 | INFO     | llmc.compression.quantization.base_blockwise_quantization:block_transform:493 - subset: {'layers': {'self_attn.q_proj': Linear(in_features=3072, out_features=3072, bias=False), 'self_attn.k_proj': Linear(in_features=3072, out_features=1024, bias=False), 'self_attn.v_proj': Linear(in_features=3072, out_features=1024, bias=False)}, 'prev_op': [LlamaRMSNorm((3072,), eps=1e-05)], 'input': ['self_attn.q_proj'], 'inspect': LlamaAttention(
  (q_proj): Linear(in_features=3072, out_features=3072, bias=False)
  (k_proj): Linear(in_features=3072, out_features=1024, bias=False)
  (v_proj): Linear(in_features=3072, out_features=1024, bias=False)
  (o_proj): Linear(in_features=3072, out_features=3072, bias=False)
), 'has_kwargs': True}
2026-07-26 14:04:02.373 | INFO     | llmc.compression.quantization.base_blockwise_quantization:block_transform:493 - subset: {'layers': {'self_attn.q_proj': Linear(in_features=3072, out_features=3072, bias=False), 'self_attn.k_proj': Linear(in_features=3072, out_features=1024, bias=False), 'self_attn.v_proj': Linear(in_features=3072, out_features=1024, bias=False)}, 'prev_op': [LlamaRMSNorm((3072,), eps=1e-05)], 'input': ['self_attn.q_proj'], 'inspect': LlamaAttention(
  (q_proj): Linear(in_features=3072, out_features=3072, bias=False)
  (k_proj): Linear(in_features=3072, out_features=1024, bias=False)
  (v_proj): Linear(in_features=3072, out_features=1024, bias=False)
  (o_proj): Linear(in_features=3072, out_features=3072, bias=False)
), 'has_kwargs': True}
2026-07-26 14:04:03.063 | INFO     | llmc.compression.quantization.gptq:update_layer_with_transformed_weights:184 - error 6990.4716796875
2026-07-26 14:04:03.063 | INFO     | llmc.compression.quantization.gptq:update_layer_with_transformed_weights:184 - error 6990.4716796875
2026-07-26 14:04:03.762 | INFO     | llmc.compression.quantization.gptq:update_layer_with_transformed_weights:184 - error 3919.9794921875
2026-07-26 14:04:03.762 | INFO     | llmc.compression.quantization.gptq:update_layer_with_transformed_weights:184 - error 3919.9794921875
2026-07-26 14:04:04.439 | INFO     | llmc.compression.quantization.gptq:update_layer_with_transformed_weights:184 - error 814.3646240234375
2026-07-26 14:04:04.439 | INFO     | llmc.compression.quantization.gptq:update_layer_with_transformed_weights:184 - error 814.3646240234375
2026-07-26 14:04:04.441 | INFO     | llmc.models.base_model:replace_module_subset:432 - replace >>> self_attn.q_proj in 11-th block
2026-07-26 14:04:04.441 | INFO     | llmc.models.base_model:replace_module_subset:432 - replace >>> self_attn.q_proj in 11-th block
2026-07-26 14:04:04.441 | INFO     | llmc.models.base_model:replace_module_subset:432 - replace >>> self_attn.k_proj in 11-th block
2026-07-26 14:04:04.441 | INFO     | llmc.models.base_model:replace_module_subset:432 - replace >>> self_attn.k_proj in 11-th block
2026-07-26 14:04:04.442 | INFO     | llmc.models.base_model:replace_module_subset:432 - replace >>> self_attn.v_proj in 11-th block
2026-07-26 14:04:04.442 | INFO     | llmc.models.base_model:replace_module_subset:432 - replace >>> self_attn.v_proj in 11-th block
2026-07-26 14:04:05.587 | INFO     | llmc.compression.quantization.base_blockwise_quantization:block_transform:493 - subset: {'layers': {'self_attn.o_proj': Linear(in_features=3072, out_features=3072, bias=False)}, 'prev_op': [Linear(in_features=3072, out_features=1024, bias=False)], 'input': ['self_attn.o_proj'], 'inspect': Linear(in_features=3072, out_features=3072, bias=False), 'has_kwargs': False}
2026-07-26 14:04:05.587 | INFO     | llmc.compression.quantization.base_blockwise_quantization:block_transform:493 - subset: {'layers': {'self_attn.o_proj': Linear(in_features=3072, out_features=3072, bias=False)}, 'prev_op': [Linear(in_features=3072, out_features=1024, bias=False)], 'input': ['self_attn.o_proj'], 'inspect': Linear(in_features=3072, out_features=3072, bias=False), 'has_kwargs': False}
2026-07-26 14:04:06.317 | INFO     | llmc.compression.quantization.gptq:update_layer_with_transformed_weights:184 - error 126.61497497558594
2026-07-26 14:04:06.317 | INFO     | llmc.compression.quantization.gptq:update_layer_with_transformed_weights:184 - error 126.61497497558594
2026-07-26 14:04:06.321 | INFO     | llmc.models.base_model:replace_module_subset:432 - replace >>> self_attn.o_proj in 11-th block
2026-07-26 14:04:06.321 | INFO     | llmc.models.base_model:replace_module_subset:432 - replace >>> self_attn.o_proj in 11-th block
2026-07-26 14:04:07.591 | INFO     | llmc.compression.quantization.base_blockwise_quantization:block_transform:493 - subset: {'layers': {'mlp.gate_proj': Linear(in_features=3072, out_features=8192, bias=False), 'mlp.up_proj': Linear(in_features=3072, out_features=8192, bias=False)}, 'prev_op': [LlamaRMSNorm((3072,), eps=1e-05)], 'input': ['mlp.gate_proj'], 'inspect': LlamaMLP(
  (gate_proj): Linear(in_features=3072, out_features=8192, bias=False)
  (up_proj): Linear(in_features=3072, out_features=8192, bias=False)
  (down_proj): Linear(in_features=8192, out_features=3072, bias=False)
  (act_fn): SiLUActivation()
), 'has_kwargs': False, 'is_mlp': True}
2026-07-26 14:04:07.591 | INFO     | llmc.compression.quantization.base_blockwise_quantization:block_transform:493 - subset: {'layers': {'mlp.gate_proj': Linear(in_features=3072, out_features=8192, bias=False), 'mlp.up_proj': Linear(in_features=3072, out_features=8192, bias=False)}, 'prev_op': [LlamaRMSNorm((3072,), eps=1e-05)], 'input': ['mlp.gate_proj'], 'inspect': LlamaMLP(
  (gate_proj): Linear(in_features=3072, out_features=8192, bias=False)
  (up_proj): Linear(in_features=3072, out_features=8192, bias=False)
  (down_proj): Linear(in_features=8192, out_features=3072, bias=False)
  (act_fn): SiLUActivation()
), 'has_kwargs': False, 'is_mlp': True}
2026-07-26 14:04:08.313 | INFO     | llmc.compression.quantization.gptq:update_layer_with_transformed_weights:184 - error 6468.4033203125
2026-07-26 14:04:08.313 | INFO     | llmc.compression.quantization.gptq:update_layer_with_transformed_weights:184 - error 6468.4033203125
2026-07-26 14:04:09.007 | INFO     | llmc.compression.quantization.gptq:update_layer_with_transformed_weights:184 - error 5785.220703125
2026-07-26 14:04:09.007 | INFO     | llmc.compression.quantization.gptq:update_layer_with_transformed_weights:184 - error 5785.220703125
2026-07-26 14:04:09.013 | INFO     | llmc.models.base_model:replace_module_subset:432 - replace >>> mlp.gate_proj in 11-th block
2026-07-26 14:04:09.013 | INFO     | llmc.models.base_model:replace_module_subset:432 - replace >>> mlp.gate_proj in 11-th block
2026-07-26 14:04:09.013 | INFO     | llmc.models.base_model:replace_module_subset:432 - replace >>> mlp.up_proj in 11-th block
2026-07-26 14:04:09.013 | INFO     | llmc.models.base_model:replace_module_subset:432 - replace >>> mlp.up_proj in 11-th block
2026-07-26 14:04:11.239 | INFO     | llmc.compression.quantization.base_blockwise_quantization:block_transform:493 - subset: {'layers': {'mlp.down_proj': Linear(in_features=8192, out_features=3072, bias=False)}, 'prev_op': [Linear(in_features=3072, out_features=8192, bias=False)], 'input': ['mlp.down_proj'], 'inspect': Linear(in_features=8192, out_features=3072, bias=False), 'has_kwargs': False, 'is_mlp': True}
2026-07-26 14:04:11.239 | INFO     | llmc.compression.quantization.base_blockwise_quantization:block_transform:493 - subset: {'layers': {'mlp.down_proj': Linear(in_features=8192, out_features=3072, bias=False)}, 'prev_op': [Linear(in_features=3072, out_features=8192, bias=False)], 'input': ['mlp.down_proj'], 'inspect': Linear(in_features=8192, out_features=3072, bias=False), 'has_kwargs': False, 'is_mlp': True}
2026-07-26 14:04:13.098 | INFO     | llmc.compression.quantization.gptq:update_layer_with_transformed_weights:184 - error 248.705322265625
2026-07-26 14:04:13.098 | INFO     | llmc.compression.quantization.gptq:update_layer_with_transformed_weights:184 - error 248.705322265625
2026-07-26 14:04:13.112 | INFO     | llmc.compression.quantization.base_blockwise_quantization:block_transform:523 - End transform the 11-th block
2026-07-26 14:04:13.112 | INFO     | llmc.compression.quantization.base_blockwise_quantization:block_transform:523 - End transform the 11-th block
2026-07-26 14:04:13.113 | INFO     | llmc.models.base_model:replace_module_subset:432 - replace >>> self_attn.q_proj in 11-th block
2026-07-26 14:04:13.113 | INFO     | llmc.models.base_model:replace_module_subset:432 - replace >>> self_attn.q_proj in 11-th block
2026-07-26 14:04:13.113 | INFO     | llmc.models.base_model:replace_module_subset:432 - replace >>> self_attn.k_proj in 11-th block
2026-07-26 14:04:13.113 | INFO     | llmc.models.base_model:replace_module_subset:432 - replace >>> self_attn.k_proj in 11-th block
2026-07-26 14:04:13.113 | INFO     | llmc.models.base_model:replace_module_subset:432 - replace >>> self_attn.v_proj in 11-th block
2026-07-26 14:04:13.113 | INFO     | llmc.models.base_model:replace_module_subset:432 - replace >>> self_attn.v_proj in 11-th block
2026-07-26 14:04:13.113 | INFO     | llmc.models.base_model:replace_module_subset:432 - replace >>> self_attn.o_proj in 11-th block
2026-07-26 14:04:13.113 | INFO     | llmc.models.base_model:replace_module_subset:432 - replace >>> self_attn.o_proj in 11-th block
2026-07-26 14:04:13.113 | INFO     | llmc.models.base_model:replace_module_subset:432 - replace >>> mlp.gate_proj in 11-th block
2026-07-26 14:04:13.113 | INFO     | llmc.models.base_model:replace_module_subset:432 - replace >>> mlp.gate_proj in 11-th block
2026-07-26 14:04:13.113 | INFO     | llmc.models.base_model:replace_module_subset:432 - replace >>> mlp.up_proj in 11-th block
2026-07-26 14:04:13.113 | INFO     | llmc.models.base_model:replace_module_subset:432 - replace >>> mlp.up_proj in 11-th block
2026-07-26 14:04:13.113 | INFO     | llmc.models.base_model:replace_module_subset:432 - replace >>> mlp.down_proj in 11-th block
2026-07-26 14:04:13.113 | INFO     | llmc.models.base_model:replace_module_subset:432 - replace >>> mlp.down_proj in 11-th block
2026-07-26 14:04:14.467 | INFO     | llmc.compression.blockwise_optimization:run_block_loop:36 - 
block index: 12/28 
block: LlamaDecoderLayer(
  (self_attn): LlamaAttention(
    (q_proj): Linear(in_features=3072, out_features=3072, bias=False)
    (k_proj): Linear(in_features=3072, out_features=1024, bias=False)
    (v_proj): Linear(in_features=3072, out_features=1024, bias=False)
    (o_proj): Linear(in_features=3072, out_features=3072, bias=False)
  )
  (mlp): LlamaMLP(
    (gate_proj): Linear(in_features=3072, out_features=8192, bias=False)
    (up_proj): Linear(in_features=3072, out_features=8192, bias=False)
    (down_proj): Linear(in_features=8192, out_features=3072, bias=False)
    (act_fn): SiLUActivation()
  )
  (input_layernorm): LlamaRMSNorm((3072,), eps=1e-05)
  (post_attention_layernorm): LlamaRMSNorm((3072,), eps=1e-05)
)
2026-07-26 14:04:14.467 | INFO     | llmc.compression.blockwise_optimization:run_block_loop:36 - 
block index: 12/28 
block: LlamaDecoderLayer(
  (self_attn): LlamaAttention(
    (q_proj): Linear(in_features=3072, out_features=3072, bias=False)
    (k_proj): Linear(in_features=3072, out_features=1024, bias=False)
    (v_proj): Linear(in_features=3072, out_features=1024, bias=False)
    (o_proj): Linear(in_features=3072, out_features=3072, bias=False)
  )
  (mlp): LlamaMLP(
    (gate_proj): Linear(in_features=3072, out_features=8192, bias=False)
    (up_proj): Linear(in_features=3072, out_features=8192, bias=False)
    (down_proj): Linear(in_features=8192, out_features=3072, bias=False)
    (act_fn): SiLUActivation()
  )
  (input_layernorm): LlamaRMSNorm((3072,), eps=1e-05)
  (post_attention_layernorm): LlamaRMSNorm((3072,), eps=1e-05)
)
2026-07-26 14:04:14.494 | INFO     | llmc.compression.quantization.base_blockwise_quantization:block_opt:416 - input_feat_modules: {'self_attn.q_proj': Linear(in_features=3072, out_features=3072, bias=False), 'self_attn.k_proj': Linear(in_features=3072, out_features=1024, bias=False), 'self_attn.v_proj': Linear(in_features=3072, out_features=1024, bias=False), 'self_attn.o_proj': Linear(in_features=3072, out_features=3072, bias=False), 'mlp.gate_proj': Linear(in_features=3072, out_features=8192, bias=False), 'mlp.up_proj': Linear(in_features=3072, out_features=8192, bias=False), 'mlp.down_proj': Linear(in_features=8192, out_features=3072, bias=False)}
2026-07-26 14:04:14.494 | INFO     | llmc.compression.quantization.base_blockwise_quantization:block_opt:416 - input_feat_modules: {'self_attn.q_proj': Linear(in_features=3072, out_features=3072, bias=False), 'self_attn.k_proj': Linear(in_features=3072, out_features=1024, bias=False), 'self_attn.v_proj': Linear(in_features=3072, out_features=1024, bias=False), 'self_attn.o_proj': Linear(in_features=3072, out_features=3072, bias=False), 'mlp.gate_proj': Linear(in_features=3072, out_features=8192, bias=False), 'mlp.up_proj': Linear(in_features=3072, out_features=8192, bias=False), 'mlp.down_proj': Linear(in_features=8192, out_features=3072, bias=False)}
2026-07-26 14:04:17.880 | INFO     | llmc.compression.quantization.base_blockwise_quantization:block_transform:484 - Start transform the 12-th block
2026-07-26 14:04:17.880 | INFO     | llmc.compression.quantization.base_blockwise_quantization:block_transform:484 - Start transform the 12-th block
2026-07-26 14:04:17.880 | INFO     | llmc.compression.quantization.base_blockwise_quantization:block_transform:493 - subset: {'layers': {'self_attn.q_proj': Linear(in_features=3072, out_features=3072, bias=False), 'self_attn.k_proj': Linear(in_features=3072, out_features=1024, bias=False), 'self_attn.v_proj': Linear(in_features=3072, out_features=1024, bias=False)}, 'prev_op': [LlamaRMSNorm((3072,), eps=1e-05)], 'input': ['self_attn.q_proj'], 'inspect': LlamaAttention(
  (q_proj): Linear(in_features=3072, out_features=3072, bias=False)
  (k_proj): Linear(in_features=3072, out_features=1024, bias=False)
  (v_proj): Linear(in_features=3072, out_features=1024, bias=False)
  (o_proj): Linear(in_features=3072, out_features=3072, bias=False)
), 'has_kwargs': True}
2026-07-26 14:04:17.880 | INFO     | llmc.compression.quantization.base_blockwise_quantization:block_transform:493 - subset: {'layers': {'self_attn.q_proj': Linear(in_features=3072, out_features=3072, bias=False), 'self_attn.k_proj': Linear(in_features=3072, out_features=1024, bias=False), 'self_attn.v_proj': Linear(in_features=3072, out_features=1024, bias=False)}, 'prev_op': [LlamaRMSNorm((3072,), eps=1e-05)], 'input': ['self_attn.q_proj'], 'inspect': LlamaAttention(
  (q_proj): Linear(in_features=3072, out_features=3072, bias=False)
  (k_proj): Linear(in_features=3072, out_features=1024, bias=False)
  (v_proj): Linear(in_features=3072, out_features=1024, bias=False)
  (o_proj): Linear(in_features=3072, out_features=3072, bias=False)
), 'has_kwargs': True}
2026-07-26 14:04:18.547 | INFO     | llmc.compression.quantization.gptq:update_layer_with_transformed_weights:184 - error 9621.732421875
2026-07-26 14:04:18.547 | INFO     | llmc.compression.quantization.gptq:update_layer_with_transformed_weights:184 - error 9621.732421875
2026-07-26 14:04:19.209 | INFO     | llmc.compression.quantization.gptq:update_layer_with_transformed_weights:184 - error 5743.9287109375
2026-07-26 14:04:19.209 | INFO     | llmc.compression.quantization.gptq:update_layer_with_transformed_weights:184 - error 5743.9287109375
2026-07-26 14:04:19.886 | INFO     | llmc.compression.quantization.gptq:update_layer_with_transformed_weights:184 - error 859.3929443359375
2026-07-26 14:04:19.886 | INFO     | llmc.compression.quantization.gptq:update_layer_with_transformed_weights:184 - error 859.3929443359375
2026-07-26 14:04:19.888 | INFO     | llmc.models.base_model:replace_module_subset:432 - replace >>> self_attn.q_proj in 12-th block
2026-07-26 14:04:19.888 | INFO     | llmc.models.base_model:replace_module_subset:432 - replace >>> self_attn.q_proj in 12-th block
2026-07-26 14:04:19.888 | INFO     | llmc.models.base_model:replace_module_subset:432 - replace >>> self_attn.k_proj in 12-th block
2026-07-26 14:04:19.888 | INFO     | llmc.models.base_model:replace_module_subset:432 - replace >>> self_attn.k_proj in 12-th block
2026-07-26 14:04:19.889 | INFO     | llmc.models.base_model:replace_module_subset:432 - replace >>> self_attn.v_proj in 12-th block
2026-07-26 14:04:19.889 | INFO     | llmc.models.base_model:replace_module_subset:432 - replace >>> self_attn.v_proj in 12-th block
2026-07-26 14:04:21.049 | INFO     | llmc.compression.quantization.base_blockwise_quantization:block_transform:493 - subset: {'layers': {'self_attn.o_proj': Linear(in_features=3072, out_features=3072, bias=False)}, 'prev_op': [Linear(in_features=3072, out_features=1024, bias=False)], 'input': ['self_attn.o_proj'], 'inspect': Linear(in_features=3072, out_features=3072, bias=False), 'has_kwargs': False}
2026-07-26 14:04:21.049 | INFO     | llmc.compression.quantization.base_blockwise_quantization:block_transform:493 - subset: {'layers': {'self_attn.o_proj': Linear(in_features=3072, out_features=3072, bias=False)}, 'prev_op': [Linear(in_features=3072, out_features=1024, bias=False)], 'input': ['self_attn.o_proj'], 'inspect': Linear(in_features=3072, out_features=3072, bias=False), 'has_kwargs': False}
2026-07-26 14:04:21.716 | INFO     | llmc.compression.quantization.gptq:update_layer_with_transformed_weights:184 - error 138.4267578125
2026-07-26 14:04:21.716 | INFO     | llmc.compression.quantization.gptq:update_layer_with_transformed_weights:184 - error 138.4267578125
2026-07-26 14:04:21.733 | INFO     | llmc.models.base_model:replace_module_subset:432 - replace >>> self_attn.o_proj in 12-th block
2026-07-26 14:04:21.733 | INFO     | llmc.models.base_model:replace_module_subset:432 - replace >>> self_attn.o_proj in 12-th block
2026-07-26 14:04:23.006 | INFO     | llmc.compression.quantization.base_blockwise_quantization:block_transform:493 - subset: {'layers': {'mlp.gate_proj': Linear(in_features=3072, out_features=8192, bias=False), 'mlp.up_proj': Linear(in_features=3072, out_features=8192, bias=False)}, 'prev_op': [LlamaRMSNorm((3072,), eps=1e-05)], 'input': ['mlp.gate_proj'], 'inspect': LlamaMLP(
  (gate_proj): Linear(in_features=3072, out_features=8192, bias=False)
  (up_proj): Linear(in_features=3072, out_features=8192, bias=False)
  (down_proj): Linear(in_features=8192, out_features=3072, bias=False)
  (act_fn): SiLUActivation()
), 'has_kwargs': False, 'is_mlp': True}
2026-07-26 14:04:23.006 | INFO     | llmc.compression.quantization.base_blockwise_quantization:block_transform:493 - subset: {'layers': {'mlp.gate_proj': Linear(in_features=3072, out_features=8192, bias=False), 'mlp.up_proj': Linear(in_features=3072, out_features=8192, bias=False)}, 'prev_op': [LlamaRMSNorm((3072,), eps=1e-05)], 'input': ['mlp.gate_proj'], 'inspect': LlamaMLP(
  (gate_proj): Linear(in_features=3072, out_features=8192, bias=False)
  (up_proj): Linear(in_features=3072, out_features=8192, bias=False)
  (down_proj): Linear(in_features=8192, out_features=3072, bias=False)
  (act_fn): SiLUActivation()
), 'has_kwargs': False, 'is_mlp': True}
2026-07-26 14:04:23.687 | INFO     | llmc.compression.quantization.gptq:update_layer_with_transformed_weights:184 - error 6586.63037109375
2026-07-26 14:04:23.687 | INFO     | llmc.compression.quantization.gptq:update_layer_with_transformed_weights:184 - error 6586.63037109375
2026-07-26 14:04:24.377 | INFO     | llmc.compression.quantization.gptq:update_layer_with_transformed_weights:184 - error 5999.58203125
2026-07-26 14:04:24.377 | INFO     | llmc.compression.quantization.gptq:update_layer_with_transformed_weights:184 - error 5999.58203125
2026-07-26 14:04:24.386 | INFO     | llmc.models.base_model:replace_module_subset:432 - replace >>> mlp.gate_proj in 12-th block
2026-07-26 14:04:24.386 | INFO     | llmc.models.base_model:replace_module_subset:432 - replace >>> mlp.gate_proj in 12-th block
2026-07-26 14:04:24.386 | INFO     | llmc.models.base_model:replace_module_subset:432 - replace >>> mlp.up_proj in 12-th block
2026-07-26 14:04:24.386 | INFO     | llmc.models.base_model:replace_module_subset:432 - replace >>> mlp.up_proj in 12-th block
2026-07-26 14:04:26.622 | INFO     | llmc.compression.quantization.base_blockwise_quantization:block_transform:493 - subset: {'layers': {'mlp.down_proj': Linear(in_features=8192, out_features=3072, bias=False)}, 'prev_op': [Linear(in_features=3072, out_features=8192, bias=False)], 'input': ['mlp.down_proj'], 'inspect': Linear(in_features=8192, out_features=3072, bias=False), 'has_kwargs': False, 'is_mlp': True}
2026-07-26 14:04:26.622 | INFO     | llmc.compression.quantization.base_blockwise_quantization:block_transform:493 - subset: {'layers': {'mlp.down_proj': Linear(in_features=8192, out_features=3072, bias=False)}, 'prev_op': [Linear(in_features=3072, out_features=8192, bias=False)], 'input': ['mlp.down_proj'], 'inspect': Linear(in_features=8192, out_features=3072, bias=False), 'has_kwargs': False, 'is_mlp': True}
2026-07-26 14:04:28.458 | INFO     | llmc.compression.quantization.gptq:update_layer_with_transformed_weights:184 - error 269.8330078125
2026-07-26 14:04:28.458 | INFO     | llmc.compression.quantization.gptq:update_layer_with_transformed_weights:184 - error 269.8330078125
2026-07-26 14:04:28.480 | INFO     | llmc.compression.quantization.base_blockwise_quantization:block_transform:523 - End transform the 12-th block
2026-07-26 14:04:28.480 | INFO     | llmc.compression.quantization.base_blockwise_quantization:block_transform:523 - End transform the 12-th block
2026-07-26 14:04:28.480 | INFO     | llmc.models.base_model:replace_module_subset:432 - replace >>> self_attn.q_proj in 12-th block
2026-07-26 14:04:28.480 | INFO     | llmc.models.base_model:replace_module_subset:432 - replace >>> self_attn.q_proj in 12-th block
2026-07-26 14:04:28.480 | INFO     | llmc.models.base_model:replace_module_subset:432 - replace >>> self_attn.k_proj in 12-th block
2026-07-26 14:04:28.480 | INFO     | llmc.models.base_model:replace_module_subset:432 - replace >>> self_attn.k_proj in 12-th block
2026-07-26 14:04:28.480 | INFO     | llmc.models.base_model:replace_module_subset:432 - replace >>> self_attn.v_proj in 12-th block
2026-07-26 14:04:28.480 | INFO     | llmc.models.base_model:replace_module_subset:432 - replace >>> self_attn.v_proj in 12-th block
2026-07-26 14:04:28.481 | INFO     | llmc.models.base_model:replace_module_subset:432 - replace >>> self_attn.o_proj in 12-th block
2026-07-26 14:04:28.481 | INFO     | llmc.models.base_model:replace_module_subset:432 - replace >>> self_attn.o_proj in 12-th block
2026-07-26 14:04:28.481 | INFO     | llmc.models.base_model:replace_module_subset:432 - replace >>> mlp.gate_proj in 12-th block
2026-07-26 14:04:28.481 | INFO     | llmc.models.base_model:replace_module_subset:432 - replace >>> mlp.gate_proj in 12-th block
2026-07-26 14:04:28.481 | INFO     | llmc.models.base_model:replace_module_subset:432 - replace >>> mlp.up_proj in 12-th block
2026-07-26 14:04:28.481 | INFO     | llmc.models.base_model:replace_module_subset:432 - replace >>> mlp.up_proj in 12-th block
2026-07-26 14:04:28.481 | INFO     | llmc.models.base_model:replace_module_subset:432 - replace >>> mlp.down_proj in 12-th block
2026-07-26 14:04:28.481 | INFO     | llmc.models.base_model:replace_module_subset:432 - replace >>> mlp.down_proj in 12-th block
2026-07-26 14:04:29.821 | INFO     | llmc.compression.blockwise_optimization:run_block_loop:36 - 
block index: 13/28 
block: LlamaDecoderLayer(
  (self_attn): LlamaAttention(
    (q_proj): Linear(in_features=3072, out_features=3072, bias=False)
    (k_proj): Linear(in_features=3072, out_features=1024, bias=False)
    (v_proj): Linear(in_features=3072, out_features=1024, bias=False)
    (o_proj): Linear(in_features=3072, out_features=3072, bias=False)
  )
  (mlp): LlamaMLP(
    (gate_proj): Linear(in_features=3072, out_features=8192, bias=False)
    (up_proj): Linear(in_features=3072, out_features=8192, bias=False)
    (down_proj): Linear(in_features=8192, out_features=3072, bias=False)
    (act_fn): SiLUActivation()
  )
  (input_layernorm): LlamaRMSNorm((3072,), eps=1e-05)
  (post_attention_layernorm): LlamaRMSNorm((3072,), eps=1e-05)
)
2026-07-26 14:04:29.821 | INFO     | llmc.compression.blockwise_optimization:run_block_loop:36 - 
block index: 13/28 
block: LlamaDecoderLayer(
  (self_attn): LlamaAttention(
    (q_proj): Linear(in_features=3072, out_features=3072, bias=False)
    (k_proj): Linear(in_features=3072, out_features=1024, bias=False)
    (v_proj): Linear(in_features=3072, out_features=1024, bias=False)
    (o_proj): Linear(in_features=3072, out_features=3072, bias=False)
  )
  (mlp): LlamaMLP(
    (gate_proj): Linear(in_features=3072, out_features=8192, bias=False)
    (up_proj): Linear(in_features=3072, out_features=8192, bias=False)
    (down_proj): Linear(in_features=8192, out_features=3072, bias=False)
    (act_fn): SiLUActivation()
  )
  (input_layernorm): LlamaRMSNorm((3072,), eps=1e-05)
  (post_attention_layernorm): LlamaRMSNorm((3072,), eps=1e-05)
)
2026-07-26 14:04:29.845 | INFO     | llmc.compression.quantization.base_blockwise_quantization:block_opt:416 - input_feat_modules: {'self_attn.q_proj': Linear(in_features=3072, out_features=3072, bias=False), 'self_attn.k_proj': Linear(in_features=3072, out_features=1024, bias=False), 'self_attn.v_proj': Linear(in_features=3072, out_features=1024, bias=False), 'self_attn.o_proj': Linear(in_features=3072, out_features=3072, bias=False), 'mlp.gate_proj': Linear(in_features=3072, out_features=8192, bias=False), 'mlp.up_proj': Linear(in_features=3072, out_features=8192, bias=False), 'mlp.down_proj': Linear(in_features=8192, out_features=3072, bias=False)}
2026-07-26 14:04:29.845 | INFO     | llmc.compression.quantization.base_blockwise_quantization:block_opt:416 - input_feat_modules: {'self_attn.q_proj': Linear(in_features=3072, out_features=3072, bias=False), 'self_attn.k_proj': Linear(in_features=3072, out_features=1024, bias=False), 'self_attn.v_proj': Linear(in_features=3072, out_features=1024, bias=False), 'self_attn.o_proj': Linear(in_features=3072, out_features=3072, bias=False), 'mlp.gate_proj': Linear(in_features=3072, out_features=8192, bias=False), 'mlp.up_proj': Linear(in_features=3072, out_features=8192, bias=False), 'mlp.down_proj': Linear(in_features=8192, out_features=3072, bias=False)}
2026-07-26 14:04:33.233 | INFO     | llmc.compression.quantization.base_blockwise_quantization:block_transform:484 - Start transform the 13-th block
2026-07-26 14:04:33.233 | INFO     | llmc.compression.quantization.base_blockwise_quantization:block_transform:484 - Start transform the 13-th block
2026-07-26 14:04:33.233 | INFO     | llmc.compression.quantization.base_blockwise_quantization:block_transform:493 - subset: {'layers': {'self_attn.q_proj': Linear(in_features=3072, out_features=3072, bias=False), 'self_attn.k_proj': Linear(in_features=3072, out_features=1024, bias=False), 'self_attn.v_proj': Linear(in_features=3072, out_features=1024, bias=False)}, 'prev_op': [LlamaRMSNorm((3072,), eps=1e-05)], 'input': ['self_attn.q_proj'], 'inspect': LlamaAttention(
  (q_proj): Linear(in_features=3072, out_features=3072, bias=False)
  (k_proj): Linear(in_features=3072, out_features=1024, bias=False)
  (v_proj): Linear(in_features=3072, out_features=1024, bias=False)
  (o_proj): Linear(in_features=3072, out_features=3072, bias=False)
), 'has_kwargs': True}
2026-07-26 14:04:33.233 | INFO     | llmc.compression.quantization.base_blockwise_quantization:block_transform:493 - subset: {'layers': {'self_attn.q_proj': Linear(in_features=3072, out_features=3072, bias=False), 'self_attn.k_proj': Linear(in_features=3072, out_features=1024, bias=False), 'self_attn.v_proj': Linear(in_features=3072, out_features=1024, bias=False)}, 'prev_op': [LlamaRMSNorm((3072,), eps=1e-05)], 'input': ['self_attn.q_proj'], 'inspect': LlamaAttention(
  (q_proj): Linear(in_features=3072, out_features=3072, bias=False)
  (k_proj): Linear(in_features=3072, out_features=1024, bias=False)
  (v_proj): Linear(in_features=3072, out_features=1024, bias=False)
  (o_proj): Linear(in_features=3072, out_features=3072, bias=False)
), 'has_kwargs': True}
2026-07-26 14:04:33.875 | INFO     | llmc.compression.quantization.gptq:update_layer_with_transformed_weights:184 - error 8985.22265625
2026-07-26 14:04:33.875 | INFO     | llmc.compression.quantization.gptq:update_layer_with_transformed_weights:184 - error 8985.22265625
2026-07-26 14:04:34.514 | INFO     | llmc.compression.quantization.gptq:update_layer_with_transformed_weights:184 - error 5809.234375
2026-07-26 14:04:34.514 | INFO     | llmc.compression.quantization.gptq:update_layer_with_transformed_weights:184 - error 5809.234375
2026-07-26 14:04:35.163 | INFO     | llmc.compression.quantization.gptq:update_layer_with_transformed_weights:184 - error 900.3829345703125
2026-07-26 14:04:35.163 | INFO     | llmc.compression.quantization.gptq:update_layer_with_transformed_weights:184 - error 900.3829345703125
2026-07-26 14:04:35.166 | INFO     | llmc.models.base_model:replace_module_subset:432 - replace >>> self_attn.q_proj in 13-th block
2026-07-26 14:04:35.166 | INFO     | llmc.models.base_model:replace_module_subset:432 - replace >>> self_attn.q_proj in 13-th block
2026-07-26 14:04:35.166 | INFO     | llmc.models.base_model:replace_module_subset:432 - replace >>> self_attn.k_proj in 13-th block
2026-07-26 14:04:35.166 | INFO     | llmc.models.base_model:replace_module_subset:432 - replace >>> self_attn.k_proj in 13-th block
2026-07-26 14:04:35.166 | INFO     | llmc.models.base_model:replace_module_subset:432 - replace >>> self_attn.v_proj in 13-th block
2026-07-26 14:04:35.166 | INFO     | llmc.models.base_model:replace_module_subset:432 - replace >>> self_attn.v_proj in 13-th block
2026-07-26 14:04:36.312 | INFO     | llmc.compression.quantization.base_blockwise_quantization:block_transform:493 - subset: {'layers': {'self_attn.o_proj': Linear(in_features=3072, out_features=3072, bias=False)}, 'prev_op': [Linear(in_features=3072, out_features=1024, bias=False)], 'input': ['self_attn.o_proj'], 'inspect': Linear(in_features=3072, out_features=3072, bias=False), 'has_kwargs': False}
2026-07-26 14:04:36.312 | INFO     | llmc.compression.quantization.base_blockwise_quantization:block_transform:493 - subset: {'layers': {'self_attn.o_proj': Linear(in_features=3072, out_features=3072, bias=False)}, 'prev_op': [Linear(in_features=3072, out_features=1024, bias=False)], 'input': ['self_attn.o_proj'], 'inspect': Linear(in_features=3072, out_features=3072, bias=False), 'has_kwargs': False}
2026-07-26 14:04:36.975 | INFO     | llmc.compression.quantization.gptq:update_layer_with_transformed_weights:184 - error 172.66372680664062
2026-07-26 14:04:36.975 | INFO     | llmc.compression.quantization.gptq:update_layer_with_transformed_weights:184 - error 172.66372680664062
2026-07-26 14:04:36.978 | INFO     | llmc.models.base_model:replace_module_subset:432 - replace >>> self_attn.o_proj in 13-th block
2026-07-26 14:04:36.978 | INFO     | llmc.models.base_model:replace_module_subset:432 - replace >>> self_attn.o_proj in 13-th block
2026-07-26 14:04:38.246 | INFO     | llmc.compression.quantization.base_blockwise_quantization:block_transform:493 - subset: {'layers': {'mlp.gate_proj': Linear(in_features=3072, out_features=8192, bias=False), 'mlp.up_proj': Linear(in_features=3072, out_features=8192, bias=False)}, 'prev_op': [LlamaRMSNorm((3072,), eps=1e-05)], 'input': ['mlp.gate_proj'], 'inspect': LlamaMLP(
  (gate_proj): Linear(in_features=3072, out_features=8192, bias=False)
  (up_proj): Linear(in_features=3072, out_features=8192, bias=False)
  (down_proj): Linear(in_features=8192, out_features=3072, bias=False)
  (act_fn): SiLUActivation()
), 'has_kwargs': False, 'is_mlp': True}
2026-07-26 14:04:38.246 | INFO     | llmc.compression.quantization.base_blockwise_quantization:block_transform:493 - subset: {'layers': {'mlp.gate_proj': Linear(in_features=3072, out_features=8192, bias=False), 'mlp.up_proj': Linear(in_features=3072, out_features=8192, bias=False)}, 'prev_op': [LlamaRMSNorm((3072,), eps=1e-05)], 'input': ['mlp.gate_proj'], 'inspect': LlamaMLP(
  (gate_proj): Linear(in_features=3072, out_features=8192, bias=False)
  (up_proj): Linear(in_features=3072, out_features=8192, bias=False)
  (down_proj): Linear(in_features=8192, out_features=3072, bias=False)
  (act_fn): SiLUActivation()
), 'has_kwargs': False, 'is_mlp': True}
2026-07-26 14:04:38.927 | INFO     | llmc.compression.quantization.gptq:update_layer_with_transformed_weights:184 - error 7358.64697265625
2026-07-26 14:04:38.927 | INFO     | llmc.compression.quantization.gptq:update_layer_with_transformed_weights:184 - error 7358.64697265625
2026-07-26 14:04:39.609 | INFO     | llmc.compression.quantization.gptq:update_layer_with_transformed_weights:184 - error 6456.52783203125
2026-07-26 14:04:39.609 | INFO     | llmc.compression.quantization.gptq:update_layer_with_transformed_weights:184 - error 6456.52783203125
2026-07-26 14:04:39.616 | INFO     | llmc.models.base_model:replace_module_subset:432 - replace >>> mlp.gate_proj in 13-th block
2026-07-26 14:04:39.616 | INFO     | llmc.models.base_model:replace_module_subset:432 - replace >>> mlp.gate_proj in 13-th block
2026-07-26 14:04:39.617 | INFO     | llmc.models.base_model:replace_module_subset:432 - replace >>> mlp.up_proj in 13-th block
2026-07-26 14:04:39.617 | INFO     | llmc.models.base_model:replace_module_subset:432 - replace >>> mlp.up_proj in 13-th block
2026-07-26 14:04:41.877 | INFO     | llmc.compression.quantization.base_blockwise_quantization:block_transform:493 - subset: {'layers': {'mlp.down_proj': Linear(in_features=8192, out_features=3072, bias=False)}, 'prev_op': [Linear(in_features=3072, out_features=8192, bias=False)], 'input': ['mlp.down_proj'], 'inspect': Linear(in_features=8192, out_features=3072, bias=False), 'has_kwargs': False, 'is_mlp': True}
2026-07-26 14:04:41.877 | INFO     | llmc.compression.quantization.base_blockwise_quantization:block_transform:493 - subset: {'layers': {'mlp.down_proj': Linear(in_features=8192, out_features=3072, bias=False)}, 'prev_op': [Linear(in_features=3072, out_features=8192, bias=False)], 'input': ['mlp.down_proj'], 'inspect': Linear(in_features=8192, out_features=3072, bias=False), 'has_kwargs': False, 'is_mlp': True}
2026-07-26 14:04:43.706 | INFO     | llmc.compression.quantization.gptq:update_layer_with_transformed_weights:184 - error 327.6028137207031
2026-07-26 14:04:43.706 | INFO     | llmc.compression.quantization.gptq:update_layer_with_transformed_weights:184 - error 327.6028137207031
2026-07-26 14:04:43.722 | INFO     | llmc.compression.quantization.base_blockwise_quantization:block_transform:523 - End transform the 13-th block
2026-07-26 14:04:43.722 | INFO     | llmc.compression.quantization.base_blockwise_quantization:block_transform:523 - End transform the 13-th block
2026-07-26 14:04:43.722 | INFO     | llmc.models.base_model:replace_module_subset:432 - replace >>> self_attn.q_proj in 13-th block
2026-07-26 14:04:43.722 | INFO     | llmc.models.base_model:replace_module_subset:432 - replace >>> self_attn.q_proj in 13-th block
2026-07-26 14:04:43.722 | INFO     | llmc.models.base_model:replace_module_subset:432 - replace >>> self_attn.k_proj in 13-th block
2026-07-26 14:04:43.722 | INFO     | llmc.models.base_model:replace_module_subset:432 - replace >>> self_attn.k_proj in 13-th block
2026-07-26 14:04:43.722 | INFO     | llmc.models.base_model:replace_module_subset:432 - replace >>> self_attn.v_proj in 13-th block
2026-07-26 14:04:43.722 | INFO     | llmc.models.base_model:replace_module_subset:432 - replace >>> self_attn.v_proj in 13-th block
2026-07-26 14:04:43.722 | INFO     | llmc.models.base_model:replace_module_subset:432 - replace >>> self_attn.o_proj in 13-th block
2026-07-26 14:04:43.722 | INFO     | llmc.models.base_model:replace_module_subset:432 - replace >>> self_attn.o_proj in 13-th block
2026-07-26 14:04:43.723 | INFO     | llmc.models.base_model:replace_module_subset:432 - replace >>> mlp.gate_proj in 13-th block
2026-07-26 14:04:43.723 | INFO     | llmc.models.base_model:replace_module_subset:432 - replace >>> mlp.gate_proj in 13-th block
2026-07-26 14:04:43.723 | INFO     | llmc.models.base_model:replace_module_subset:432 - replace >>> mlp.up_proj in 13-th block
2026-07-26 14:04:43.723 | INFO     | llmc.models.base_model:replace_module_subset:432 - replace >>> mlp.up_proj in 13-th block
2026-07-26 14:04:43.723 | INFO     | llmc.models.base_model:replace_module_subset:432 - replace >>> mlp.down_proj in 13-th block
2026-07-26 14:04:43.723 | INFO     | llmc.models.base_model:replace_module_subset:432 - replace >>> mlp.down_proj in 13-th block
2026-07-26 14:04:45.092 | INFO     | llmc.compression.blockwise_optimization:run_block_loop:36 - 
block index: 14/28 
block: LlamaDecoderLayer(
  (self_attn): LlamaAttention(
    (q_proj): Linear(in_features=3072, out_features=3072, bias=False)
    (k_proj): Linear(in_features=3072, out_features=1024, bias=False)
    (v_proj): Linear(in_features=3072, out_features=1024, bias=False)
    (o_proj): Linear(in_features=3072, out_features=3072, bias=False)
  )
  (mlp): LlamaMLP(
    (gate_proj): Linear(in_features=3072, out_features=8192, bias=False)
    (up_proj): Linear(in_features=3072, out_features=8192, bias=False)
    (down_proj): Linear(in_features=8192, out_features=3072, bias=False)
    (act_fn): SiLUActivation()
  )
  (input_layernorm): LlamaRMSNorm((3072,), eps=1e-05)
  (post_attention_layernorm): LlamaRMSNorm((3072,), eps=1e-05)
)
2026-07-26 14:04:45.092 | INFO     | llmc.compression.blockwise_optimization:run_block_loop:36 - 
block index: 14/28 
block: LlamaDecoderLayer(
  (self_attn): LlamaAttention(
    (q_proj): Linear(in_features=3072, out_features=3072, bias=False)
    (k_proj): Linear(in_features=3072, out_features=1024, bias=False)
    (v_proj): Linear(in_features=3072, out_features=1024, bias=False)
    (o_proj): Linear(in_features=3072, out_features=3072, bias=False)
  )
  (mlp): LlamaMLP(
    (gate_proj): Linear(in_features=3072, out_features=8192, bias=False)
    (up_proj): Linear(in_features=3072, out_features=8192, bias=False)
    (down_proj): Linear(in_features=8192, out_features=3072, bias=False)
    (act_fn): SiLUActivation()
  )
  (input_layernorm): LlamaRMSNorm((3072,), eps=1e-05)
  (post_attention_layernorm): LlamaRMSNorm((3072,), eps=1e-05)
)
2026-07-26 14:04:45.118 | INFO     | llmc.compression.quantization.base_blockwise_quantization:block_opt:416 - input_feat_modules: {'self_attn.q_proj': Linear(in_features=3072, out_features=3072, bias=False), 'self_attn.k_proj': Linear(in_features=3072, out_features=1024, bias=False), 'self_attn.v_proj': Linear(in_features=3072, out_features=1024, bias=False), 'self_attn.o_proj': Linear(in_features=3072, out_features=3072, bias=False), 'mlp.gate_proj': Linear(in_features=3072, out_features=8192, bias=False), 'mlp.up_proj': Linear(in_features=3072, out_features=8192, bias=False), 'mlp.down_proj': Linear(in_features=8192, out_features=3072, bias=False)}
2026-07-26 14:04:45.118 | INFO     | llmc.compression.quantization.base_blockwise_quantization:block_opt:416 - input_feat_modules: {'self_attn.q_proj': Linear(in_features=3072, out_features=3072, bias=False), 'self_attn.k_proj': Linear(in_features=3072, out_features=1024, bias=False), 'self_attn.v_proj': Linear(in_features=3072, out_features=1024, bias=False), 'self_attn.o_proj': Linear(in_features=3072, out_features=3072, bias=False), 'mlp.gate_proj': Linear(in_features=3072, out_features=8192, bias=False), 'mlp.up_proj': Linear(in_features=3072, out_features=8192, bias=False), 'mlp.down_proj': Linear(in_features=8192, out_features=3072, bias=False)}
2026-07-26 14:04:48.464 | INFO     | llmc.compression.quantization.base_blockwise_quantization:block_transform:484 - Start transform the 14-th block
2026-07-26 14:04:48.464 | INFO     | llmc.compression.quantization.base_blockwise_quantization:block_transform:484 - Start transform the 14-th block
2026-07-26 14:04:48.464 | INFO     | llmc.compression.quantization.base_blockwise_quantization:block_transform:493 - subset: {'layers': {'self_attn.q_proj': Linear(in_features=3072, out_features=3072, bias=False), 'self_attn.k_proj': Linear(in_features=3072, out_features=1024, bias=False), 'self_attn.v_proj': Linear(in_features=3072, out_features=1024, bias=False)}, 'prev_op': [LlamaRMSNorm((3072,), eps=1e-05)], 'input': ['self_attn.q_proj'], 'inspect': LlamaAttention(
  (q_proj): Linear(in_features=3072, out_features=3072, bias=False)
  (k_proj): Linear(in_features=3072, out_features=1024, bias=False)
  (v_proj): Linear(in_features=3072, out_features=1024, bias=False)
  (o_proj): Linear(in_features=3072, out_features=3072, bias=False)
), 'has_kwargs': True}
2026-07-26 14:04:48.464 | INFO     | llmc.compression.quantization.base_blockwise_quantization:block_transform:493 - subset: {'layers': {'self_attn.q_proj': Linear(in_features=3072, out_features=3072, bias=False), 'self_attn.k_proj': Linear(in_features=3072, out_features=1024, bias=False), 'self_attn.v_proj': Linear(in_features=3072, out_features=1024, bias=False)}, 'prev_op': [LlamaRMSNorm((3072,), eps=1e-05)], 'input': ['self_attn.q_proj'], 'inspect': LlamaAttention(
  (q_proj): Linear(in_features=3072, out_features=3072, bias=False)
  (k_proj): Linear(in_features=3072, out_features=1024, bias=False)
  (v_proj): Linear(in_features=3072, out_features=1024, bias=False)
  (o_proj): Linear(in_features=3072, out_features=3072, bias=False)
), 'has_kwargs': True}
2026-07-26 14:04:49.120 | INFO     | llmc.compression.quantization.gptq:update_layer_with_transformed_weights:184 - error 10368.9443359375
2026-07-26 14:04:49.120 | INFO     | llmc.compression.quantization.gptq:update_layer_with_transformed_weights:184 - error 10368.9443359375
2026-07-26 14:04:49.781 | INFO     | llmc.compression.quantization.gptq:update_layer_with_transformed_weights:184 - error 5093.22314453125
2026-07-26 14:04:49.781 | INFO     | llmc.compression.quantization.gptq:update_layer_with_transformed_weights:184 - error 5093.22314453125
2026-07-26 14:04:50.419 | INFO     | llmc.compression.quantization.gptq:update_layer_with_transformed_weights:184 - error 1058.0496826171875
2026-07-26 14:04:50.419 | INFO     | llmc.compression.quantization.gptq:update_layer_with_transformed_weights:184 - error 1058.0496826171875
2026-07-26 14:04:50.422 | INFO     | llmc.models.base_model:replace_module_subset:432 - replace >>> self_attn.q_proj in 14-th block
2026-07-26 14:04:50.422 | INFO     | llmc.models.base_model:replace_module_subset:432 - replace >>> self_attn.q_proj in 14-th block
2026-07-26 14:04:50.422 | INFO     | llmc.models.base_model:replace_module_subset:432 - replace >>> self_attn.k_proj in 14-th block
2026-07-26 14:04:50.422 | INFO     | llmc.models.base_model:replace_module_subset:432 - replace >>> self_attn.k_proj in 14-th block
2026-07-26 14:04:50.422 | INFO     | llmc.models.base_model:replace_module_subset:432 - replace >>> self_attn.v_proj in 14-th block
2026-07-26 14:04:50.422 | INFO     | llmc.models.base_model:replace_module_subset:432 - replace >>> self_attn.v_proj in 14-th block
2026-07-26 14:04:51.554 | INFO     | llmc.compression.quantization.base_blockwise_quantization:block_transform:493 - subset: {'layers': {'self_attn.o_proj': Linear(in_features=3072, out_features=3072, bias=False)}, 'prev_op': [Linear(in_features=3072, out_features=1024, bias=False)], 'input': ['self_attn.o_proj'], 'inspect': Linear(in_features=3072, out_features=3072, bias=False), 'has_kwargs': False}
2026-07-26 14:04:51.554 | INFO     | llmc.compression.quantization.base_blockwise_quantization:block_transform:493 - subset: {'layers': {'self_attn.o_proj': Linear(in_features=3072, out_features=3072, bias=False)}, 'prev_op': [Linear(in_features=3072, out_features=1024, bias=False)], 'input': ['self_attn.o_proj'], 'inspect': Linear(in_features=3072, out_features=3072, bias=False), 'has_kwargs': False}
2026-07-26 14:04:52.198 | INFO     | llmc.compression.quantization.gptq:update_layer_with_transformed_weights:184 - error 200.1416015625
2026-07-26 14:04:52.198 | INFO     | llmc.compression.quantization.gptq:update_layer_with_transformed_weights:184 - error 200.1416015625
2026-07-26 14:04:52.216 | INFO     | llmc.models.base_model:replace_module_subset:432 - replace >>> self_attn.o_proj in 14-th block
2026-07-26 14:04:52.216 | INFO     | llmc.models.base_model:replace_module_subset:432 - replace >>> self_attn.o_proj in 14-th block
2026-07-26 14:04:53.525 | INFO     | llmc.compression.quantization.base_blockwise_quantization:block_transform:493 - subset: {'layers': {'mlp.gate_proj': Linear(in_features=3072, out_features=8192, bias=False), 'mlp.up_proj': Linear(in_features=3072, out_features=8192, bias=False)}, 'prev_op': [LlamaRMSNorm((3072,), eps=1e-05)], 'input': ['mlp.gate_proj'], 'inspect': LlamaMLP(
  (gate_proj): Linear(in_features=3072, out_features=8192, bias=False)
  (up_proj): Linear(in_features=3072, out_features=8192, bias=False)
  (down_proj): Linear(in_features=8192, out_features=3072, bias=False)
  (act_fn): SiLUActivation()
), 'has_kwargs': False, 'is_mlp': True}
2026-07-26 14:04:53.525 | INFO     | llmc.compression.quantization.base_blockwise_quantization:block_transform:493 - subset: {'layers': {'mlp.gate_proj': Linear(in_features=3072, out_features=8192, bias=False), 'mlp.up_proj': Linear(in_features=3072, out_features=8192, bias=False)}, 'prev_op': [LlamaRMSNorm((3072,), eps=1e-05)], 'input': ['mlp.gate_proj'], 'inspect': LlamaMLP(
  (gate_proj): Linear(in_features=3072, out_features=8192, bias=False)
  (up_proj): Linear(in_features=3072, out_features=8192, bias=False)
  (down_proj): Linear(in_features=8192, out_features=3072, bias=False)
  (act_fn): SiLUActivation()
), 'has_kwargs': False, 'is_mlp': True}
2026-07-26 14:04:54.167 | INFO     | llmc.compression.quantization.gptq:update_layer_with_transformed_weights:184 - error 7962.93603515625
2026-07-26 14:04:54.167 | INFO     | llmc.compression.quantization.gptq:update_layer_with_transformed_weights:184 - error 7962.93603515625
2026-07-26 14:04:54.844 | INFO     | llmc.compression.quantization.gptq:update_layer_with_transformed_weights:184 - error 6867.70166015625
2026-07-26 14:04:54.844 | INFO     | llmc.compression.quantization.gptq:update_layer_with_transformed_weights:184 - error 6867.70166015625
2026-07-26 14:04:54.856 | INFO     | llmc.models.base_model:replace_module_subset:432 - replace >>> mlp.gate_proj in 14-th block
2026-07-26 14:04:54.856 | INFO     | llmc.models.base_model:replace_module_subset:432 - replace >>> mlp.gate_proj in 14-th block
2026-07-26 14:04:54.856 | INFO     | llmc.models.base_model:replace_module_subset:432 - replace >>> mlp.up_proj in 14-th block
2026-07-26 14:04:54.856 | INFO     | llmc.models.base_model:replace_module_subset:432 - replace >>> mlp.up_proj in 14-th block
2026-07-26 14:04:57.159 | INFO     | llmc.compression.quantization.base_blockwise_quantization:block_transform:493 - subset: {'layers': {'mlp.down_proj': Linear(in_features=8192, out_features=3072, bias=False)}, 'prev_op': [Linear(in_features=3072, out_features=8192, bias=False)], 'input': ['mlp.down_proj'], 'inspect': Linear(in_features=8192, out_features=3072, bias=False), 'has_kwargs': False, 'is_mlp': True}
2026-07-26 14:04:57.159 | INFO     | llmc.compression.quantization.base_blockwise_quantization:block_transform:493 - subset: {'layers': {'mlp.down_proj': Linear(in_features=8192, out_features=3072, bias=False)}, 'prev_op': [Linear(in_features=3072, out_features=8192, bias=False)], 'input': ['mlp.down_proj'], 'inspect': Linear(in_features=8192, out_features=3072, bias=False), 'has_kwargs': False, 'is_mlp': True}
2026-07-26 14:04:59.005 | INFO     | llmc.compression.quantization.gptq:update_layer_with_transformed_weights:184 - error 398.72442626953125
2026-07-26 14:04:59.005 | INFO     | llmc.compression.quantization.gptq:update_layer_with_transformed_weights:184 - error 398.72442626953125
2026-07-26 14:04:59.026 | INFO     | llmc.compression.quantization.base_blockwise_quantization:block_transform:523 - End transform the 14-th block
2026-07-26 14:04:59.026 | INFO     | llmc.compression.quantization.base_blockwise_quantization:block_transform:523 - End transform the 14-th block
2026-07-26 14:04:59.027 | INFO     | llmc.models.base_model:replace_module_subset:432 - replace >>> self_attn.q_proj in 14-th block
2026-07-26 14:04:59.027 | INFO     | llmc.models.base_model:replace_module_subset:432 - replace >>> self_attn.q_proj in 14-th block
2026-07-26 14:04:59.027 | INFO     | llmc.models.base_model:replace_module_subset:432 - replace >>> self_attn.k_proj in 14-th block
2026-07-26 14:04:59.027 | INFO     | llmc.models.base_model:replace_module_subset:432 - replace >>> self_attn.k_proj in 14-th block
2026-07-26 14:04:59.027 | INFO     | llmc.models.base_model:replace_module_subset:432 - replace >>> self_attn.v_proj in 14-th block
2026-07-26 14:04:59.027 | INFO     | llmc.models.base_model:replace_module_subset:432 - replace >>> self_attn.v_proj in 14-th block
2026-07-26 14:04:59.027 | INFO     | llmc.models.base_model:replace_module_subset:432 - replace >>> self_attn.o_proj in 14-th block
2026-07-26 14:04:59.027 | INFO     | llmc.models.base_model:replace_module_subset:432 - replace >>> self_attn.o_proj in 14-th block
2026-07-26 14:04:59.027 | INFO     | llmc.models.base_model:replace_module_subset:432 - replace >>> mlp.gate_proj in 14-th block
2026-07-26 14:04:59.027 | INFO     | llmc.models.base_model:replace_module_subset:432 - replace >>> mlp.gate_proj in 14-th block
2026-07-26 14:04:59.027 | INFO     | llmc.models.base_model:replace_module_subset:432 - replace >>> mlp.up_proj in 14-th block
2026-07-26 14:04:59.027 | INFO     | llmc.models.base_model:replace_module_subset:432 - replace >>> mlp.up_proj in 14-th block
2026-07-26 14:04:59.027 | INFO     | llmc.models.base_model:replace_module_subset:432 - replace >>> mlp.down_proj in 14-th block
2026-07-26 14:04:59.027 | INFO     | llmc.models.base_model:replace_module_subset:432 - replace >>> mlp.down_proj in 14-th block
2026-07-26 14:05:00.443 | INFO     | llmc.compression.blockwise_optimization:run_block_loop:36 - 
block index: 15/28 
block: LlamaDecoderLayer(
  (self_attn): LlamaAttention(
    (q_proj): Linear(in_features=3072, out_features=3072, bias=False)
    (k_proj): Linear(in_features=3072, out_features=1024, bias=False)
    (v_proj): Linear(in_features=3072, out_features=1024, bias=False)
    (o_proj): Linear(in_features=3072, out_features=3072, bias=False)
  )
  (mlp): LlamaMLP(
    (gate_proj): Linear(in_features=3072, out_features=8192, bias=False)
    (up_proj): Linear(in_features=3072, out_features=8192, bias=False)
    (down_proj): Linear(in_features=8192, out_features=3072, bias=False)
    (act_fn): SiLUActivation()
  )
  (input_layernorm): LlamaRMSNorm((3072,), eps=1e-05)
  (post_attention_layernorm): LlamaRMSNorm((3072,), eps=1e-05)
)
2026-07-26 14:05:00.443 | INFO     | llmc.compression.blockwise_optimization:run_block_loop:36 - 
block index: 15/28 
block: LlamaDecoderLayer(
  (self_attn): LlamaAttention(
    (q_proj): Linear(in_features=3072, out_features=3072, bias=False)
    (k_proj): Linear(in_features=3072, out_features=1024, bias=False)
    (v_proj): Linear(in_features=3072, out_features=1024, bias=False)
    (o_proj): Linear(in_features=3072, out_features=3072, bias=False)
  )
  (mlp): LlamaMLP(
    (gate_proj): Linear(in_features=3072, out_features=8192, bias=False)
    (up_proj): Linear(in_features=3072, out_features=8192, bias=False)
    (down_proj): Linear(in_features=8192, out_features=3072, bias=False)
    (act_fn): SiLUActivation()
  )
  (input_layernorm): LlamaRMSNorm((3072,), eps=1e-05)
  (post_attention_layernorm): LlamaRMSNorm((3072,), eps=1e-05)
)
2026-07-26 14:05:00.471 | INFO     | llmc.compression.quantization.base_blockwise_quantization:block_opt:416 - input_feat_modules: {'self_attn.q_proj': Linear(in_features=3072, out_features=3072, bias=False), 'self_attn.k_proj': Linear(in_features=3072, out_features=1024, bias=False), 'self_attn.v_proj': Linear(in_features=3072, out_features=1024, bias=False), 'self_attn.o_proj': Linear(in_features=3072, out_features=3072, bias=False), 'mlp.gate_proj': Linear(in_features=3072, out_features=8192, bias=False), 'mlp.up_proj': Linear(in_features=3072, out_features=8192, bias=False), 'mlp.down_proj': Linear(in_features=8192, out_features=3072, bias=False)}
2026-07-26 14:05:00.471 | INFO     | llmc.compression.quantization.base_blockwise_quantization:block_opt:416 - input_feat_modules: {'self_attn.q_proj': Linear(in_features=3072, out_features=3072, bias=False), 'self_attn.k_proj': Linear(in_features=3072, out_features=1024, bias=False), 'self_attn.v_proj': Linear(in_features=3072, out_features=1024, bias=False), 'self_attn.o_proj': Linear(in_features=3072, out_features=3072, bias=False), 'mlp.gate_proj': Linear(in_features=3072, out_features=8192, bias=False), 'mlp.up_proj': Linear(in_features=3072, out_features=8192, bias=False), 'mlp.down_proj': Linear(in_features=8192, out_features=3072, bias=False)}
2026-07-26 14:05:03.863 | INFO     | llmc.compression.quantization.base_blockwise_quantization:block_transform:484 - Start transform the 15-th block
2026-07-26 14:05:03.863 | INFO     | llmc.compression.quantization.base_blockwise_quantization:block_transform:484 - Start transform the 15-th block
2026-07-26 14:05:03.863 | INFO     | llmc.compression.quantization.base_blockwise_quantization:block_transform:493 - subset: {'layers': {'self_attn.q_proj': Linear(in_features=3072, out_features=3072, bias=False), 'self_attn.k_proj': Linear(in_features=3072, out_features=1024, bias=False), 'self_attn.v_proj': Linear(in_features=3072, out_features=1024, bias=False)}, 'prev_op': [LlamaRMSNorm((3072,), eps=1e-05)], 'input': ['self_attn.q_proj'], 'inspect': LlamaAttention(
  (q_proj): Linear(in_features=3072, out_features=3072, bias=False)
  (k_proj): Linear(in_features=3072, out_features=1024, bias=False)
  (v_proj): Linear(in_features=3072, out_features=1024, bias=False)
  (o_proj): Linear(in_features=3072, out_features=3072, bias=False)
), 'has_kwargs': True}
2026-07-26 14:05:03.863 | INFO     | llmc.compression.quantization.base_blockwise_quantization:block_transform:493 - subset: {'layers': {'self_attn.q_proj': Linear(in_features=3072, out_features=3072, bias=False), 'self_attn.k_proj': Linear(in_features=3072, out_features=1024, bias=False), 'self_attn.v_proj': Linear(in_features=3072, out_features=1024, bias=False)}, 'prev_op': [LlamaRMSNorm((3072,), eps=1e-05)], 'input': ['self_attn.q_proj'], 'inspect': LlamaAttention(
  (q_proj): Linear(in_features=3072, out_features=3072, bias=False)
  (k_proj): Linear(in_features=3072, out_features=1024, bias=False)
  (v_proj): Linear(in_features=3072, out_features=1024, bias=False)
  (o_proj): Linear(in_features=3072, out_features=3072, bias=False)
), 'has_kwargs': True}
2026-07-26 14:05:04.552 | INFO     | llmc.compression.quantization.gptq:update_layer_with_transformed_weights:184 - error 10672.697265625
2026-07-26 14:05:04.552 | INFO     | llmc.compression.quantization.gptq:update_layer_with_transformed_weights:184 - error 10672.697265625
2026-07-26 14:05:05.264 | INFO     | llmc.compression.quantization.gptq:update_layer_with_transformed_weights:184 - error 5926.59619140625
2026-07-26 14:05:05.264 | INFO     | llmc.compression.quantization.gptq:update_layer_with_transformed_weights:184 - error 5926.59619140625
2026-07-26 14:05:05.956 | INFO     | llmc.compression.quantization.gptq:update_layer_with_transformed_weights:184 - error 1077.881103515625
2026-07-26 14:05:05.956 | INFO     | llmc.compression.quantization.gptq:update_layer_with_transformed_weights:184 - error 1077.881103515625
2026-07-26 14:05:05.959 | INFO     | llmc.models.base_model:replace_module_subset:432 - replace >>> self_attn.q_proj in 15-th block
2026-07-26 14:05:05.959 | INFO     | llmc.models.base_model:replace_module_subset:432 - replace >>> self_attn.q_proj in 15-th block
2026-07-26 14:05:05.959 | INFO     | llmc.models.base_model:replace_module_subset:432 - replace >>> self_attn.k_proj in 15-th block
2026-07-26 14:05:05.959 | INFO     | llmc.models.base_model:replace_module_subset:432 - replace >>> self_attn.k_proj in 15-th block
2026-07-26 14:05:05.959 | INFO     | llmc.models.base_model:replace_module_subset:432 - replace >>> self_attn.v_proj in 15-th block
2026-07-26 14:05:05.959 | INFO     | llmc.models.base_model:replace_module_subset:432 - replace >>> self_attn.v_proj in 15-th block
2026-07-26 14:05:07.094 | INFO     | llmc.compression.quantization.base_blockwise_quantization:block_transform:493 - subset: {'layers': {'self_attn.o_proj': Linear(in_features=3072, out_features=3072, bias=False)}, 'prev_op': [Linear(in_features=3072, out_features=1024, bias=False)], 'input': ['self_attn.o_proj'], 'inspect': Linear(in_features=3072, out_features=3072, bias=False), 'has_kwargs': False}
2026-07-26 14:05:07.094 | INFO     | llmc.compression.quantization.base_blockwise_quantization:block_transform:493 - subset: {'layers': {'self_attn.o_proj': Linear(in_features=3072, out_features=3072, bias=False)}, 'prev_op': [Linear(in_features=3072, out_features=1024, bias=False)], 'input': ['self_attn.o_proj'], 'inspect': Linear(in_features=3072, out_features=3072, bias=False), 'has_kwargs': False}
2026-07-26 14:05:07.773 | INFO     | llmc.compression.quantization.gptq:update_layer_with_transformed_weights:184 - error 129.30990600585938
2026-07-26 14:05:07.773 | INFO     | llmc.compression.quantization.gptq:update_layer_with_transformed_weights:184 - error 129.30990600585938
2026-07-26 14:05:07.777 | INFO     | llmc.models.base_model:replace_module_subset:432 - replace >>> self_attn.o_proj in 15-th block
2026-07-26 14:05:07.777 | INFO     | llmc.models.base_model:replace_module_subset:432 - replace >>> self_attn.o_proj in 15-th block
2026-07-26 14:05:09.092 | INFO     | llmc.compression.quantization.base_blockwise_quantization:block_transform:493 - subset: {'layers': {'mlp.gate_proj': Linear(in_features=3072, out_features=8192, bias=False), 'mlp.up_proj': Linear(in_features=3072, out_features=8192, bias=False)}, 'prev_op': [LlamaRMSNorm((3072,), eps=1e-05)], 'input': ['mlp.gate_proj'], 'inspect': LlamaMLP(
  (gate_proj): Linear(in_features=3072, out_features=8192, bias=False)
  (up_proj): Linear(in_features=3072, out_features=8192, bias=False)
  (down_proj): Linear(in_features=8192, out_features=3072, bias=False)
  (act_fn): SiLUActivation()
), 'has_kwargs': False, 'is_mlp': True}
2026-07-26 14:05:09.092 | INFO     | llmc.compression.quantization.base_blockwise_quantization:block_transform:493 - subset: {'layers': {'mlp.gate_proj': Linear(in_features=3072, out_features=8192, bias=False), 'mlp.up_proj': Linear(in_features=3072, out_features=8192, bias=False)}, 'prev_op': [LlamaRMSNorm((3072,), eps=1e-05)], 'input': ['mlp.gate_proj'], 'inspect': LlamaMLP(
  (gate_proj): Linear(in_features=3072, out_features=8192, bias=False)
  (up_proj): Linear(in_features=3072, out_features=8192, bias=False)
  (down_proj): Linear(in_features=8192, out_features=3072, bias=False)
  (act_fn): SiLUActivation()
), 'has_kwargs': False, 'is_mlp': True}
2026-07-26 14:05:09.786 | INFO     | llmc.compression.quantization.gptq:update_layer_with_transformed_weights:184 - error 8804.35546875
2026-07-26 14:05:09.786 | INFO     | llmc.compression.quantization.gptq:update_layer_with_transformed_weights:184 - error 8804.35546875
2026-07-26 14:05:10.477 | INFO     | llmc.compression.quantization.gptq:update_layer_with_transformed_weights:184 - error 6944.79638671875
2026-07-26 14:05:10.477 | INFO     | llmc.compression.quantization.gptq:update_layer_with_transformed_weights:184 - error 6944.79638671875
2026-07-26 14:05:10.482 | INFO     | llmc.models.base_model:replace_module_subset:432 - replace >>> mlp.gate_proj in 15-th block
2026-07-26 14:05:10.482 | INFO     | llmc.models.base_model:replace_module_subset:432 - replace >>> mlp.gate_proj in 15-th block
2026-07-26 14:05:10.482 | INFO     | llmc.models.base_model:replace_module_subset:432 - replace >>> mlp.up_proj in 15-th block
2026-07-26 14:05:10.482 | INFO     | llmc.models.base_model:replace_module_subset:432 - replace >>> mlp.up_proj in 15-th block
2026-07-26 14:05:12.784 | INFO     | llmc.compression.quantization.base_blockwise_quantization:block_transform:493 - subset: {'layers': {'mlp.down_proj': Linear(in_features=8192, out_features=3072, bias=False)}, 'prev_op': [Linear(in_features=3072, out_features=8192, bias=False)], 'input': ['mlp.down_proj'], 'inspect': Linear(in_features=8192, out_features=3072, bias=False), 'has_kwargs': False, 'is_mlp': True}
2026-07-26 14:05:12.784 | INFO     | llmc.compression.quantization.base_blockwise_quantization:block_transform:493 - subset: {'layers': {'mlp.down_proj': Linear(in_features=8192, out_features=3072, bias=False)}, 'prev_op': [Linear(in_features=3072, out_features=8192, bias=False)], 'input': ['mlp.down_proj'], 'inspect': Linear(in_features=8192, out_features=3072, bias=False), 'has_kwargs': False, 'is_mlp': True}
2026-07-26 14:05:14.652 | INFO     | llmc.compression.quantization.gptq:update_layer_with_transformed_weights:184 - error 423.2358703613281
2026-07-26 14:05:14.652 | INFO     | llmc.compression.quantization.gptq:update_layer_with_transformed_weights:184 - error 423.2358703613281
2026-07-26 14:05:14.667 | INFO     | llmc.compression.quantization.base_blockwise_quantization:block_transform:523 - End transform the 15-th block
2026-07-26 14:05:14.667 | INFO     | llmc.compression.quantization.base_blockwise_quantization:block_transform:523 - End transform the 15-th block
2026-07-26 14:05:14.667 | INFO     | llmc.models.base_model:replace_module_subset:432 - replace >>> self_attn.q_proj in 15-th block
2026-07-26 14:05:14.667 | INFO     | llmc.models.base_model:replace_module_subset:432 - replace >>> self_attn.q_proj in 15-th block
2026-07-26 14:05:14.667 | INFO     | llmc.models.base_model:replace_module_subset:432 - replace >>> self_attn.k_proj in 15-th block
2026-07-26 14:05:14.667 | INFO     | llmc.models.base_model:replace_module_subset:432 - replace >>> self_attn.k_proj in 15-th block
2026-07-26 14:05:14.667 | INFO     | llmc.models.base_model:replace_module_subset:432 - replace >>> self_attn.v_proj in 15-th block
2026-07-26 14:05:14.667 | INFO     | llmc.models.base_model:replace_module_subset:432 - replace >>> self_attn.v_proj in 15-th block
2026-07-26 14:05:14.668 | INFO     | llmc.models.base_model:replace_module_subset:432 - replace >>> self_attn.o_proj in 15-th block
2026-07-26 14:05:14.668 | INFO     | llmc.models.base_model:replace_module_subset:432 - replace >>> self_attn.o_proj in 15-th block
2026-07-26 14:05:14.668 | INFO     | llmc.models.base_model:replace_module_subset:432 - replace >>> mlp.gate_proj in 15-th block
2026-07-26 14:05:14.668 | INFO     | llmc.models.base_model:replace_module_subset:432 - replace >>> mlp.gate_proj in 15-th block
2026-07-26 14:05:14.668 | INFO     | llmc.models.base_model:replace_module_subset:432 - replace >>> mlp.up_proj in 15-th block
2026-07-26 14:05:14.668 | INFO     | llmc.models.base_model:replace_module_subset:432 - replace >>> mlp.up_proj in 15-th block
2026-07-26 14:05:14.668 | INFO     | llmc.models.base_model:replace_module_subset:432 - replace >>> mlp.down_proj in 15-th block
2026-07-26 14:05:14.668 | INFO     | llmc.models.base_model:replace_module_subset:432 - replace >>> mlp.down_proj in 15-th block
2026-07-26 14:05:16.045 | INFO     | llmc.compression.blockwise_optimization:run_block_loop:36 - 
block index: 16/28 
block: LlamaDecoderLayer(
  (self_attn): LlamaAttention(
    (q_proj): Linear(in_features=3072, out_features=3072, bias=False)
    (k_proj): Linear(in_features=3072, out_features=1024, bias=False)
    (v_proj): Linear(in_features=3072, out_features=1024, bias=False)
    (o_proj): Linear(in_features=3072, out_features=3072, bias=False)
  )
  (mlp): LlamaMLP(
    (gate_proj): Linear(in_features=3072, out_features=8192, bias=False)
    (up_proj): Linear(in_features=3072, out_features=8192, bias=False)
    (down_proj): Linear(in_features=8192, out_features=3072, bias=False)
    (act_fn): SiLUActivation()
  )
  (input_layernorm): LlamaRMSNorm((3072,), eps=1e-05)
  (post_attention_layernorm): LlamaRMSNorm((3072,), eps=1e-05)
)
2026-07-26 14:05:16.045 | INFO     | llmc.compression.blockwise_optimization:run_block_loop:36 - 
block index: 16/28 
block: LlamaDecoderLayer(
  (self_attn): LlamaAttention(
    (q_proj): Linear(in_features=3072, out_features=3072, bias=False)
    (k_proj): Linear(in_features=3072, out_features=1024, bias=False)
    (v_proj): Linear(in_features=3072, out_features=1024, bias=False)
    (o_proj): Linear(in_features=3072, out_features=3072, bias=False)
  )
  (mlp): LlamaMLP(
    (gate_proj): Linear(in_features=3072, out_features=8192, bias=False)
    (up_proj): Linear(in_features=3072, out_features=8192, bias=False)
    (down_proj): Linear(in_features=8192, out_features=3072, bias=False)
    (act_fn): SiLUActivation()
  )
  (input_layernorm): LlamaRMSNorm((3072,), eps=1e-05)
  (post_attention_layernorm): LlamaRMSNorm((3072,), eps=1e-05)
)
2026-07-26 14:05:16.072 | INFO     | llmc.compression.quantization.base_blockwise_quantization:block_opt:416 - input_feat_modules: {'self_attn.q_proj': Linear(in_features=3072, out_features=3072, bias=False), 'self_attn.k_proj': Linear(in_features=3072, out_features=1024, bias=False), 'self_attn.v_proj': Linear(in_features=3072, out_features=1024, bias=False), 'self_attn.o_proj': Linear(in_features=3072, out_features=3072, bias=False), 'mlp.gate_proj': Linear(in_features=3072, out_features=8192, bias=False), 'mlp.up_proj': Linear(in_features=3072, out_features=8192, bias=False), 'mlp.down_proj': Linear(in_features=8192, out_features=3072, bias=False)}
2026-07-26 14:05:16.072 | INFO     | llmc.compression.quantization.base_blockwise_quantization:block_opt:416 - input_feat_modules: {'self_attn.q_proj': Linear(in_features=3072, out_features=3072, bias=False), 'self_attn.k_proj': Linear(in_features=3072, out_features=1024, bias=False), 'self_attn.v_proj': Linear(in_features=3072, out_features=1024, bias=False), 'self_attn.o_proj': Linear(in_features=3072, out_features=3072, bias=False), 'mlp.gate_proj': Linear(in_features=3072, out_features=8192, bias=False), 'mlp.up_proj': Linear(in_features=3072, out_features=8192, bias=False), 'mlp.down_proj': Linear(in_features=8192, out_features=3072, bias=False)}
2026-07-26 14:05:19.468 | INFO     | llmc.compression.quantization.base_blockwise_quantization:block_transform:484 - Start transform the 16-th block
2026-07-26 14:05:19.468 | INFO     | llmc.compression.quantization.base_blockwise_quantization:block_transform:484 - Start transform the 16-th block
2026-07-26 14:05:19.469 | INFO     | llmc.compression.quantization.base_blockwise_quantization:block_transform:493 - subset: {'layers': {'self_attn.q_proj': Linear(in_features=3072, out_features=3072, bias=False), 'self_attn.k_proj': Linear(in_features=3072, out_features=1024, bias=False), 'self_attn.v_proj': Linear(in_features=3072, out_features=1024, bias=False)}, 'prev_op': [LlamaRMSNorm((3072,), eps=1e-05)], 'input': ['self_attn.q_proj'], 'inspect': LlamaAttention(
  (q_proj): Linear(in_features=3072, out_features=3072, bias=False)
  (k_proj): Linear(in_features=3072, out_features=1024, bias=False)
  (v_proj): Linear(in_features=3072, out_features=1024, bias=False)
  (o_proj): Linear(in_features=3072, out_features=3072, bias=False)
), 'has_kwargs': True}
2026-07-26 14:05:19.469 | INFO     | llmc.compression.quantization.base_blockwise_quantization:block_transform:493 - subset: {'layers': {'self_attn.q_proj': Linear(in_features=3072, out_features=3072, bias=False), 'self_attn.k_proj': Linear(in_features=3072, out_features=1024, bias=False), 'self_attn.v_proj': Linear(in_features=3072, out_features=1024, bias=False)}, 'prev_op': [LlamaRMSNorm((3072,), eps=1e-05)], 'input': ['self_attn.q_proj'], 'inspect': LlamaAttention(
  (q_proj): Linear(in_features=3072, out_features=3072, bias=False)
  (k_proj): Linear(in_features=3072, out_features=1024, bias=False)
  (v_proj): Linear(in_features=3072, out_features=1024, bias=False)
  (o_proj): Linear(in_features=3072, out_features=3072, bias=False)
), 'has_kwargs': True}
2026-07-26 14:05:20.137 | INFO     | llmc.compression.quantization.gptq:update_layer_with_transformed_weights:184 - error 10685.90625
2026-07-26 14:05:20.137 | INFO     | llmc.compression.quantization.gptq:update_layer_with_transformed_weights:184 - error 10685.90625
2026-07-26 14:05:20.797 | INFO     | llmc.compression.quantization.gptq:update_layer_with_transformed_weights:184 - error 6465.9931640625
2026-07-26 14:05:20.797 | INFO     | llmc.compression.quantization.gptq:update_layer_with_transformed_weights:184 - error 6465.9931640625
2026-07-26 14:05:21.456 | INFO     | llmc.compression.quantization.gptq:update_layer_with_transformed_weights:184 - error 1129.3997802734375
2026-07-26 14:05:21.456 | INFO     | llmc.compression.quantization.gptq:update_layer_with_transformed_weights:184 - error 1129.3997802734375
2026-07-26 14:05:21.459 | INFO     | llmc.models.base_model:replace_module_subset:432 - replace >>> self_attn.q_proj in 16-th block
2026-07-26 14:05:21.459 | INFO     | llmc.models.base_model:replace_module_subset:432 - replace >>> self_attn.q_proj in 16-th block
2026-07-26 14:05:21.459 | INFO     | llmc.models.base_model:replace_module_subset:432 - replace >>> self_attn.k_proj in 16-th block
2026-07-26 14:05:21.459 | INFO     | llmc.models.base_model:replace_module_subset:432 - replace >>> self_attn.k_proj in 16-th block
2026-07-26 14:05:21.459 | INFO     | llmc.models.base_model:replace_module_subset:432 - replace >>> self_attn.v_proj in 16-th block
2026-07-26 14:05:21.459 | INFO     | llmc.models.base_model:replace_module_subset:432 - replace >>> self_attn.v_proj in 16-th block
2026-07-26 14:05:22.611 | INFO     | llmc.compression.quantization.base_blockwise_quantization:block_transform:493 - subset: {'layers': {'self_attn.o_proj': Linear(in_features=3072, out_features=3072, bias=False)}, 'prev_op': [Linear(in_features=3072, out_features=1024, bias=False)], 'input': ['self_attn.o_proj'], 'inspect': Linear(in_features=3072, out_features=3072, bias=False), 'has_kwargs': False}
2026-07-26 14:05:22.611 | INFO     | llmc.compression.quantization.base_blockwise_quantization:block_transform:493 - subset: {'layers': {'self_attn.o_proj': Linear(in_features=3072, out_features=3072, bias=False)}, 'prev_op': [Linear(in_features=3072, out_features=1024, bias=False)], 'input': ['self_attn.o_proj'], 'inspect': Linear(in_features=3072, out_features=3072, bias=False), 'has_kwargs': False}
2026-07-26 14:05:23.273 | INFO     | llmc.compression.quantization.gptq:update_layer_with_transformed_weights:184 - error 98.80419158935547
2026-07-26 14:05:23.273 | INFO     | llmc.compression.quantization.gptq:update_layer_with_transformed_weights:184 - error 98.80419158935547
2026-07-26 14:05:23.291 | INFO     | llmc.models.base_model:replace_module_subset:432 - replace >>> self_attn.o_proj in 16-th block
2026-07-26 14:05:23.291 | INFO     | llmc.models.base_model:replace_module_subset:432 - replace >>> self_attn.o_proj in 16-th block
2026-07-26 14:05:24.600 | INFO     | llmc.compression.quantization.base_blockwise_quantization:block_transform:493 - subset: {'layers': {'mlp.gate_proj': Linear(in_features=3072, out_features=8192, bias=False), 'mlp.up_proj': Linear(in_features=3072, out_features=8192, bias=False)}, 'prev_op': [LlamaRMSNorm((3072,), eps=1e-05)], 'input': ['mlp.gate_proj'], 'inspect': LlamaMLP(
  (gate_proj): Linear(in_features=3072, out_features=8192, bias=False)
  (up_proj): Linear(in_features=3072, out_features=8192, bias=False)
  (down_proj): Linear(in_features=8192, out_features=3072, bias=False)
  (act_fn): SiLUActivation()
), 'has_kwargs': False, 'is_mlp': True}
2026-07-26 14:05:24.600 | INFO     | llmc.compression.quantization.base_blockwise_quantization:block_transform:493 - subset: {'layers': {'mlp.gate_proj': Linear(in_features=3072, out_features=8192, bias=False), 'mlp.up_proj': Linear(in_features=3072, out_features=8192, bias=False)}, 'prev_op': [LlamaRMSNorm((3072,), eps=1e-05)], 'input': ['mlp.gate_proj'], 'inspect': LlamaMLP(
  (gate_proj): Linear(in_features=3072, out_features=8192, bias=False)
  (up_proj): Linear(in_features=3072, out_features=8192, bias=False)
  (down_proj): Linear(in_features=8192, out_features=3072, bias=False)
  (act_fn): SiLUActivation()
), 'has_kwargs': False, 'is_mlp': True}
2026-07-26 14:05:25.283 | INFO     | llmc.compression.quantization.gptq:update_layer_with_transformed_weights:184 - error 9455.60546875
2026-07-26 14:05:25.283 | INFO     | llmc.compression.quantization.gptq:update_layer_with_transformed_weights:184 - error 9455.60546875
2026-07-26 14:05:25.962 | INFO     | llmc.compression.quantization.gptq:update_layer_with_transformed_weights:184 - error 7212.236328125
2026-07-26 14:05:25.962 | INFO     | llmc.compression.quantization.gptq:update_layer_with_transformed_weights:184 - error 7212.236328125
2026-07-26 14:05:25.970 | INFO     | llmc.models.base_model:replace_module_subset:432 - replace >>> mlp.gate_proj in 16-th block
2026-07-26 14:05:25.970 | INFO     | llmc.models.base_model:replace_module_subset:432 - replace >>> mlp.gate_proj in 16-th block
2026-07-26 14:05:25.970 | INFO     | llmc.models.base_model:replace_module_subset:432 - replace >>> mlp.up_proj in 16-th block
2026-07-26 14:05:25.970 | INFO     | llmc.models.base_model:replace_module_subset:432 - replace >>> mlp.up_proj in 16-th block
2026-07-26 14:05:28.281 | INFO     | llmc.compression.quantization.base_blockwise_quantization:block_transform:493 - subset: {'layers': {'mlp.down_proj': Linear(in_features=8192, out_features=3072, bias=False)}, 'prev_op': [Linear(in_features=3072, out_features=8192, bias=False)], 'input': ['mlp.down_proj'], 'inspect': Linear(in_features=8192, out_features=3072, bias=False), 'has_kwargs': False, 'is_mlp': True}
2026-07-26 14:05:28.281 | INFO     | llmc.compression.quantization.base_blockwise_quantization:block_transform:493 - subset: {'layers': {'mlp.down_proj': Linear(in_features=8192, out_features=3072, bias=False)}, 'prev_op': [Linear(in_features=3072, out_features=8192, bias=False)], 'input': ['mlp.down_proj'], 'inspect': Linear(in_features=8192, out_features=3072, bias=False), 'has_kwargs': False, 'is_mlp': True}
2026-07-26 14:05:30.159 | INFO     | llmc.compression.quantization.gptq:update_layer_with_transformed_weights:184 - error 417.46673583984375
2026-07-26 14:05:30.159 | INFO     | llmc.compression.quantization.gptq:update_layer_with_transformed_weights:184 - error 417.46673583984375
2026-07-26 14:05:30.181 | INFO     | llmc.compression.quantization.base_blockwise_quantization:block_transform:523 - End transform the 16-th block
2026-07-26 14:05:30.181 | INFO     | llmc.compression.quantization.base_blockwise_quantization:block_transform:523 - End transform the 16-th block
2026-07-26 14:05:30.181 | INFO     | llmc.models.base_model:replace_module_subset:432 - replace >>> self_attn.q_proj in 16-th block
2026-07-26 14:05:30.181 | INFO     | llmc.models.base_model:replace_module_subset:432 - replace >>> self_attn.q_proj in 16-th block
2026-07-26 14:05:30.181 | INFO     | llmc.models.base_model:replace_module_subset:432 - replace >>> self_attn.k_proj in 16-th block
2026-07-26 14:05:30.181 | INFO     | llmc.models.base_model:replace_module_subset:432 - replace >>> self_attn.k_proj in 16-th block
2026-07-26 14:05:30.181 | INFO     | llmc.models.base_model:replace_module_subset:432 - replace >>> self_attn.v_proj in 16-th block
2026-07-26 14:05:30.181 | INFO     | llmc.models.base_model:replace_module_subset:432 - replace >>> self_attn.v_proj in 16-th block
2026-07-26 14:05:30.181 | INFO     | llmc.models.base_model:replace_module_subset:432 - replace >>> self_attn.o_proj in 16-th block
2026-07-26 14:05:30.181 | INFO     | llmc.models.base_model:replace_module_subset:432 - replace >>> self_attn.o_proj in 16-th block
2026-07-26 14:05:30.181 | INFO     | llmc.models.base_model:replace_module_subset:432 - replace >>> mlp.gate_proj in 16-th block
2026-07-26 14:05:30.181 | INFO     | llmc.models.base_model:replace_module_subset:432 - replace >>> mlp.gate_proj in 16-th block
2026-07-26 14:05:30.181 | INFO     | llmc.models.base_model:replace_module_subset:432 - replace >>> mlp.up_proj in 16-th block
2026-07-26 14:05:30.181 | INFO     | llmc.models.base_model:replace_module_subset:432 - replace >>> mlp.up_proj in 16-th block
2026-07-26 14:05:30.181 | INFO     | llmc.models.base_model:replace_module_subset:432 - replace >>> mlp.down_proj in 16-th block
2026-07-26 14:05:30.181 | INFO     | llmc.models.base_model:replace_module_subset:432 - replace >>> mlp.down_proj in 16-th block
2026-07-26 14:05:31.571 | INFO     | llmc.compression.blockwise_optimization:run_block_loop:36 - 
block index: 17/28 
block: LlamaDecoderLayer(
  (self_attn): LlamaAttention(
    (q_proj): Linear(in_features=3072, out_features=3072, bias=False)
    (k_proj): Linear(in_features=3072, out_features=1024, bias=False)
    (v_proj): Linear(in_features=3072, out_features=1024, bias=False)
    (o_proj): Linear(in_features=3072, out_features=3072, bias=False)
  )
  (mlp): LlamaMLP(
    (gate_proj): Linear(in_features=3072, out_features=8192, bias=False)
    (up_proj): Linear(in_features=3072, out_features=8192, bias=False)
    (down_proj): Linear(in_features=8192, out_features=3072, bias=False)
    (act_fn): SiLUActivation()
  )
  (input_layernorm): LlamaRMSNorm((3072,), eps=1e-05)
  (post_attention_layernorm): LlamaRMSNorm((3072,), eps=1e-05)
)
2026-07-26 14:05:31.571 | INFO     | llmc.compression.blockwise_optimization:run_block_loop:36 - 
block index: 17/28 
block: LlamaDecoderLayer(
  (self_attn): LlamaAttention(
    (q_proj): Linear(in_features=3072, out_features=3072, bias=False)
    (k_proj): Linear(in_features=3072, out_features=1024, bias=False)
    (v_proj): Linear(in_features=3072, out_features=1024, bias=False)
    (o_proj): Linear(in_features=3072, out_features=3072, bias=False)
  )
  (mlp): LlamaMLP(
    (gate_proj): Linear(in_features=3072, out_features=8192, bias=False)
    (up_proj): Linear(in_features=3072, out_features=8192, bias=False)
    (down_proj): Linear(in_features=8192, out_features=3072, bias=False)
    (act_fn): SiLUActivation()
  )
  (input_layernorm): LlamaRMSNorm((3072,), eps=1e-05)
  (post_attention_layernorm): LlamaRMSNorm((3072,), eps=1e-05)
)
2026-07-26 14:05:31.601 | INFO     | llmc.compression.quantization.base_blockwise_quantization:block_opt:416 - input_feat_modules: {'self_attn.q_proj': Linear(in_features=3072, out_features=3072, bias=False), 'self_attn.k_proj': Linear(in_features=3072, out_features=1024, bias=False), 'self_attn.v_proj': Linear(in_features=3072, out_features=1024, bias=False), 'self_attn.o_proj': Linear(in_features=3072, out_features=3072, bias=False), 'mlp.gate_proj': Linear(in_features=3072, out_features=8192, bias=False), 'mlp.up_proj': Linear(in_features=3072, out_features=8192, bias=False), 'mlp.down_proj': Linear(in_features=8192, out_features=3072, bias=False)}
2026-07-26 14:05:31.601 | INFO     | llmc.compression.quantization.base_blockwise_quantization:block_opt:416 - input_feat_modules: {'self_attn.q_proj': Linear(in_features=3072, out_features=3072, bias=False), 'self_attn.k_proj': Linear(in_features=3072, out_features=1024, bias=False), 'self_attn.v_proj': Linear(in_features=3072, out_features=1024, bias=False), 'self_attn.o_proj': Linear(in_features=3072, out_features=3072, bias=False), 'mlp.gate_proj': Linear(in_features=3072, out_features=8192, bias=False), 'mlp.up_proj': Linear(in_features=3072, out_features=8192, bias=False), 'mlp.down_proj': Linear(in_features=8192, out_features=3072, bias=False)}
2026-07-26 14:05:35.011 | INFO     | llmc.compression.quantization.base_blockwise_quantization:block_transform:484 - Start transform the 17-th block
2026-07-26 14:05:35.011 | INFO     | llmc.compression.quantization.base_blockwise_quantization:block_transform:484 - Start transform the 17-th block
2026-07-26 14:05:35.011 | INFO     | llmc.compression.quantization.base_blockwise_quantization:block_transform:493 - subset: {'layers': {'self_attn.q_proj': Linear(in_features=3072, out_features=3072, bias=False), 'self_attn.k_proj': Linear(in_features=3072, out_features=1024, bias=False), 'self_attn.v_proj': Linear(in_features=3072, out_features=1024, bias=False)}, 'prev_op': [LlamaRMSNorm((3072,), eps=1e-05)], 'input': ['self_attn.q_proj'], 'inspect': LlamaAttention(
  (q_proj): Linear(in_features=3072, out_features=3072, bias=False)
  (k_proj): Linear(in_features=3072, out_features=1024, bias=False)
  (v_proj): Linear(in_features=3072, out_features=1024, bias=False)
  (o_proj): Linear(in_features=3072, out_features=3072, bias=False)
), 'has_kwargs': True}
2026-07-26 14:05:35.011 | INFO     | llmc.compression.quantization.base_blockwise_quantization:block_transform:493 - subset: {'layers': {'self_attn.q_proj': Linear(in_features=3072, out_features=3072, bias=False), 'self_attn.k_proj': Linear(in_features=3072, out_features=1024, bias=False), 'self_attn.v_proj': Linear(in_features=3072, out_features=1024, bias=False)}, 'prev_op': [LlamaRMSNorm((3072,), eps=1e-05)], 'input': ['self_attn.q_proj'], 'inspect': LlamaAttention(
  (q_proj): Linear(in_features=3072, out_features=3072, bias=False)
  (k_proj): Linear(in_features=3072, out_features=1024, bias=False)
  (v_proj): Linear(in_features=3072, out_features=1024, bias=False)
  (o_proj): Linear(in_features=3072, out_features=3072, bias=False)
), 'has_kwargs': True}
2026-07-26 14:05:35.678 | INFO     | llmc.compression.quantization.gptq:update_layer_with_transformed_weights:184 - error 10592.498046875
2026-07-26 14:05:35.678 | INFO     | llmc.compression.quantization.gptq:update_layer_with_transformed_weights:184 - error 10592.498046875
2026-07-26 14:05:36.361 | INFO     | llmc.compression.quantization.gptq:update_layer_with_transformed_weights:184 - error 6005.7294921875
2026-07-26 14:05:36.361 | INFO     | llmc.compression.quantization.gptq:update_layer_with_transformed_weights:184 - error 6005.7294921875
2026-07-26 14:05:37.045 | INFO     | llmc.compression.quantization.gptq:update_layer_with_transformed_weights:184 - error 1172.732666015625
2026-07-26 14:05:37.045 | INFO     | llmc.compression.quantization.gptq:update_layer_with_transformed_weights:184 - error 1172.732666015625
2026-07-26 14:05:37.048 | INFO     | llmc.models.base_model:replace_module_subset:432 - replace >>> self_attn.q_proj in 17-th block
2026-07-26 14:05:37.048 | INFO     | llmc.models.base_model:replace_module_subset:432 - replace >>> self_attn.q_proj in 17-th block
2026-07-26 14:05:37.048 | INFO     | llmc.models.base_model:replace_module_subset:432 - replace >>> self_attn.k_proj in 17-th block
2026-07-26 14:05:37.048 | INFO     | llmc.models.base_model:replace_module_subset:432 - replace >>> self_attn.k_proj in 17-th block
2026-07-26 14:05:37.048 | INFO     | llmc.models.base_model:replace_module_subset:432 - replace >>> self_attn.v_proj in 17-th block
2026-07-26 14:05:37.048 | INFO     | llmc.models.base_model:replace_module_subset:432 - replace >>> self_attn.v_proj in 17-th block
2026-07-26 14:05:38.225 | INFO     | llmc.compression.quantization.base_blockwise_quantization:block_transform:493 - subset: {'layers': {'self_attn.o_proj': Linear(in_features=3072, out_features=3072, bias=False)}, 'prev_op': [Linear(in_features=3072, out_features=1024, bias=False)], 'input': ['self_attn.o_proj'], 'inspect': Linear(in_features=3072, out_features=3072, bias=False), 'has_kwargs': False}
2026-07-26 14:05:38.225 | INFO     | llmc.compression.quantization.base_blockwise_quantization:block_transform:493 - subset: {'layers': {'self_attn.o_proj': Linear(in_features=3072, out_features=3072, bias=False)}, 'prev_op': [Linear(in_features=3072, out_features=1024, bias=False)], 'input': ['self_attn.o_proj'], 'inspect': Linear(in_features=3072, out_features=3072, bias=False), 'has_kwargs': False}
2026-07-26 14:05:38.943 | INFO     | llmc.compression.quantization.gptq:update_layer_with_transformed_weights:184 - error 83.4312744140625
2026-07-26 14:05:38.943 | INFO     | llmc.compression.quantization.gptq:update_layer_with_transformed_weights:184 - error 83.4312744140625
2026-07-26 14:05:38.946 | INFO     | llmc.models.base_model:replace_module_subset:432 - replace >>> self_attn.o_proj in 17-th block
2026-07-26 14:05:38.946 | INFO     | llmc.models.base_model:replace_module_subset:432 - replace >>> self_attn.o_proj in 17-th block
2026-07-26 14:05:40.262 | INFO     | llmc.compression.quantization.base_blockwise_quantization:block_transform:493 - subset: {'layers': {'mlp.gate_proj': Linear(in_features=3072, out_features=8192, bias=False), 'mlp.up_proj': Linear(in_features=3072, out_features=8192, bias=False)}, 'prev_op': [LlamaRMSNorm((3072,), eps=1e-05)], 'input': ['mlp.gate_proj'], 'inspect': LlamaMLP(
  (gate_proj): Linear(in_features=3072, out_features=8192, bias=False)
  (up_proj): Linear(in_features=3072, out_features=8192, bias=False)
  (down_proj): Linear(in_features=8192, out_features=3072, bias=False)
  (act_fn): SiLUActivation()
), 'has_kwargs': False, 'is_mlp': True}
2026-07-26 14:05:40.262 | INFO     | llmc.compression.quantization.base_blockwise_quantization:block_transform:493 - subset: {'layers': {'mlp.gate_proj': Linear(in_features=3072, out_features=8192, bias=False), 'mlp.up_proj': Linear(in_features=3072, out_features=8192, bias=False)}, 'prev_op': [LlamaRMSNorm((3072,), eps=1e-05)], 'input': ['mlp.gate_proj'], 'inspect': LlamaMLP(
  (gate_proj): Linear(in_features=3072, out_features=8192, bias=False)
  (up_proj): Linear(in_features=3072, out_features=8192, bias=False)
  (down_proj): Linear(in_features=8192, out_features=3072, bias=False)
  (act_fn): SiLUActivation()
), 'has_kwargs': False, 'is_mlp': True}
2026-07-26 14:05:40.945 | INFO     | llmc.compression.quantization.gptq:update_layer_with_transformed_weights:184 - error 10116.033203125
2026-07-26 14:05:40.945 | INFO     | llmc.compression.quantization.gptq:update_layer_with_transformed_weights:184 - error 10116.033203125
2026-07-26 14:05:41.655 | INFO     | llmc.compression.quantization.gptq:update_layer_with_transformed_weights:184 - error 7586.2744140625
2026-07-26 14:05:41.655 | INFO     | llmc.compression.quantization.gptq:update_layer_with_transformed_weights:184 - error 7586.2744140625
2026-07-26 14:05:41.661 | INFO     | llmc.models.base_model:replace_module_subset:432 - replace >>> mlp.gate_proj in 17-th block
2026-07-26 14:05:41.661 | INFO     | llmc.models.base_model:replace_module_subset:432 - replace >>> mlp.gate_proj in 17-th block
2026-07-26 14:05:41.661 | INFO     | llmc.models.base_model:replace_module_subset:432 - replace >>> mlp.up_proj in 17-th block
2026-07-26 14:05:41.661 | INFO     | llmc.models.base_model:replace_module_subset:432 - replace >>> mlp.up_proj in 17-th block
2026-07-26 14:05:43.967 | INFO     | llmc.compression.quantization.base_blockwise_quantization:block_transform:493 - subset: {'layers': {'mlp.down_proj': Linear(in_features=8192, out_features=3072, bias=False)}, 'prev_op': [Linear(in_features=3072, out_features=8192, bias=False)], 'input': ['mlp.down_proj'], 'inspect': Linear(in_features=8192, out_features=3072, bias=False), 'has_kwargs': False, 'is_mlp': True}
2026-07-26 14:05:43.967 | INFO     | llmc.compression.quantization.base_blockwise_quantization:block_transform:493 - subset: {'layers': {'mlp.down_proj': Linear(in_features=8192, out_features=3072, bias=False)}, 'prev_op': [Linear(in_features=3072, out_features=8192, bias=False)], 'input': ['mlp.down_proj'], 'inspect': Linear(in_features=8192, out_features=3072, bias=False), 'has_kwargs': False, 'is_mlp': True}
2026-07-26 14:05:45.877 | INFO     | llmc.compression.quantization.gptq:update_layer_with_transformed_weights:184 - error 450.06646728515625
2026-07-26 14:05:45.877 | INFO     | llmc.compression.quantization.gptq:update_layer_with_transformed_weights:184 - error 450.06646728515625
2026-07-26 14:05:45.891 | INFO     | llmc.compression.quantization.base_blockwise_quantization:block_transform:523 - End transform the 17-th block
2026-07-26 14:05:45.891 | INFO     | llmc.compression.quantization.base_blockwise_quantization:block_transform:523 - End transform the 17-th block
2026-07-26 14:05:45.891 | INFO     | llmc.models.base_model:replace_module_subset:432 - replace >>> self_attn.q_proj in 17-th block
2026-07-26 14:05:45.891 | INFO     | llmc.models.base_model:replace_module_subset:432 - replace >>> self_attn.q_proj in 17-th block
2026-07-26 14:05:45.891 | INFO     | llmc.models.base_model:replace_module_subset:432 - replace >>> self_attn.k_proj in 17-th block
2026-07-26 14:05:45.891 | INFO     | llmc.models.base_model:replace_module_subset:432 - replace >>> self_attn.k_proj in 17-th block
2026-07-26 14:05:45.891 | INFO     | llmc.models.base_model:replace_module_subset:432 - replace >>> self_attn.v_proj in 17-th block
2026-07-26 14:05:45.891 | INFO     | llmc.models.base_model:replace_module_subset:432 - replace >>> self_attn.v_proj in 17-th block
2026-07-26 14:05:45.891 | INFO     | llmc.models.base_model:replace_module_subset:432 - replace >>> self_attn.o_proj in 17-th block
2026-07-26 14:05:45.891 | INFO     | llmc.models.base_model:replace_module_subset:432 - replace >>> self_attn.o_proj in 17-th block
2026-07-26 14:05:45.891 | INFO     | llmc.models.base_model:replace_module_subset:432 - replace >>> mlp.gate_proj in 17-th block
2026-07-26 14:05:45.891 | INFO     | llmc.models.base_model:replace_module_subset:432 - replace >>> mlp.gate_proj in 17-th block
2026-07-26 14:05:45.892 | INFO     | llmc.models.base_model:replace_module_subset:432 - replace >>> mlp.up_proj in 17-th block
2026-07-26 14:05:45.892 | INFO     | llmc.models.base_model:replace_module_subset:432 - replace >>> mlp.up_proj in 17-th block
2026-07-26 14:05:45.892 | INFO     | llmc.models.base_model:replace_module_subset:432 - replace >>> mlp.down_proj in 17-th block
2026-07-26 14:05:45.892 | INFO     | llmc.models.base_model:replace_module_subset:432 - replace >>> mlp.down_proj in 17-th block
2026-07-26 14:05:47.197 | INFO     | llmc.compression.blockwise_optimization:run_block_loop:36 - 
block index: 18/28 
block: LlamaDecoderLayer(
  (self_attn): LlamaAttention(
    (q_proj): Linear(in_features=3072, out_features=3072, bias=False)
    (k_proj): Linear(in_features=3072, out_features=1024, bias=False)
    (v_proj): Linear(in_features=3072, out_features=1024, bias=False)
    (o_proj): Linear(in_features=3072, out_features=3072, bias=False)
  )
  (mlp): LlamaMLP(
    (gate_proj): Linear(in_features=3072, out_features=8192, bias=False)
    (up_proj): Linear(in_features=3072, out_features=8192, bias=False)
    (down_proj): Linear(in_features=8192, out_features=3072, bias=False)
    (act_fn): SiLUActivation()
  )
  (input_layernorm): LlamaRMSNorm((3072,), eps=1e-05)
  (post_attention_layernorm): LlamaRMSNorm((3072,), eps=1e-05)
)
2026-07-26 14:05:47.197 | INFO     | llmc.compression.blockwise_optimization:run_block_loop:36 - 
block index: 18/28 
block: LlamaDecoderLayer(
  (self_attn): LlamaAttention(
    (q_proj): Linear(in_features=3072, out_features=3072, bias=False)
    (k_proj): Linear(in_features=3072, out_features=1024, bias=False)
    (v_proj): Linear(in_features=3072, out_features=1024, bias=False)
    (o_proj): Linear(in_features=3072, out_features=3072, bias=False)
  )
  (mlp): LlamaMLP(
    (gate_proj): Linear(in_features=3072, out_features=8192, bias=False)
    (up_proj): Linear(in_features=3072, out_features=8192, bias=False)
    (down_proj): Linear(in_features=8192, out_features=3072, bias=False)
    (act_fn): SiLUActivation()
  )
  (input_layernorm): LlamaRMSNorm((3072,), eps=1e-05)
  (post_attention_layernorm): LlamaRMSNorm((3072,), eps=1e-05)
)
2026-07-26 14:05:47.226 | INFO     | llmc.compression.quantization.base_blockwise_quantization:block_opt:416 - input_feat_modules: {'self_attn.q_proj': Linear(in_features=3072, out_features=3072, bias=False), 'self_attn.k_proj': Linear(in_features=3072, out_features=1024, bias=False), 'self_attn.v_proj': Linear(in_features=3072, out_features=1024, bias=False), 'self_attn.o_proj': Linear(in_features=3072, out_features=3072, bias=False), 'mlp.gate_proj': Linear(in_features=3072, out_features=8192, bias=False), 'mlp.up_proj': Linear(in_features=3072, out_features=8192, bias=False), 'mlp.down_proj': Linear(in_features=8192, out_features=3072, bias=False)}
2026-07-26 14:05:47.226 | INFO     | llmc.compression.quantization.base_blockwise_quantization:block_opt:416 - input_feat_modules: {'self_attn.q_proj': Linear(in_features=3072, out_features=3072, bias=False), 'self_attn.k_proj': Linear(in_features=3072, out_features=1024, bias=False), 'self_attn.v_proj': Linear(in_features=3072, out_features=1024, bias=False), 'self_attn.o_proj': Linear(in_features=3072, out_features=3072, bias=False), 'mlp.gate_proj': Linear(in_features=3072, out_features=8192, bias=False), 'mlp.up_proj': Linear(in_features=3072, out_features=8192, bias=False), 'mlp.down_proj': Linear(in_features=8192, out_features=3072, bias=False)}
2026-07-26 14:05:50.660 | INFO     | llmc.compression.quantization.base_blockwise_quantization:block_transform:484 - Start transform the 18-th block
2026-07-26 14:05:50.660 | INFO     | llmc.compression.quantization.base_blockwise_quantization:block_transform:484 - Start transform the 18-th block
2026-07-26 14:05:50.661 | INFO     | llmc.compression.quantization.base_blockwise_quantization:block_transform:493 - subset: {'layers': {'self_attn.q_proj': Linear(in_features=3072, out_features=3072, bias=False), 'self_attn.k_proj': Linear(in_features=3072, out_features=1024, bias=False), 'self_attn.v_proj': Linear(in_features=3072, out_features=1024, bias=False)}, 'prev_op': [LlamaRMSNorm((3072,), eps=1e-05)], 'input': ['self_attn.q_proj'], 'inspect': LlamaAttention(
  (q_proj): Linear(in_features=3072, out_features=3072, bias=False)
  (k_proj): Linear(in_features=3072, out_features=1024, bias=False)
  (v_proj): Linear(in_features=3072, out_features=1024, bias=False)
  (o_proj): Linear(in_features=3072, out_features=3072, bias=False)
), 'has_kwargs': True}
2026-07-26 14:05:50.661 | INFO     | llmc.compression.quantization.base_blockwise_quantization:block_transform:493 - subset: {'layers': {'self_attn.q_proj': Linear(in_features=3072, out_features=3072, bias=False), 'self_attn.k_proj': Linear(in_features=3072, out_features=1024, bias=False), 'self_attn.v_proj': Linear(in_features=3072, out_features=1024, bias=False)}, 'prev_op': [LlamaRMSNorm((3072,), eps=1e-05)], 'input': ['self_attn.q_proj'], 'inspect': LlamaAttention(
  (q_proj): Linear(in_features=3072, out_features=3072, bias=False)
  (k_proj): Linear(in_features=3072, out_features=1024, bias=False)
  (v_proj): Linear(in_features=3072, out_features=1024, bias=False)
  (o_proj): Linear(in_features=3072, out_features=3072, bias=False)
), 'has_kwargs': True}
2026-07-26 14:05:51.364 | INFO     | llmc.compression.quantization.gptq:update_layer_with_transformed_weights:184 - error 11468.7294921875
2026-07-26 14:05:51.364 | INFO     | llmc.compression.quantization.gptq:update_layer_with_transformed_weights:184 - error 11468.7294921875
2026-07-26 14:05:52.037 | INFO     | llmc.compression.quantization.gptq:update_layer_with_transformed_weights:184 - error 6832.5380859375
2026-07-26 14:05:52.037 | INFO     | llmc.compression.quantization.gptq:update_layer_with_transformed_weights:184 - error 6832.5380859375
2026-07-26 14:05:52.719 | INFO     | llmc.compression.quantization.gptq:update_layer_with_transformed_weights:184 - error 1345.701904296875
2026-07-26 14:05:52.719 | INFO     | llmc.compression.quantization.gptq:update_layer_with_transformed_weights:184 - error 1345.701904296875
2026-07-26 14:05:52.722 | INFO     | llmc.models.base_model:replace_module_subset:432 - replace >>> self_attn.q_proj in 18-th block
2026-07-26 14:05:52.722 | INFO     | llmc.models.base_model:replace_module_subset:432 - replace >>> self_attn.q_proj in 18-th block
2026-07-26 14:05:52.722 | INFO     | llmc.models.base_model:replace_module_subset:432 - replace >>> self_attn.k_proj in 18-th block
2026-07-26 14:05:52.722 | INFO     | llmc.models.base_model:replace_module_subset:432 - replace >>> self_attn.k_proj in 18-th block
2026-07-26 14:05:52.722 | INFO     | llmc.models.base_model:replace_module_subset:432 - replace >>> self_attn.v_proj in 18-th block
2026-07-26 14:05:52.722 | INFO     | llmc.models.base_model:replace_module_subset:432 - replace >>> self_attn.v_proj in 18-th block
2026-07-26 14:05:53.862 | INFO     | llmc.compression.quantization.base_blockwise_quantization:block_transform:493 - subset: {'layers': {'self_attn.o_proj': Linear(in_features=3072, out_features=3072, bias=False)}, 'prev_op': [Linear(in_features=3072, out_features=1024, bias=False)], 'input': ['self_attn.o_proj'], 'inspect': Linear(in_features=3072, out_features=3072, bias=False), 'has_kwargs': False}
2026-07-26 14:05:53.862 | INFO     | llmc.compression.quantization.base_blockwise_quantization:block_transform:493 - subset: {'layers': {'self_attn.o_proj': Linear(in_features=3072, out_features=3072, bias=False)}, 'prev_op': [Linear(in_features=3072, out_features=1024, bias=False)], 'input': ['self_attn.o_proj'], 'inspect': Linear(in_features=3072, out_features=3072, bias=False), 'has_kwargs': False}
2026-07-26 14:05:54.564 | INFO     | llmc.compression.quantization.gptq:update_layer_with_transformed_weights:184 - error 81.28819274902344
2026-07-26 14:05:54.564 | INFO     | llmc.compression.quantization.gptq:update_layer_with_transformed_weights:184 - error 81.28819274902344
2026-07-26 14:05:54.582 | INFO     | llmc.models.base_model:replace_module_subset:432 - replace >>> self_attn.o_proj in 18-th block
2026-07-26 14:05:54.582 | INFO     | llmc.models.base_model:replace_module_subset:432 - replace >>> self_attn.o_proj in 18-th block
2026-07-26 14:05:55.888 | INFO     | llmc.compression.quantization.base_blockwise_quantization:block_transform:493 - subset: {'layers': {'mlp.gate_proj': Linear(in_features=3072, out_features=8192, bias=False), 'mlp.up_proj': Linear(in_features=3072, out_features=8192, bias=False)}, 'prev_op': [LlamaRMSNorm((3072,), eps=1e-05)], 'input': ['mlp.gate_proj'], 'inspect': LlamaMLP(
  (gate_proj): Linear(in_features=3072, out_features=8192, bias=False)
  (up_proj): Linear(in_features=3072, out_features=8192, bias=False)
  (down_proj): Linear(in_features=8192, out_features=3072, bias=False)
  (act_fn): SiLUActivation()
), 'has_kwargs': False, 'is_mlp': True}
2026-07-26 14:05:55.888 | INFO     | llmc.compression.quantization.base_blockwise_quantization:block_transform:493 - subset: {'layers': {'mlp.gate_proj': Linear(in_features=3072, out_features=8192, bias=False), 'mlp.up_proj': Linear(in_features=3072, out_features=8192, bias=False)}, 'prev_op': [LlamaRMSNorm((3072,), eps=1e-05)], 'input': ['mlp.gate_proj'], 'inspect': LlamaMLP(
  (gate_proj): Linear(in_features=3072, out_features=8192, bias=False)
  (up_proj): Linear(in_features=3072, out_features=8192, bias=False)
  (down_proj): Linear(in_features=8192, out_features=3072, bias=False)
  (act_fn): SiLUActivation()
), 'has_kwargs': False, 'is_mlp': True}
2026-07-26 14:05:56.640 | INFO     | llmc.compression.quantization.gptq:update_layer_with_transformed_weights:184 - error 10780.6552734375
2026-07-26 14:05:56.640 | INFO     | llmc.compression.quantization.gptq:update_layer_with_transformed_weights:184 - error 10780.6552734375
2026-07-26 14:05:57.320 | INFO     | llmc.compression.quantization.gptq:update_layer_with_transformed_weights:184 - error 8226.966796875
2026-07-26 14:05:57.320 | INFO     | llmc.compression.quantization.gptq:update_layer_with_transformed_weights:184 - error 8226.966796875
2026-07-26 14:05:57.326 | INFO     | llmc.models.base_model:replace_module_subset:432 - replace >>> mlp.gate_proj in 18-th block
2026-07-26 14:05:57.326 | INFO     | llmc.models.base_model:replace_module_subset:432 - replace >>> mlp.gate_proj in 18-th block
2026-07-26 14:05:57.326 | INFO     | llmc.models.base_model:replace_module_subset:432 - replace >>> mlp.up_proj in 18-th block
2026-07-26 14:05:57.326 | INFO     | llmc.models.base_model:replace_module_subset:432 - replace >>> mlp.up_proj in 18-th block
2026-07-26 14:05:59.615 | INFO     | llmc.compression.quantization.base_blockwise_quantization:block_transform:493 - subset: {'layers': {'mlp.down_proj': Linear(in_features=8192, out_features=3072, bias=False)}, 'prev_op': [Linear(in_features=3072, out_features=8192, bias=False)], 'input': ['mlp.down_proj'], 'inspect': Linear(in_features=8192, out_features=3072, bias=False), 'has_kwargs': False, 'is_mlp': True}
2026-07-26 14:05:59.615 | INFO     | llmc.compression.quantization.base_blockwise_quantization:block_transform:493 - subset: {'layers': {'mlp.down_proj': Linear(in_features=8192, out_features=3072, bias=False)}, 'prev_op': [Linear(in_features=3072, out_features=8192, bias=False)], 'input': ['mlp.down_proj'], 'inspect': Linear(in_features=8192, out_features=3072, bias=False), 'has_kwargs': False, 'is_mlp': True}
2026-07-26 14:06:01.473 | INFO     | llmc.compression.quantization.gptq:update_layer_with_transformed_weights:184 - error 489.2398986816406
2026-07-26 14:06:01.473 | INFO     | llmc.compression.quantization.gptq:update_layer_with_transformed_weights:184 - error 489.2398986816406
2026-07-26 14:06:01.495 | INFO     | llmc.compression.quantization.base_blockwise_quantization:block_transform:523 - End transform the 18-th block
2026-07-26 14:06:01.495 | INFO     | llmc.compression.quantization.base_blockwise_quantization:block_transform:523 - End transform the 18-th block
2026-07-26 14:06:01.495 | INFO     | llmc.models.base_model:replace_module_subset:432 - replace >>> self_attn.q_proj in 18-th block
2026-07-26 14:06:01.495 | INFO     | llmc.models.base_model:replace_module_subset:432 - replace >>> self_attn.q_proj in 18-th block
2026-07-26 14:06:01.495 | INFO     | llmc.models.base_model:replace_module_subset:432 - replace >>> self_attn.k_proj in 18-th block
2026-07-26 14:06:01.495 | INFO     | llmc.models.base_model:replace_module_subset:432 - replace >>> self_attn.k_proj in 18-th block
2026-07-26 14:06:01.495 | INFO     | llmc.models.base_model:replace_module_subset:432 - replace >>> self_attn.v_proj in 18-th block
2026-07-26 14:06:01.495 | INFO     | llmc.models.base_model:replace_module_subset:432 - replace >>> self_attn.v_proj in 18-th block
2026-07-26 14:06:01.495 | INFO     | llmc.models.base_model:replace_module_subset:432 - replace >>> self_attn.o_proj in 18-th block
2026-07-26 14:06:01.495 | INFO     | llmc.models.base_model:replace_module_subset:432 - replace >>> self_attn.o_proj in 18-th block
2026-07-26 14:06:01.495 | INFO     | llmc.models.base_model:replace_module_subset:432 - replace >>> mlp.gate_proj in 18-th block
2026-07-26 14:06:01.495 | INFO     | llmc.models.base_model:replace_module_subset:432 - replace >>> mlp.gate_proj in 18-th block
2026-07-26 14:06:01.495 | INFO     | llmc.models.base_model:replace_module_subset:432 - replace >>> mlp.up_proj in 18-th block
2026-07-26 14:06:01.495 | INFO     | llmc.models.base_model:replace_module_subset:432 - replace >>> mlp.up_proj in 18-th block
2026-07-26 14:06:01.495 | INFO     | llmc.models.base_model:replace_module_subset:432 - replace >>> mlp.down_proj in 18-th block
2026-07-26 14:06:01.495 | INFO     | llmc.models.base_model:replace_module_subset:432 - replace >>> mlp.down_proj in 18-th block
2026-07-26 14:06:02.782 | INFO     | llmc.compression.blockwise_optimization:run_block_loop:36 - 
block index: 19/28 
block: LlamaDecoderLayer(
  (self_attn): LlamaAttention(
    (q_proj): Linear(in_features=3072, out_features=3072, bias=False)
    (k_proj): Linear(in_features=3072, out_features=1024, bias=False)
    (v_proj): Linear(in_features=3072, out_features=1024, bias=False)
    (o_proj): Linear(in_features=3072, out_features=3072, bias=False)
  )
  (mlp): LlamaMLP(
    (gate_proj): Linear(in_features=3072, out_features=8192, bias=False)
    (up_proj): Linear(in_features=3072, out_features=8192, bias=False)
    (down_proj): Linear(in_features=8192, out_features=3072, bias=False)
    (act_fn): SiLUActivation()
  )
  (input_layernorm): LlamaRMSNorm((3072,), eps=1e-05)
  (post_attention_layernorm): LlamaRMSNorm((3072,), eps=1e-05)
)
2026-07-26 14:06:02.782 | INFO     | llmc.compression.blockwise_optimization:run_block_loop:36 - 
block index: 19/28 
block: LlamaDecoderLayer(
  (self_attn): LlamaAttention(
    (q_proj): Linear(in_features=3072, out_features=3072, bias=False)
    (k_proj): Linear(in_features=3072, out_features=1024, bias=False)
    (v_proj): Linear(in_features=3072, out_features=1024, bias=False)
    (o_proj): Linear(in_features=3072, out_features=3072, bias=False)
  )
  (mlp): LlamaMLP(
    (gate_proj): Linear(in_features=3072, out_features=8192, bias=False)
    (up_proj): Linear(in_features=3072, out_features=8192, bias=False)
    (down_proj): Linear(in_features=8192, out_features=3072, bias=False)
    (act_fn): SiLUActivation()
  )
  (input_layernorm): LlamaRMSNorm((3072,), eps=1e-05)
  (post_attention_layernorm): LlamaRMSNorm((3072,), eps=1e-05)
)
2026-07-26 14:06:02.812 | INFO     | llmc.compression.quantization.base_blockwise_quantization:block_opt:416 - input_feat_modules: {'self_attn.q_proj': Linear(in_features=3072, out_features=3072, bias=False), 'self_attn.k_proj': Linear(in_features=3072, out_features=1024, bias=False), 'self_attn.v_proj': Linear(in_features=3072, out_features=1024, bias=False), 'self_attn.o_proj': Linear(in_features=3072, out_features=3072, bias=False), 'mlp.gate_proj': Linear(in_features=3072, out_features=8192, bias=False), 'mlp.up_proj': Linear(in_features=3072, out_features=8192, bias=False), 'mlp.down_proj': Linear(in_features=8192, out_features=3072, bias=False)}
2026-07-26 14:06:02.812 | INFO     | llmc.compression.quantization.base_blockwise_quantization:block_opt:416 - input_feat_modules: {'self_attn.q_proj': Linear(in_features=3072, out_features=3072, bias=False), 'self_attn.k_proj': Linear(in_features=3072, out_features=1024, bias=False), 'self_attn.v_proj': Linear(in_features=3072, out_features=1024, bias=False), 'self_attn.o_proj': Linear(in_features=3072, out_features=3072, bias=False), 'mlp.gate_proj': Linear(in_features=3072, out_features=8192, bias=False), 'mlp.up_proj': Linear(in_features=3072, out_features=8192, bias=False), 'mlp.down_proj': Linear(in_features=8192, out_features=3072, bias=False)}
2026-07-26 14:06:06.210 | INFO     | llmc.compression.quantization.base_blockwise_quantization:block_transform:484 - Start transform the 19-th block
2026-07-26 14:06:06.210 | INFO     | llmc.compression.quantization.base_blockwise_quantization:block_transform:484 - Start transform the 19-th block
2026-07-26 14:06:06.211 | INFO     | llmc.compression.quantization.base_blockwise_quantization:block_transform:493 - subset: {'layers': {'self_attn.q_proj': Linear(in_features=3072, out_features=3072, bias=False), 'self_attn.k_proj': Linear(in_features=3072, out_features=1024, bias=False), 'self_attn.v_proj': Linear(in_features=3072, out_features=1024, bias=False)}, 'prev_op': [LlamaRMSNorm((3072,), eps=1e-05)], 'input': ['self_attn.q_proj'], 'inspect': LlamaAttention(
  (q_proj): Linear(in_features=3072, out_features=3072, bias=False)
  (k_proj): Linear(in_features=3072, out_features=1024, bias=False)
  (v_proj): Linear(in_features=3072, out_features=1024, bias=False)
  (o_proj): Linear(in_features=3072, out_features=3072, bias=False)
), 'has_kwargs': True}
2026-07-26 14:06:06.211 | INFO     | llmc.compression.quantization.base_blockwise_quantization:block_transform:493 - subset: {'layers': {'self_attn.q_proj': Linear(in_features=3072, out_features=3072, bias=False), 'self_attn.k_proj': Linear(in_features=3072, out_features=1024, bias=False), 'self_attn.v_proj': Linear(in_features=3072, out_features=1024, bias=False)}, 'prev_op': [LlamaRMSNorm((3072,), eps=1e-05)], 'input': ['self_attn.q_proj'], 'inspect': LlamaAttention(
  (q_proj): Linear(in_features=3072, out_features=3072, bias=False)
  (k_proj): Linear(in_features=3072, out_features=1024, bias=False)
  (v_proj): Linear(in_features=3072, out_features=1024, bias=False)
  (o_proj): Linear(in_features=3072, out_features=3072, bias=False)
), 'has_kwargs': True}
2026-07-26 14:06:06.898 | INFO     | llmc.compression.quantization.gptq:update_layer_with_transformed_weights:184 - error 10878.7548828125
2026-07-26 14:06:06.898 | INFO     | llmc.compression.quantization.gptq:update_layer_with_transformed_weights:184 - error 10878.7548828125
2026-07-26 14:06:07.530 | INFO     | llmc.compression.quantization.gptq:update_layer_with_transformed_weights:184 - error 6818.4052734375
2026-07-26 14:06:07.530 | INFO     | llmc.compression.quantization.gptq:update_layer_with_transformed_weights:184 - error 6818.4052734375
2026-07-26 14:06:08.158 | INFO     | llmc.compression.quantization.gptq:update_layer_with_transformed_weights:184 - error 1416.841064453125
2026-07-26 14:06:08.158 | INFO     | llmc.compression.quantization.gptq:update_layer_with_transformed_weights:184 - error 1416.841064453125
2026-07-26 14:06:08.161 | INFO     | llmc.models.base_model:replace_module_subset:432 - replace >>> self_attn.q_proj in 19-th block
2026-07-26 14:06:08.161 | INFO     | llmc.models.base_model:replace_module_subset:432 - replace >>> self_attn.q_proj in 19-th block
2026-07-26 14:06:08.161 | INFO     | llmc.models.base_model:replace_module_subset:432 - replace >>> self_attn.k_proj in 19-th block
2026-07-26 14:06:08.161 | INFO     | llmc.models.base_model:replace_module_subset:432 - replace >>> self_attn.k_proj in 19-th block
2026-07-26 14:06:08.161 | INFO     | llmc.models.base_model:replace_module_subset:432 - replace >>> self_attn.v_proj in 19-th block
2026-07-26 14:06:08.161 | INFO     | llmc.models.base_model:replace_module_subset:432 - replace >>> self_attn.v_proj in 19-th block
2026-07-26 14:06:09.307 | INFO     | llmc.compression.quantization.base_blockwise_quantization:block_transform:493 - subset: {'layers': {'self_attn.o_proj': Linear(in_features=3072, out_features=3072, bias=False)}, 'prev_op': [Linear(in_features=3072, out_features=1024, bias=False)], 'input': ['self_attn.o_proj'], 'inspect': Linear(in_features=3072, out_features=3072, bias=False), 'has_kwargs': False}
2026-07-26 14:06:09.307 | INFO     | llmc.compression.quantization.base_blockwise_quantization:block_transform:493 - subset: {'layers': {'self_attn.o_proj': Linear(in_features=3072, out_features=3072, bias=False)}, 'prev_op': [Linear(in_features=3072, out_features=1024, bias=False)], 'input': ['self_attn.o_proj'], 'inspect': Linear(in_features=3072, out_features=3072, bias=False), 'has_kwargs': False}
2026-07-26 14:06:09.966 | INFO     | llmc.compression.quantization.gptq:update_layer_with_transformed_weights:184 - error 120.7988510131836
2026-07-26 14:06:09.966 | INFO     | llmc.compression.quantization.gptq:update_layer_with_transformed_weights:184 - error 120.7988510131836
2026-07-26 14:06:09.969 | INFO     | llmc.models.base_model:replace_module_subset:432 - replace >>> self_attn.o_proj in 19-th block
2026-07-26 14:06:09.969 | INFO     | llmc.models.base_model:replace_module_subset:432 - replace >>> self_attn.o_proj in 19-th block
2026-07-26 14:06:11.268 | INFO     | llmc.compression.quantization.base_blockwise_quantization:block_transform:493 - subset: {'layers': {'mlp.gate_proj': Linear(in_features=3072, out_features=8192, bias=False), 'mlp.up_proj': Linear(in_features=3072, out_features=8192, bias=False)}, 'prev_op': [LlamaRMSNorm((3072,), eps=1e-05)], 'input': ['mlp.gate_proj'], 'inspect': LlamaMLP(
  (gate_proj): Linear(in_features=3072, out_features=8192, bias=False)
  (up_proj): Linear(in_features=3072, out_features=8192, bias=False)
  (down_proj): Linear(in_features=8192, out_features=3072, bias=False)
  (act_fn): SiLUActivation()
), 'has_kwargs': False, 'is_mlp': True}
2026-07-26 14:06:11.268 | INFO     | llmc.compression.quantization.base_blockwise_quantization:block_transform:493 - subset: {'layers': {'mlp.gate_proj': Linear(in_features=3072, out_features=8192, bias=False), 'mlp.up_proj': Linear(in_features=3072, out_features=8192, bias=False)}, 'prev_op': [LlamaRMSNorm((3072,), eps=1e-05)], 'input': ['mlp.gate_proj'], 'inspect': LlamaMLP(
  (gate_proj): Linear(in_features=3072, out_features=8192, bias=False)
  (up_proj): Linear(in_features=3072, out_features=8192, bias=False)
  (down_proj): Linear(in_features=8192, out_features=3072, bias=False)
  (act_fn): SiLUActivation()
), 'has_kwargs': False, 'is_mlp': True}
2026-07-26 14:06:11.932 | INFO     | llmc.compression.quantization.gptq:update_layer_with_transformed_weights:184 - error 11427.216796875
2026-07-26 14:06:11.932 | INFO     | llmc.compression.quantization.gptq:update_layer_with_transformed_weights:184 - error 11427.216796875
2026-07-26 14:06:12.601 | INFO     | llmc.compression.quantization.gptq:update_layer_with_transformed_weights:184 - error 8921.79296875
2026-07-26 14:06:12.601 | INFO     | llmc.compression.quantization.gptq:update_layer_with_transformed_weights:184 - error 8921.79296875
2026-07-26 14:06:12.608 | INFO     | llmc.models.base_model:replace_module_subset:432 - replace >>> mlp.gate_proj in 19-th block
2026-07-26 14:06:12.608 | INFO     | llmc.models.base_model:replace_module_subset:432 - replace >>> mlp.gate_proj in 19-th block
2026-07-26 14:06:12.608 | INFO     | llmc.models.base_model:replace_module_subset:432 - replace >>> mlp.up_proj in 19-th block
2026-07-26 14:06:12.608 | INFO     | llmc.models.base_model:replace_module_subset:432 - replace >>> mlp.up_proj in 19-th block
2026-07-26 14:06:14.921 | INFO     | llmc.compression.quantization.base_blockwise_quantization:block_transform:493 - subset: {'layers': {'mlp.down_proj': Linear(in_features=8192, out_features=3072, bias=False)}, 'prev_op': [Linear(in_features=3072, out_features=8192, bias=False)], 'input': ['mlp.down_proj'], 'inspect': Linear(in_features=8192, out_features=3072, bias=False), 'has_kwargs': False, 'is_mlp': True}
2026-07-26 14:06:14.921 | INFO     | llmc.compression.quantization.base_blockwise_quantization:block_transform:493 - subset: {'layers': {'mlp.down_proj': Linear(in_features=8192, out_features=3072, bias=False)}, 'prev_op': [Linear(in_features=3072, out_features=8192, bias=False)], 'input': ['mlp.down_proj'], 'inspect': Linear(in_features=8192, out_features=3072, bias=False), 'has_kwargs': False, 'is_mlp': True}
2026-07-26 14:06:16.773 | INFO     | llmc.compression.quantization.gptq:update_layer_with_transformed_weights:184 - error 588.2218017578125
2026-07-26 14:06:16.773 | INFO     | llmc.compression.quantization.gptq:update_layer_with_transformed_weights:184 - error 588.2218017578125
2026-07-26 14:06:16.788 | INFO     | llmc.compression.quantization.base_blockwise_quantization:block_transform:523 - End transform the 19-th block
2026-07-26 14:06:16.788 | INFO     | llmc.compression.quantization.base_blockwise_quantization:block_transform:523 - End transform the 19-th block
2026-07-26 14:06:16.789 | INFO     | llmc.models.base_model:replace_module_subset:432 - replace >>> self_attn.q_proj in 19-th block
2026-07-26 14:06:16.789 | INFO     | llmc.models.base_model:replace_module_subset:432 - replace >>> self_attn.q_proj in 19-th block
2026-07-26 14:06:16.789 | INFO     | llmc.models.base_model:replace_module_subset:432 - replace >>> self_attn.k_proj in 19-th block
2026-07-26 14:06:16.789 | INFO     | llmc.models.base_model:replace_module_subset:432 - replace >>> self_attn.k_proj in 19-th block
2026-07-26 14:06:16.789 | INFO     | llmc.models.base_model:replace_module_subset:432 - replace >>> self_attn.v_proj in 19-th block
2026-07-26 14:06:16.789 | INFO     | llmc.models.base_model:replace_module_subset:432 - replace >>> self_attn.v_proj in 19-th block
2026-07-26 14:06:16.789 | INFO     | llmc.models.base_model:replace_module_subset:432 - replace >>> self_attn.o_proj in 19-th block
2026-07-26 14:06:16.789 | INFO     | llmc.models.base_model:replace_module_subset:432 - replace >>> self_attn.o_proj in 19-th block
2026-07-26 14:06:16.789 | INFO     | llmc.models.base_model:replace_module_subset:432 - replace >>> mlp.gate_proj in 19-th block
2026-07-26 14:06:16.789 | INFO     | llmc.models.base_model:replace_module_subset:432 - replace >>> mlp.gate_proj in 19-th block
2026-07-26 14:06:16.789 | INFO     | llmc.models.base_model:replace_module_subset:432 - replace >>> mlp.up_proj in 19-th block
2026-07-26 14:06:16.789 | INFO     | llmc.models.base_model:replace_module_subset:432 - replace >>> mlp.up_proj in 19-th block
2026-07-26 14:06:16.789 | INFO     | llmc.models.base_model:replace_module_subset:432 - replace >>> mlp.down_proj in 19-th block
2026-07-26 14:06:16.789 | INFO     | llmc.models.base_model:replace_module_subset:432 - replace >>> mlp.down_proj in 19-th block
2026-07-26 14:06:18.093 | INFO     | llmc.compression.blockwise_optimization:run_block_loop:36 - 
block index: 20/28 
block: LlamaDecoderLayer(
  (self_attn): LlamaAttention(
    (q_proj): Linear(in_features=3072, out_features=3072, bias=False)
    (k_proj): Linear(in_features=3072, out_features=1024, bias=False)
    (v_proj): Linear(in_features=3072, out_features=1024, bias=False)
    (o_proj): Linear(in_features=3072, out_features=3072, bias=False)
  )
  (mlp): LlamaMLP(
    (gate_proj): Linear(in_features=3072, out_features=8192, bias=False)
    (up_proj): Linear(in_features=3072, out_features=8192, bias=False)
    (down_proj): Linear(in_features=8192, out_features=3072, bias=False)
    (act_fn): SiLUActivation()
  )
  (input_layernorm): LlamaRMSNorm((3072,), eps=1e-05)
  (post_attention_layernorm): LlamaRMSNorm((3072,), eps=1e-05)
)
2026-07-26 14:06:18.093 | INFO     | llmc.compression.blockwise_optimization:run_block_loop:36 - 
block index: 20/28 
block: LlamaDecoderLayer(
  (self_attn): LlamaAttention(
    (q_proj): Linear(in_features=3072, out_features=3072, bias=False)
    (k_proj): Linear(in_features=3072, out_features=1024, bias=False)
    (v_proj): Linear(in_features=3072, out_features=1024, bias=False)
    (o_proj): Linear(in_features=3072, out_features=3072, bias=False)
  )
  (mlp): LlamaMLP(
    (gate_proj): Linear(in_features=3072, out_features=8192, bias=False)
    (up_proj): Linear(in_features=3072, out_features=8192, bias=False)
    (down_proj): Linear(in_features=8192, out_features=3072, bias=False)
    (act_fn): SiLUActivation()
  )
  (input_layernorm): LlamaRMSNorm((3072,), eps=1e-05)
  (post_attention_layernorm): LlamaRMSNorm((3072,), eps=1e-05)
)
2026-07-26 14:06:18.123 | INFO     | llmc.compression.quantization.base_blockwise_quantization:block_opt:416 - input_feat_modules: {'self_attn.q_proj': Linear(in_features=3072, out_features=3072, bias=False), 'self_attn.k_proj': Linear(in_features=3072, out_features=1024, bias=False), 'self_attn.v_proj': Linear(in_features=3072, out_features=1024, bias=False), 'self_attn.o_proj': Linear(in_features=3072, out_features=3072, bias=False), 'mlp.gate_proj': Linear(in_features=3072, out_features=8192, bias=False), 'mlp.up_proj': Linear(in_features=3072, out_features=8192, bias=False), 'mlp.down_proj': Linear(in_features=8192, out_features=3072, bias=False)}
2026-07-26 14:06:18.123 | INFO     | llmc.compression.quantization.base_blockwise_quantization:block_opt:416 - input_feat_modules: {'self_attn.q_proj': Linear(in_features=3072, out_features=3072, bias=False), 'self_attn.k_proj': Linear(in_features=3072, out_features=1024, bias=False), 'self_attn.v_proj': Linear(in_features=3072, out_features=1024, bias=False), 'self_attn.o_proj': Linear(in_features=3072, out_features=3072, bias=False), 'mlp.gate_proj': Linear(in_features=3072, out_features=8192, bias=False), 'mlp.up_proj': Linear(in_features=3072, out_features=8192, bias=False), 'mlp.down_proj': Linear(in_features=8192, out_features=3072, bias=False)}
2026-07-26 14:06:21.534 | INFO     | llmc.compression.quantization.base_blockwise_quantization:block_transform:484 - Start transform the 20-th block
2026-07-26 14:06:21.534 | INFO     | llmc.compression.quantization.base_blockwise_quantization:block_transform:484 - Start transform the 20-th block
2026-07-26 14:06:21.535 | INFO     | llmc.compression.quantization.base_blockwise_quantization:block_transform:493 - subset: {'layers': {'self_attn.q_proj': Linear(in_features=3072, out_features=3072, bias=False), 'self_attn.k_proj': Linear(in_features=3072, out_features=1024, bias=False), 'self_attn.v_proj': Linear(in_features=3072, out_features=1024, bias=False)}, 'prev_op': [LlamaRMSNorm((3072,), eps=1e-05)], 'input': ['self_attn.q_proj'], 'inspect': LlamaAttention(
  (q_proj): Linear(in_features=3072, out_features=3072, bias=False)
  (k_proj): Linear(in_features=3072, out_features=1024, bias=False)
  (v_proj): Linear(in_features=3072, out_features=1024, bias=False)
  (o_proj): Linear(in_features=3072, out_features=3072, bias=False)
), 'has_kwargs': True}
2026-07-26 14:06:21.535 | INFO     | llmc.compression.quantization.base_blockwise_quantization:block_transform:493 - subset: {'layers': {'self_attn.q_proj': Linear(in_features=3072, out_features=3072, bias=False), 'self_attn.k_proj': Linear(in_features=3072, out_features=1024, bias=False), 'self_attn.v_proj': Linear(in_features=3072, out_features=1024, bias=False)}, 'prev_op': [LlamaRMSNorm((3072,), eps=1e-05)], 'input': ['self_attn.q_proj'], 'inspect': LlamaAttention(
  (q_proj): Linear(in_features=3072, out_features=3072, bias=False)
  (k_proj): Linear(in_features=3072, out_features=1024, bias=False)
  (v_proj): Linear(in_features=3072, out_features=1024, bias=False)
  (o_proj): Linear(in_features=3072, out_features=3072, bias=False)
), 'has_kwargs': True}
2026-07-26 14:06:22.212 | INFO     | llmc.compression.quantization.gptq:update_layer_with_transformed_weights:184 - error 11356.1416015625
2026-07-26 14:06:22.212 | INFO     | llmc.compression.quantization.gptq:update_layer_with_transformed_weights:184 - error 11356.1416015625
2026-07-26 14:06:22.891 | INFO     | llmc.compression.quantization.gptq:update_layer_with_transformed_weights:184 - error 7051.51171875
2026-07-26 14:06:22.891 | INFO     | llmc.compression.quantization.gptq:update_layer_with_transformed_weights:184 - error 7051.51171875
2026-07-26 14:06:23.573 | INFO     | llmc.compression.quantization.gptq:update_layer_with_transformed_weights:184 - error 1725.09326171875
2026-07-26 14:06:23.573 | INFO     | llmc.compression.quantization.gptq:update_layer_with_transformed_weights:184 - error 1725.09326171875
2026-07-26 14:06:23.575 | INFO     | llmc.models.base_model:replace_module_subset:432 - replace >>> self_attn.q_proj in 20-th block
2026-07-26 14:06:23.575 | INFO     | llmc.models.base_model:replace_module_subset:432 - replace >>> self_attn.q_proj in 20-th block
2026-07-26 14:06:23.575 | INFO     | llmc.models.base_model:replace_module_subset:432 - replace >>> self_attn.k_proj in 20-th block
2026-07-26 14:06:23.575 | INFO     | llmc.models.base_model:replace_module_subset:432 - replace >>> self_attn.k_proj in 20-th block
2026-07-26 14:06:23.576 | INFO     | llmc.models.base_model:replace_module_subset:432 - replace >>> self_attn.v_proj in 20-th block
2026-07-26 14:06:23.576 | INFO     | llmc.models.base_model:replace_module_subset:432 - replace >>> self_attn.v_proj in 20-th block
2026-07-26 14:06:24.755 | INFO     | llmc.compression.quantization.base_blockwise_quantization:block_transform:493 - subset: {'layers': {'self_attn.o_proj': Linear(in_features=3072, out_features=3072, bias=False)}, 'prev_op': [Linear(in_features=3072, out_features=1024, bias=False)], 'input': ['self_attn.o_proj'], 'inspect': Linear(in_features=3072, out_features=3072, bias=False), 'has_kwargs': False}
2026-07-26 14:06:24.755 | INFO     | llmc.compression.quantization.base_blockwise_quantization:block_transform:493 - subset: {'layers': {'self_attn.o_proj': Linear(in_features=3072, out_features=3072, bias=False)}, 'prev_op': [Linear(in_features=3072, out_features=1024, bias=False)], 'input': ['self_attn.o_proj'], 'inspect': Linear(in_features=3072, out_features=3072, bias=False), 'has_kwargs': False}
2026-07-26 14:06:25.419 | INFO     | llmc.compression.quantization.gptq:update_layer_with_transformed_weights:184 - error 95.2646713256836
2026-07-26 14:06:25.419 | INFO     | llmc.compression.quantization.gptq:update_layer_with_transformed_weights:184 - error 95.2646713256836
2026-07-26 14:06:25.436 | INFO     | llmc.models.base_model:replace_module_subset:432 - replace >>> self_attn.o_proj in 20-th block
2026-07-26 14:06:25.436 | INFO     | llmc.models.base_model:replace_module_subset:432 - replace >>> self_attn.o_proj in 20-th block
2026-07-26 14:06:26.736 | INFO     | llmc.compression.quantization.base_blockwise_quantization:block_transform:493 - subset: {'layers': {'mlp.gate_proj': Linear(in_features=3072, out_features=8192, bias=False), 'mlp.up_proj': Linear(in_features=3072, out_features=8192, bias=False)}, 'prev_op': [LlamaRMSNorm((3072,), eps=1e-05)], 'input': ['mlp.gate_proj'], 'inspect': LlamaMLP(
  (gate_proj): Linear(in_features=3072, out_features=8192, bias=False)
  (up_proj): Linear(in_features=3072, out_features=8192, bias=False)
  (down_proj): Linear(in_features=8192, out_features=3072, bias=False)
  (act_fn): SiLUActivation()
), 'has_kwargs': False, 'is_mlp': True}
2026-07-26 14:06:26.736 | INFO     | llmc.compression.quantization.base_blockwise_quantization:block_transform:493 - subset: {'layers': {'mlp.gate_proj': Linear(in_features=3072, out_features=8192, bias=False), 'mlp.up_proj': Linear(in_features=3072, out_features=8192, bias=False)}, 'prev_op': [LlamaRMSNorm((3072,), eps=1e-05)], 'input': ['mlp.gate_proj'], 'inspect': LlamaMLP(
  (gate_proj): Linear(in_features=3072, out_features=8192, bias=False)
  (up_proj): Linear(in_features=3072, out_features=8192, bias=False)
  (down_proj): Linear(in_features=8192, out_features=3072, bias=False)
  (act_fn): SiLUActivation()
), 'has_kwargs': False, 'is_mlp': True}
2026-07-26 14:06:27.407 | INFO     | llmc.compression.quantization.gptq:update_layer_with_transformed_weights:184 - error 11454.1474609375
2026-07-26 14:06:27.407 | INFO     | llmc.compression.quantization.gptq:update_layer_with_transformed_weights:184 - error 11454.1474609375
2026-07-26 14:06:28.106 | INFO     | llmc.compression.quantization.gptq:update_layer_with_transformed_weights:184 - error 9289.3623046875
2026-07-26 14:06:28.106 | INFO     | llmc.compression.quantization.gptq:update_layer_with_transformed_weights:184 - error 9289.3623046875
2026-07-26 14:06:28.113 | INFO     | llmc.models.base_model:replace_module_subset:432 - replace >>> mlp.gate_proj in 20-th block
2026-07-26 14:06:28.113 | INFO     | llmc.models.base_model:replace_module_subset:432 - replace >>> mlp.gate_proj in 20-th block
2026-07-26 14:06:28.113 | INFO     | llmc.models.base_model:replace_module_subset:432 - replace >>> mlp.up_proj in 20-th block
2026-07-26 14:06:28.113 | INFO     | llmc.models.base_model:replace_module_subset:432 - replace >>> mlp.up_proj in 20-th block
2026-07-26 14:06:30.414 | INFO     | llmc.compression.quantization.base_blockwise_quantization:block_transform:493 - subset: {'layers': {'mlp.down_proj': Linear(in_features=8192, out_features=3072, bias=False)}, 'prev_op': [Linear(in_features=3072, out_features=8192, bias=False)], 'input': ['mlp.down_proj'], 'inspect': Linear(in_features=8192, out_features=3072, bias=False), 'has_kwargs': False, 'is_mlp': True}
2026-07-26 14:06:30.414 | INFO     | llmc.compression.quantization.base_blockwise_quantization:block_transform:493 - subset: {'layers': {'mlp.down_proj': Linear(in_features=8192, out_features=3072, bias=False)}, 'prev_op': [Linear(in_features=3072, out_features=8192, bias=False)], 'input': ['mlp.down_proj'], 'inspect': Linear(in_features=8192, out_features=3072, bias=False), 'has_kwargs': False, 'is_mlp': True}
2026-07-26 14:06:32.261 | INFO     | llmc.compression.quantization.gptq:update_layer_with_transformed_weights:184 - error 606.0849609375
2026-07-26 14:06:32.261 | INFO     | llmc.compression.quantization.gptq:update_layer_with_transformed_weights:184 - error 606.0849609375
2026-07-26 14:06:32.285 | INFO     | llmc.compression.quantization.base_blockwise_quantization:block_transform:523 - End transform the 20-th block
2026-07-26 14:06:32.285 | INFO     | llmc.compression.quantization.base_blockwise_quantization:block_transform:523 - End transform the 20-th block
2026-07-26 14:06:32.285 | INFO     | llmc.models.base_model:replace_module_subset:432 - replace >>> self_attn.q_proj in 20-th block
2026-07-26 14:06:32.285 | INFO     | llmc.models.base_model:replace_module_subset:432 - replace >>> self_attn.q_proj in 20-th block
2026-07-26 14:06:32.285 | INFO     | llmc.models.base_model:replace_module_subset:432 - replace >>> self_attn.k_proj in 20-th block
2026-07-26 14:06:32.285 | INFO     | llmc.models.base_model:replace_module_subset:432 - replace >>> self_attn.k_proj in 20-th block
2026-07-26 14:06:32.285 | INFO     | llmc.models.base_model:replace_module_subset:432 - replace >>> self_attn.v_proj in 20-th block
2026-07-26 14:06:32.285 | INFO     | llmc.models.base_model:replace_module_subset:432 - replace >>> self_attn.v_proj in 20-th block
2026-07-26 14:06:32.285 | INFO     | llmc.models.base_model:replace_module_subset:432 - replace >>> self_attn.o_proj in 20-th block
2026-07-26 14:06:32.285 | INFO     | llmc.models.base_model:replace_module_subset:432 - replace >>> self_attn.o_proj in 20-th block
2026-07-26 14:06:32.285 | INFO     | llmc.models.base_model:replace_module_subset:432 - replace >>> mlp.gate_proj in 20-th block
2026-07-26 14:06:32.285 | INFO     | llmc.models.base_model:replace_module_subset:432 - replace >>> mlp.gate_proj in 20-th block
2026-07-26 14:06:32.285 | INFO     | llmc.models.base_model:replace_module_subset:432 - replace >>> mlp.up_proj in 20-th block
2026-07-26 14:06:32.285 | INFO     | llmc.models.base_model:replace_module_subset:432 - replace >>> mlp.up_proj in 20-th block
2026-07-26 14:06:32.286 | INFO     | llmc.models.base_model:replace_module_subset:432 - replace >>> mlp.down_proj in 20-th block
2026-07-26 14:06:32.286 | INFO     | llmc.models.base_model:replace_module_subset:432 - replace >>> mlp.down_proj in 20-th block
2026-07-26 14:06:33.566 | INFO     | llmc.compression.blockwise_optimization:run_block_loop:36 - 
block index: 21/28 
block: LlamaDecoderLayer(
  (self_attn): LlamaAttention(
    (q_proj): Linear(in_features=3072, out_features=3072, bias=False)
    (k_proj): Linear(in_features=3072, out_features=1024, bias=False)
    (v_proj): Linear(in_features=3072, out_features=1024, bias=False)
    (o_proj): Linear(in_features=3072, out_features=3072, bias=False)
  )
  (mlp): LlamaMLP(
    (gate_proj): Linear(in_features=3072, out_features=8192, bias=False)
    (up_proj): Linear(in_features=3072, out_features=8192, bias=False)
    (down_proj): Linear(in_features=8192, out_features=3072, bias=False)
    (act_fn): SiLUActivation()
  )
  (input_layernorm): LlamaRMSNorm((3072,), eps=1e-05)
  (post_attention_layernorm): LlamaRMSNorm((3072,), eps=1e-05)
)
2026-07-26 14:06:33.566 | INFO     | llmc.compression.blockwise_optimization:run_block_loop:36 - 
block index: 21/28 
block: LlamaDecoderLayer(
  (self_attn): LlamaAttention(
    (q_proj): Linear(in_features=3072, out_features=3072, bias=False)
    (k_proj): Linear(in_features=3072, out_features=1024, bias=False)
    (v_proj): Linear(in_features=3072, out_features=1024, bias=False)
    (o_proj): Linear(in_features=3072, out_features=3072, bias=False)
  )
  (mlp): LlamaMLP(
    (gate_proj): Linear(in_features=3072, out_features=8192, bias=False)
    (up_proj): Linear(in_features=3072, out_features=8192, bias=False)
    (down_proj): Linear(in_features=8192, out_features=3072, bias=False)
    (act_fn): SiLUActivation()
  )
  (input_layernorm): LlamaRMSNorm((3072,), eps=1e-05)
  (post_attention_layernorm): LlamaRMSNorm((3072,), eps=1e-05)
)
2026-07-26 14:06:33.593 | INFO     | llmc.compression.quantization.base_blockwise_quantization:block_opt:416 - input_feat_modules: {'self_attn.q_proj': Linear(in_features=3072, out_features=3072, bias=False), 'self_attn.k_proj': Linear(in_features=3072, out_features=1024, bias=False), 'self_attn.v_proj': Linear(in_features=3072, out_features=1024, bias=False), 'self_attn.o_proj': Linear(in_features=3072, out_features=3072, bias=False), 'mlp.gate_proj': Linear(in_features=3072, out_features=8192, bias=False), 'mlp.up_proj': Linear(in_features=3072, out_features=8192, bias=False), 'mlp.down_proj': Linear(in_features=8192, out_features=3072, bias=False)}
2026-07-26 14:06:33.593 | INFO     | llmc.compression.quantization.base_blockwise_quantization:block_opt:416 - input_feat_modules: {'self_attn.q_proj': Linear(in_features=3072, out_features=3072, bias=False), 'self_attn.k_proj': Linear(in_features=3072, out_features=1024, bias=False), 'self_attn.v_proj': Linear(in_features=3072, out_features=1024, bias=False), 'self_attn.o_proj': Linear(in_features=3072, out_features=3072, bias=False), 'mlp.gate_proj': Linear(in_features=3072, out_features=8192, bias=False), 'mlp.up_proj': Linear(in_features=3072, out_features=8192, bias=False), 'mlp.down_proj': Linear(in_features=8192, out_features=3072, bias=False)}
2026-07-26 14:06:36.978 | INFO     | llmc.compression.quantization.base_blockwise_quantization:block_transform:484 - Start transform the 21-th block
2026-07-26 14:06:36.978 | INFO     | llmc.compression.quantization.base_blockwise_quantization:block_transform:484 - Start transform the 21-th block
2026-07-26 14:06:36.979 | INFO     | llmc.compression.quantization.base_blockwise_quantization:block_transform:493 - subset: {'layers': {'self_attn.q_proj': Linear(in_features=3072, out_features=3072, bias=False), 'self_attn.k_proj': Linear(in_features=3072, out_features=1024, bias=False), 'self_attn.v_proj': Linear(in_features=3072, out_features=1024, bias=False)}, 'prev_op': [LlamaRMSNorm((3072,), eps=1e-05)], 'input': ['self_attn.q_proj'], 'inspect': LlamaAttention(
  (q_proj): Linear(in_features=3072, out_features=3072, bias=False)
  (k_proj): Linear(in_features=3072, out_features=1024, bias=False)
  (v_proj): Linear(in_features=3072, out_features=1024, bias=False)
  (o_proj): Linear(in_features=3072, out_features=3072, bias=False)
), 'has_kwargs': True}
2026-07-26 14:06:36.979 | INFO     | llmc.compression.quantization.base_blockwise_quantization:block_transform:493 - subset: {'layers': {'self_attn.q_proj': Linear(in_features=3072, out_features=3072, bias=False), 'self_attn.k_proj': Linear(in_features=3072, out_features=1024, bias=False), 'self_attn.v_proj': Linear(in_features=3072, out_features=1024, bias=False)}, 'prev_op': [LlamaRMSNorm((3072,), eps=1e-05)], 'input': ['self_attn.q_proj'], 'inspect': LlamaAttention(
  (q_proj): Linear(in_features=3072, out_features=3072, bias=False)
  (k_proj): Linear(in_features=3072, out_features=1024, bias=False)
  (v_proj): Linear(in_features=3072, out_features=1024, bias=False)
  (o_proj): Linear(in_features=3072, out_features=3072, bias=False)
), 'has_kwargs': True}
2026-07-26 14:06:37.646 | INFO     | llmc.compression.quantization.gptq:update_layer_with_transformed_weights:184 - error 11298.59765625
2026-07-26 14:06:37.646 | INFO     | llmc.compression.quantization.gptq:update_layer_with_transformed_weights:184 - error 11298.59765625
2026-07-26 14:06:38.315 | INFO     | llmc.compression.quantization.gptq:update_layer_with_transformed_weights:184 - error 6828.6953125
2026-07-26 14:06:38.315 | INFO     | llmc.compression.quantization.gptq:update_layer_with_transformed_weights:184 - error 6828.6953125
2026-07-26 14:06:38.971 | INFO     | llmc.compression.quantization.gptq:update_layer_with_transformed_weights:184 - error 2160.185546875
2026-07-26 14:06:38.971 | INFO     | llmc.compression.quantization.gptq:update_layer_with_transformed_weights:184 - error 2160.185546875
2026-07-26 14:06:38.974 | INFO     | llmc.models.base_model:replace_module_subset:432 - replace >>> self_attn.q_proj in 21-th block
2026-07-26 14:06:38.974 | INFO     | llmc.models.base_model:replace_module_subset:432 - replace >>> self_attn.q_proj in 21-th block
2026-07-26 14:06:38.974 | INFO     | llmc.models.base_model:replace_module_subset:432 - replace >>> self_attn.k_proj in 21-th block
2026-07-26 14:06:38.974 | INFO     | llmc.models.base_model:replace_module_subset:432 - replace >>> self_attn.k_proj in 21-th block
2026-07-26 14:06:38.974 | INFO     | llmc.models.base_model:replace_module_subset:432 - replace >>> self_attn.v_proj in 21-th block
2026-07-26 14:06:38.974 | INFO     | llmc.models.base_model:replace_module_subset:432 - replace >>> self_attn.v_proj in 21-th block
2026-07-26 14:06:40.136 | INFO     | llmc.compression.quantization.base_blockwise_quantization:block_transform:493 - subset: {'layers': {'self_attn.o_proj': Linear(in_features=3072, out_features=3072, bias=False)}, 'prev_op': [Linear(in_features=3072, out_features=1024, bias=False)], 'input': ['self_attn.o_proj'], 'inspect': Linear(in_features=3072, out_features=3072, bias=False), 'has_kwargs': False}
2026-07-26 14:06:40.136 | INFO     | llmc.compression.quantization.base_blockwise_quantization:block_transform:493 - subset: {'layers': {'self_attn.o_proj': Linear(in_features=3072, out_features=3072, bias=False)}, 'prev_op': [Linear(in_features=3072, out_features=1024, bias=False)], 'input': ['self_attn.o_proj'], 'inspect': Linear(in_features=3072, out_features=3072, bias=False), 'has_kwargs': False}
2026-07-26 14:06:40.814 | INFO     | llmc.compression.quantization.gptq:update_layer_with_transformed_weights:184 - error 110.80745697021484
2026-07-26 14:06:40.814 | INFO     | llmc.compression.quantization.gptq:update_layer_with_transformed_weights:184 - error 110.80745697021484
2026-07-26 14:06:40.818 | INFO     | llmc.models.base_model:replace_module_subset:432 - replace >>> self_attn.o_proj in 21-th block
2026-07-26 14:06:40.818 | INFO     | llmc.models.base_model:replace_module_subset:432 - replace >>> self_attn.o_proj in 21-th block
2026-07-26 14:06:42.117 | INFO     | llmc.compression.quantization.base_blockwise_quantization:block_transform:493 - subset: {'layers': {'mlp.gate_proj': Linear(in_features=3072, out_features=8192, bias=False), 'mlp.up_proj': Linear(in_features=3072, out_features=8192, bias=False)}, 'prev_op': [LlamaRMSNorm((3072,), eps=1e-05)], 'input': ['mlp.gate_proj'], 'inspect': LlamaMLP(
  (gate_proj): Linear(in_features=3072, out_features=8192, bias=False)
  (up_proj): Linear(in_features=3072, out_features=8192, bias=False)
  (down_proj): Linear(in_features=8192, out_features=3072, bias=False)
  (act_fn): SiLUActivation()
), 'has_kwargs': False, 'is_mlp': True}
2026-07-26 14:06:42.117 | INFO     | llmc.compression.quantization.base_blockwise_quantization:block_transform:493 - subset: {'layers': {'mlp.gate_proj': Linear(in_features=3072, out_features=8192, bias=False), 'mlp.up_proj': Linear(in_features=3072, out_features=8192, bias=False)}, 'prev_op': [LlamaRMSNorm((3072,), eps=1e-05)], 'input': ['mlp.gate_proj'], 'inspect': LlamaMLP(
  (gate_proj): Linear(in_features=3072, out_features=8192, bias=False)
  (up_proj): Linear(in_features=3072, out_features=8192, bias=False)
  (down_proj): Linear(in_features=8192, out_features=3072, bias=False)
  (act_fn): SiLUActivation()
), 'has_kwargs': False, 'is_mlp': True}
2026-07-26 14:06:42.811 | INFO     | llmc.compression.quantization.gptq:update_layer_with_transformed_weights:184 - error 12444.4560546875
2026-07-26 14:06:42.811 | INFO     | llmc.compression.quantization.gptq:update_layer_with_transformed_weights:184 - error 12444.4560546875
2026-07-26 14:06:43.504 | INFO     | llmc.compression.quantization.gptq:update_layer_with_transformed_weights:184 - error 10031.392578125
2026-07-26 14:06:43.504 | INFO     | llmc.compression.quantization.gptq:update_layer_with_transformed_weights:184 - error 10031.392578125
2026-07-26 14:06:43.510 | INFO     | llmc.models.base_model:replace_module_subset:432 - replace >>> mlp.gate_proj in 21-th block
2026-07-26 14:06:43.510 | INFO     | llmc.models.base_model:replace_module_subset:432 - replace >>> mlp.gate_proj in 21-th block
2026-07-26 14:06:43.510 | INFO     | llmc.models.base_model:replace_module_subset:432 - replace >>> mlp.up_proj in 21-th block
2026-07-26 14:06:43.510 | INFO     | llmc.models.base_model:replace_module_subset:432 - replace >>> mlp.up_proj in 21-th block
2026-07-26 14:06:45.812 | INFO     | llmc.compression.quantization.base_blockwise_quantization:block_transform:493 - subset: {'layers': {'mlp.down_proj': Linear(in_features=8192, out_features=3072, bias=False)}, 'prev_op': [Linear(in_features=3072, out_features=8192, bias=False)], 'input': ['mlp.down_proj'], 'inspect': Linear(in_features=8192, out_features=3072, bias=False), 'has_kwargs': False, 'is_mlp': True}
2026-07-26 14:06:45.812 | INFO     | llmc.compression.quantization.base_blockwise_quantization:block_transform:493 - subset: {'layers': {'mlp.down_proj': Linear(in_features=8192, out_features=3072, bias=False)}, 'prev_op': [Linear(in_features=3072, out_features=8192, bias=False)], 'input': ['mlp.down_proj'], 'inspect': Linear(in_features=8192, out_features=3072, bias=False), 'has_kwargs': False, 'is_mlp': True}
2026-07-26 14:06:47.661 | INFO     | llmc.compression.quantization.gptq:update_layer_with_transformed_weights:184 - error 660.6021728515625
2026-07-26 14:06:47.661 | INFO     | llmc.compression.quantization.gptq:update_layer_with_transformed_weights:184 - error 660.6021728515625
2026-07-26 14:06:47.675 | INFO     | llmc.compression.quantization.base_blockwise_quantization:block_transform:523 - End transform the 21-th block
2026-07-26 14:06:47.675 | INFO     | llmc.compression.quantization.base_blockwise_quantization:block_transform:523 - End transform the 21-th block
2026-07-26 14:06:47.675 | INFO     | llmc.models.base_model:replace_module_subset:432 - replace >>> self_attn.q_proj in 21-th block
2026-07-26 14:06:47.675 | INFO     | llmc.models.base_model:replace_module_subset:432 - replace >>> self_attn.q_proj in 21-th block
2026-07-26 14:06:47.675 | INFO     | llmc.models.base_model:replace_module_subset:432 - replace >>> self_attn.k_proj in 21-th block
2026-07-26 14:06:47.675 | INFO     | llmc.models.base_model:replace_module_subset:432 - replace >>> self_attn.k_proj in 21-th block
2026-07-26 14:06:47.675 | INFO     | llmc.models.base_model:replace_module_subset:432 - replace >>> self_attn.v_proj in 21-th block
2026-07-26 14:06:47.675 | INFO     | llmc.models.base_model:replace_module_subset:432 - replace >>> self_attn.v_proj in 21-th block
2026-07-26 14:06:47.675 | INFO     | llmc.models.base_model:replace_module_subset:432 - replace >>> self_attn.o_proj in 21-th block
2026-07-26 14:06:47.675 | INFO     | llmc.models.base_model:replace_module_subset:432 - replace >>> self_attn.o_proj in 21-th block
2026-07-26 14:06:47.675 | INFO     | llmc.models.base_model:replace_module_subset:432 - replace >>> mlp.gate_proj in 21-th block
2026-07-26 14:06:47.675 | INFO     | llmc.models.base_model:replace_module_subset:432 - replace >>> mlp.gate_proj in 21-th block
2026-07-26 14:06:47.675 | INFO     | llmc.models.base_model:replace_module_subset:432 - replace >>> mlp.up_proj in 21-th block
2026-07-26 14:06:47.675 | INFO     | llmc.models.base_model:replace_module_subset:432 - replace >>> mlp.up_proj in 21-th block
2026-07-26 14:06:47.675 | INFO     | llmc.models.base_model:replace_module_subset:432 - replace >>> mlp.down_proj in 21-th block
2026-07-26 14:06:47.675 | INFO     | llmc.models.base_model:replace_module_subset:432 - replace >>> mlp.down_proj in 21-th block
2026-07-26 14:06:48.964 | INFO     | llmc.compression.blockwise_optimization:run_block_loop:36 - 
block index: 22/28 
block: LlamaDecoderLayer(
  (self_attn): LlamaAttention(
    (q_proj): Linear(in_features=3072, out_features=3072, bias=False)
    (k_proj): Linear(in_features=3072, out_features=1024, bias=False)
    (v_proj): Linear(in_features=3072, out_features=1024, bias=False)
    (o_proj): Linear(in_features=3072, out_features=3072, bias=False)
  )
  (mlp): LlamaMLP(
    (gate_proj): Linear(in_features=3072, out_features=8192, bias=False)
    (up_proj): Linear(in_features=3072, out_features=8192, bias=False)
    (down_proj): Linear(in_features=8192, out_features=3072, bias=False)
    (act_fn): SiLUActivation()
  )
  (input_layernorm): LlamaRMSNorm((3072,), eps=1e-05)
  (post_attention_layernorm): LlamaRMSNorm((3072,), eps=1e-05)
)
2026-07-26 14:06:48.964 | INFO     | llmc.compression.blockwise_optimization:run_block_loop:36 - 
block index: 22/28 
block: LlamaDecoderLayer(
  (self_attn): LlamaAttention(
    (q_proj): Linear(in_features=3072, out_features=3072, bias=False)
    (k_proj): Linear(in_features=3072, out_features=1024, bias=False)
    (v_proj): Linear(in_features=3072, out_features=1024, bias=False)
    (o_proj): Linear(in_features=3072, out_features=3072, bias=False)
  )
  (mlp): LlamaMLP(
    (gate_proj): Linear(in_features=3072, out_features=8192, bias=False)
    (up_proj): Linear(in_features=3072, out_features=8192, bias=False)
    (down_proj): Linear(in_features=8192, out_features=3072, bias=False)
    (act_fn): SiLUActivation()
  )
  (input_layernorm): LlamaRMSNorm((3072,), eps=1e-05)
  (post_attention_layernorm): LlamaRMSNorm((3072,), eps=1e-05)
)
2026-07-26 14:06:48.994 | INFO     | llmc.compression.quantization.base_blockwise_quantization:block_opt:416 - input_feat_modules: {'self_attn.q_proj': Linear(in_features=3072, out_features=3072, bias=False), 'self_attn.k_proj': Linear(in_features=3072, out_features=1024, bias=False), 'self_attn.v_proj': Linear(in_features=3072, out_features=1024, bias=False), 'self_attn.o_proj': Linear(in_features=3072, out_features=3072, bias=False), 'mlp.gate_proj': Linear(in_features=3072, out_features=8192, bias=False), 'mlp.up_proj': Linear(in_features=3072, out_features=8192, bias=False), 'mlp.down_proj': Linear(in_features=8192, out_features=3072, bias=False)}
2026-07-26 14:06:48.994 | INFO     | llmc.compression.quantization.base_blockwise_quantization:block_opt:416 - input_feat_modules: {'self_attn.q_proj': Linear(in_features=3072, out_features=3072, bias=False), 'self_attn.k_proj': Linear(in_features=3072, out_features=1024, bias=False), 'self_attn.v_proj': Linear(in_features=3072, out_features=1024, bias=False), 'self_attn.o_proj': Linear(in_features=3072, out_features=3072, bias=False), 'mlp.gate_proj': Linear(in_features=3072, out_features=8192, bias=False), 'mlp.up_proj': Linear(in_features=3072, out_features=8192, bias=False), 'mlp.down_proj': Linear(in_features=8192, out_features=3072, bias=False)}
2026-07-26 14:06:52.409 | INFO     | llmc.compression.quantization.base_blockwise_quantization:block_transform:484 - Start transform the 22-th block
2026-07-26 14:06:52.409 | INFO     | llmc.compression.quantization.base_blockwise_quantization:block_transform:484 - Start transform the 22-th block
2026-07-26 14:06:52.410 | INFO     | llmc.compression.quantization.base_blockwise_quantization:block_transform:493 - subset: {'layers': {'self_attn.q_proj': Linear(in_features=3072, out_features=3072, bias=False), 'self_attn.k_proj': Linear(in_features=3072, out_features=1024, bias=False), 'self_attn.v_proj': Linear(in_features=3072, out_features=1024, bias=False)}, 'prev_op': [LlamaRMSNorm((3072,), eps=1e-05)], 'input': ['self_attn.q_proj'], 'inspect': LlamaAttention(
  (q_proj): Linear(in_features=3072, out_features=3072, bias=False)
  (k_proj): Linear(in_features=3072, out_features=1024, bias=False)
  (v_proj): Linear(in_features=3072, out_features=1024, bias=False)
  (o_proj): Linear(in_features=3072, out_features=3072, bias=False)
), 'has_kwargs': True}
2026-07-26 14:06:52.410 | INFO     | llmc.compression.quantization.base_blockwise_quantization:block_transform:493 - subset: {'layers': {'self_attn.q_proj': Linear(in_features=3072, out_features=3072, bias=False), 'self_attn.k_proj': Linear(in_features=3072, out_features=1024, bias=False), 'self_attn.v_proj': Linear(in_features=3072, out_features=1024, bias=False)}, 'prev_op': [LlamaRMSNorm((3072,), eps=1e-05)], 'input': ['self_attn.q_proj'], 'inspect': LlamaAttention(
  (q_proj): Linear(in_features=3072, out_features=3072, bias=False)
  (k_proj): Linear(in_features=3072, out_features=1024, bias=False)
  (v_proj): Linear(in_features=3072, out_features=1024, bias=False)
  (o_proj): Linear(in_features=3072, out_features=3072, bias=False)
), 'has_kwargs': True}
2026-07-26 14:06:53.090 | INFO     | llmc.compression.quantization.gptq:update_layer_with_transformed_weights:184 - error 11425.1767578125
2026-07-26 14:06:53.090 | INFO     | llmc.compression.quantization.gptq:update_layer_with_transformed_weights:184 - error 11425.1767578125
2026-07-26 14:06:53.770 | INFO     | llmc.compression.quantization.gptq:update_layer_with_transformed_weights:184 - error 6423.56640625
2026-07-26 14:06:53.770 | INFO     | llmc.compression.quantization.gptq:update_layer_with_transformed_weights:184 - error 6423.56640625
2026-07-26 14:06:54.434 | INFO     | llmc.compression.quantization.gptq:update_layer_with_transformed_weights:184 - error 2267.442138671875
2026-07-26 14:06:54.434 | INFO     | llmc.compression.quantization.gptq:update_layer_with_transformed_weights:184 - error 2267.442138671875
2026-07-26 14:06:54.436 | INFO     | llmc.models.base_model:replace_module_subset:432 - replace >>> self_attn.q_proj in 22-th block
2026-07-26 14:06:54.436 | INFO     | llmc.models.base_model:replace_module_subset:432 - replace >>> self_attn.q_proj in 22-th block
2026-07-26 14:06:54.436 | INFO     | llmc.models.base_model:replace_module_subset:432 - replace >>> self_attn.k_proj in 22-th block
2026-07-26 14:06:54.436 | INFO     | llmc.models.base_model:replace_module_subset:432 - replace >>> self_attn.k_proj in 22-th block
2026-07-26 14:06:54.436 | INFO     | llmc.models.base_model:replace_module_subset:432 - replace >>> self_attn.v_proj in 22-th block
2026-07-26 14:06:54.436 | INFO     | llmc.models.base_model:replace_module_subset:432 - replace >>> self_attn.v_proj in 22-th block
2026-07-26 14:06:55.592 | INFO     | llmc.compression.quantization.base_blockwise_quantization:block_transform:493 - subset: {'layers': {'self_attn.o_proj': Linear(in_features=3072, out_features=3072, bias=False)}, 'prev_op': [Linear(in_features=3072, out_features=1024, bias=False)], 'input': ['self_attn.o_proj'], 'inspect': Linear(in_features=3072, out_features=3072, bias=False), 'has_kwargs': False}
2026-07-26 14:06:55.592 | INFO     | llmc.compression.quantization.base_blockwise_quantization:block_transform:493 - subset: {'layers': {'self_attn.o_proj': Linear(in_features=3072, out_features=3072, bias=False)}, 'prev_op': [Linear(in_features=3072, out_features=1024, bias=False)], 'input': ['self_attn.o_proj'], 'inspect': Linear(in_features=3072, out_features=3072, bias=False), 'has_kwargs': False}
2026-07-26 14:06:56.262 | INFO     | llmc.compression.quantization.gptq:update_layer_with_transformed_weights:184 - error 115.10853576660156
2026-07-26 14:06:56.262 | INFO     | llmc.compression.quantization.gptq:update_layer_with_transformed_weights:184 - error 115.10853576660156
2026-07-26 14:06:56.280 | INFO     | llmc.models.base_model:replace_module_subset:432 - replace >>> self_attn.o_proj in 22-th block
2026-07-26 14:06:56.280 | INFO     | llmc.models.base_model:replace_module_subset:432 - replace >>> self_attn.o_proj in 22-th block
2026-07-26 14:06:57.585 | INFO     | llmc.compression.quantization.base_blockwise_quantization:block_transform:493 - subset: {'layers': {'mlp.gate_proj': Linear(in_features=3072, out_features=8192, bias=False), 'mlp.up_proj': Linear(in_features=3072, out_features=8192, bias=False)}, 'prev_op': [LlamaRMSNorm((3072,), eps=1e-05)], 'input': ['mlp.gate_proj'], 'inspect': LlamaMLP(
  (gate_proj): Linear(in_features=3072, out_features=8192, bias=False)
  (up_proj): Linear(in_features=3072, out_features=8192, bias=False)
  (down_proj): Linear(in_features=8192, out_features=3072, bias=False)
  (act_fn): SiLUActivation()
), 'has_kwargs': False, 'is_mlp': True}
2026-07-26 14:06:57.585 | INFO     | llmc.compression.quantization.base_blockwise_quantization:block_transform:493 - subset: {'layers': {'mlp.gate_proj': Linear(in_features=3072, out_features=8192, bias=False), 'mlp.up_proj': Linear(in_features=3072, out_features=8192, bias=False)}, 'prev_op': [LlamaRMSNorm((3072,), eps=1e-05)], 'input': ['mlp.gate_proj'], 'inspect': LlamaMLP(
  (gate_proj): Linear(in_features=3072, out_features=8192, bias=False)
  (up_proj): Linear(in_features=3072, out_features=8192, bias=False)
  (down_proj): Linear(in_features=8192, out_features=3072, bias=False)
  (act_fn): SiLUActivation()
), 'has_kwargs': False, 'is_mlp': True}
2026-07-26 14:06:58.257 | INFO     | llmc.compression.quantization.gptq:update_layer_with_transformed_weights:184 - error 13712.849609375
2026-07-26 14:06:58.257 | INFO     | llmc.compression.quantization.gptq:update_layer_with_transformed_weights:184 - error 13712.849609375
2026-07-26 14:06:58.948 | INFO     | llmc.compression.quantization.gptq:update_layer_with_transformed_weights:184 - error 10982.462890625
2026-07-26 14:06:58.948 | INFO     | llmc.compression.quantization.gptq:update_layer_with_transformed_weights:184 - error 10982.462890625
2026-07-26 14:06:58.955 | INFO     | llmc.models.base_model:replace_module_subset:432 - replace >>> mlp.gate_proj in 22-th block
2026-07-26 14:06:58.955 | INFO     | llmc.models.base_model:replace_module_subset:432 - replace >>> mlp.gate_proj in 22-th block
2026-07-26 14:06:58.955 | INFO     | llmc.models.base_model:replace_module_subset:432 - replace >>> mlp.up_proj in 22-th block
2026-07-26 14:06:58.955 | INFO     | llmc.models.base_model:replace_module_subset:432 - replace >>> mlp.up_proj in 22-th block
2026-07-26 14:07:01.277 | INFO     | llmc.compression.quantization.base_blockwise_quantization:block_transform:493 - subset: {'layers': {'mlp.down_proj': Linear(in_features=8192, out_features=3072, bias=False)}, 'prev_op': [Linear(in_features=3072, out_features=8192, bias=False)], 'input': ['mlp.down_proj'], 'inspect': Linear(in_features=8192, out_features=3072, bias=False), 'has_kwargs': False, 'is_mlp': True}
2026-07-26 14:07:01.277 | INFO     | llmc.compression.quantization.base_blockwise_quantization:block_transform:493 - subset: {'layers': {'mlp.down_proj': Linear(in_features=8192, out_features=3072, bias=False)}, 'prev_op': [Linear(in_features=3072, out_features=8192, bias=False)], 'input': ['mlp.down_proj'], 'inspect': Linear(in_features=8192, out_features=3072, bias=False), 'has_kwargs': False, 'is_mlp': True}
2026-07-26 14:07:03.166 | INFO     | llmc.compression.quantization.gptq:update_layer_with_transformed_weights:184 - error 762.426513671875
2026-07-26 14:07:03.166 | INFO     | llmc.compression.quantization.gptq:update_layer_with_transformed_weights:184 - error 762.426513671875
2026-07-26 14:07:03.186 | INFO     | llmc.compression.quantization.base_blockwise_quantization:block_transform:523 - End transform the 22-th block
2026-07-26 14:07:03.186 | INFO     | llmc.compression.quantization.base_blockwise_quantization:block_transform:523 - End transform the 22-th block
2026-07-26 14:07:03.186 | INFO     | llmc.models.base_model:replace_module_subset:432 - replace >>> self_attn.q_proj in 22-th block
2026-07-26 14:07:03.186 | INFO     | llmc.models.base_model:replace_module_subset:432 - replace >>> self_attn.q_proj in 22-th block
2026-07-26 14:07:03.186 | INFO     | llmc.models.base_model:replace_module_subset:432 - replace >>> self_attn.k_proj in 22-th block
2026-07-26 14:07:03.186 | INFO     | llmc.models.base_model:replace_module_subset:432 - replace >>> self_attn.k_proj in 22-th block
2026-07-26 14:07:03.186 | INFO     | llmc.models.base_model:replace_module_subset:432 - replace >>> self_attn.v_proj in 22-th block
2026-07-26 14:07:03.186 | INFO     | llmc.models.base_model:replace_module_subset:432 - replace >>> self_attn.v_proj in 22-th block
2026-07-26 14:07:03.186 | INFO     | llmc.models.base_model:replace_module_subset:432 - replace >>> self_attn.o_proj in 22-th block
2026-07-26 14:07:03.186 | INFO     | llmc.models.base_model:replace_module_subset:432 - replace >>> self_attn.o_proj in 22-th block
2026-07-26 14:07:03.186 | INFO     | llmc.models.base_model:replace_module_subset:432 - replace >>> mlp.gate_proj in 22-th block
2026-07-26 14:07:03.186 | INFO     | llmc.models.base_model:replace_module_subset:432 - replace >>> mlp.gate_proj in 22-th block
2026-07-26 14:07:03.186 | INFO     | llmc.models.base_model:replace_module_subset:432 - replace >>> mlp.up_proj in 22-th block
2026-07-26 14:07:03.186 | INFO     | llmc.models.base_model:replace_module_subset:432 - replace >>> mlp.up_proj in 22-th block
2026-07-26 14:07:03.186 | INFO     | llmc.models.base_model:replace_module_subset:432 - replace >>> mlp.down_proj in 22-th block
2026-07-26 14:07:03.186 | INFO     | llmc.models.base_model:replace_module_subset:432 - replace >>> mlp.down_proj in 22-th block
2026-07-26 14:07:04.449 | INFO     | llmc.compression.blockwise_optimization:run_block_loop:36 - 
block index: 23/28 
block: LlamaDecoderLayer(
  (self_attn): LlamaAttention(
    (q_proj): Linear(in_features=3072, out_features=3072, bias=False)
    (k_proj): Linear(in_features=3072, out_features=1024, bias=False)
    (v_proj): Linear(in_features=3072, out_features=1024, bias=False)
    (o_proj): Linear(in_features=3072, out_features=3072, bias=False)
  )
  (mlp): LlamaMLP(
    (gate_proj): Linear(in_features=3072, out_features=8192, bias=False)
    (up_proj): Linear(in_features=3072, out_features=8192, bias=False)
    (down_proj): Linear(in_features=8192, out_features=3072, bias=False)
    (act_fn): SiLUActivation()
  )
  (input_layernorm): LlamaRMSNorm((3072,), eps=1e-05)
  (post_attention_layernorm): LlamaRMSNorm((3072,), eps=1e-05)
)
2026-07-26 14:07:04.449 | INFO     | llmc.compression.blockwise_optimization:run_block_loop:36 - 
block index: 23/28 
block: LlamaDecoderLayer(
  (self_attn): LlamaAttention(
    (q_proj): Linear(in_features=3072, out_features=3072, bias=False)
    (k_proj): Linear(in_features=3072, out_features=1024, bias=False)
    (v_proj): Linear(in_features=3072, out_features=1024, bias=False)
    (o_proj): Linear(in_features=3072, out_features=3072, bias=False)
  )
  (mlp): LlamaMLP(
    (gate_proj): Linear(in_features=3072, out_features=8192, bias=False)
    (up_proj): Linear(in_features=3072, out_features=8192, bias=False)
    (down_proj): Linear(in_features=8192, out_features=3072, bias=False)
    (act_fn): SiLUActivation()
  )
  (input_layernorm): LlamaRMSNorm((3072,), eps=1e-05)
  (post_attention_layernorm): LlamaRMSNorm((3072,), eps=1e-05)
)
2026-07-26 14:07:04.486 | INFO     | llmc.compression.quantization.base_blockwise_quantization:block_opt:416 - input_feat_modules: {'self_attn.q_proj': Linear(in_features=3072, out_features=3072, bias=False), 'self_attn.k_proj': Linear(in_features=3072, out_features=1024, bias=False), 'self_attn.v_proj': Linear(in_features=3072, out_features=1024, bias=False), 'self_attn.o_proj': Linear(in_features=3072, out_features=3072, bias=False), 'mlp.gate_proj': Linear(in_features=3072, out_features=8192, bias=False), 'mlp.up_proj': Linear(in_features=3072, out_features=8192, bias=False), 'mlp.down_proj': Linear(in_features=8192, out_features=3072, bias=False)}
2026-07-26 14:07:04.486 | INFO     | llmc.compression.quantization.base_blockwise_quantization:block_opt:416 - input_feat_modules: {'self_attn.q_proj': Linear(in_features=3072, out_features=3072, bias=False), 'self_attn.k_proj': Linear(in_features=3072, out_features=1024, bias=False), 'self_attn.v_proj': Linear(in_features=3072, out_features=1024, bias=False), 'self_attn.o_proj': Linear(in_features=3072, out_features=3072, bias=False), 'mlp.gate_proj': Linear(in_features=3072, out_features=8192, bias=False), 'mlp.up_proj': Linear(in_features=3072, out_features=8192, bias=False), 'mlp.down_proj': Linear(in_features=8192, out_features=3072, bias=False)}
2026-07-26 14:07:07.748 | INFO     | llmc.compression.quantization.base_blockwise_quantization:block_transform:484 - Start transform the 23-th block
2026-07-26 14:07:07.748 | INFO     | llmc.compression.quantization.base_blockwise_quantization:block_transform:484 - Start transform the 23-th block
2026-07-26 14:07:07.748 | INFO     | llmc.compression.quantization.base_blockwise_quantization:block_transform:493 - subset: {'layers': {'self_attn.q_proj': Linear(in_features=3072, out_features=3072, bias=False), 'self_attn.k_proj': Linear(in_features=3072, out_features=1024, bias=False), 'self_attn.v_proj': Linear(in_features=3072, out_features=1024, bias=False)}, 'prev_op': [LlamaRMSNorm((3072,), eps=1e-05)], 'input': ['self_attn.q_proj'], 'inspect': LlamaAttention(
  (q_proj): Linear(in_features=3072, out_features=3072, bias=False)
  (k_proj): Linear(in_features=3072, out_features=1024, bias=False)
  (v_proj): Linear(in_features=3072, out_features=1024, bias=False)
  (o_proj): Linear(in_features=3072, out_features=3072, bias=False)
), 'has_kwargs': True}
2026-07-26 14:07:07.748 | INFO     | llmc.compression.quantization.base_blockwise_quantization:block_transform:493 - subset: {'layers': {'self_attn.q_proj': Linear(in_features=3072, out_features=3072, bias=False), 'self_attn.k_proj': Linear(in_features=3072, out_features=1024, bias=False), 'self_attn.v_proj': Linear(in_features=3072, out_features=1024, bias=False)}, 'prev_op': [LlamaRMSNorm((3072,), eps=1e-05)], 'input': ['self_attn.q_proj'], 'inspect': LlamaAttention(
  (q_proj): Linear(in_features=3072, out_features=3072, bias=False)
  (k_proj): Linear(in_features=3072, out_features=1024, bias=False)
  (v_proj): Linear(in_features=3072, out_features=1024, bias=False)
  (o_proj): Linear(in_features=3072, out_features=3072, bias=False)
), 'has_kwargs': True}
2026-07-26 14:07:08.418 | INFO     | llmc.compression.quantization.gptq:update_layer_with_transformed_weights:184 - error 11557.1064453125
2026-07-26 14:07:08.418 | INFO     | llmc.compression.quantization.gptq:update_layer_with_transformed_weights:184 - error 11557.1064453125
2026-07-26 14:07:09.078 | INFO     | llmc.compression.quantization.gptq:update_layer_with_transformed_weights:184 - error 7161.8046875
2026-07-26 14:07:09.078 | INFO     | llmc.compression.quantization.gptq:update_layer_with_transformed_weights:184 - error 7161.8046875
2026-07-26 14:07:09.731 | INFO     | llmc.compression.quantization.gptq:update_layer_with_transformed_weights:184 - error 2153.2109375
2026-07-26 14:07:09.731 | INFO     | llmc.compression.quantization.gptq:update_layer_with_transformed_weights:184 - error 2153.2109375
2026-07-26 14:07:09.734 | INFO     | llmc.models.base_model:replace_module_subset:432 - replace >>> self_attn.q_proj in 23-th block
2026-07-26 14:07:09.734 | INFO     | llmc.models.base_model:replace_module_subset:432 - replace >>> self_attn.q_proj in 23-th block
2026-07-26 14:07:09.734 | INFO     | llmc.models.base_model:replace_module_subset:432 - replace >>> self_attn.k_proj in 23-th block
2026-07-26 14:07:09.734 | INFO     | llmc.models.base_model:replace_module_subset:432 - replace >>> self_attn.k_proj in 23-th block
2026-07-26 14:07:09.734 | INFO     | llmc.models.base_model:replace_module_subset:432 - replace >>> self_attn.v_proj in 23-th block
2026-07-26 14:07:09.734 | INFO     | llmc.models.base_model:replace_module_subset:432 - replace >>> self_attn.v_proj in 23-th block
2026-07-26 14:07:10.871 | INFO     | llmc.compression.quantization.base_blockwise_quantization:block_transform:493 - subset: {'layers': {'self_attn.o_proj': Linear(in_features=3072, out_features=3072, bias=False)}, 'prev_op': [Linear(in_features=3072, out_features=1024, bias=False)], 'input': ['self_attn.o_proj'], 'inspect': Linear(in_features=3072, out_features=3072, bias=False), 'has_kwargs': False}
2026-07-26 14:07:10.871 | INFO     | llmc.compression.quantization.base_blockwise_quantization:block_transform:493 - subset: {'layers': {'self_attn.o_proj': Linear(in_features=3072, out_features=3072, bias=False)}, 'prev_op': [Linear(in_features=3072, out_features=1024, bias=False)], 'input': ['self_attn.o_proj'], 'inspect': Linear(in_features=3072, out_features=3072, bias=False), 'has_kwargs': False}
2026-07-26 14:07:11.504 | INFO     | llmc.compression.quantization.gptq:update_layer_with_transformed_weights:184 - error 175.19601440429688
2026-07-26 14:07:11.504 | INFO     | llmc.compression.quantization.gptq:update_layer_with_transformed_weights:184 - error 175.19601440429688
2026-07-26 14:07:11.507 | INFO     | llmc.models.base_model:replace_module_subset:432 - replace >>> self_attn.o_proj in 23-th block
2026-07-26 14:07:11.507 | INFO     | llmc.models.base_model:replace_module_subset:432 - replace >>> self_attn.o_proj in 23-th block
2026-07-26 14:07:12.767 | INFO     | llmc.compression.quantization.base_blockwise_quantization:block_transform:493 - subset: {'layers': {'mlp.gate_proj': Linear(in_features=3072, out_features=8192, bias=False), 'mlp.up_proj': Linear(in_features=3072, out_features=8192, bias=False)}, 'prev_op': [LlamaRMSNorm((3072,), eps=1e-05)], 'input': ['mlp.gate_proj'], 'inspect': LlamaMLP(
  (gate_proj): Linear(in_features=3072, out_features=8192, bias=False)
  (up_proj): Linear(in_features=3072, out_features=8192, bias=False)
  (down_proj): Linear(in_features=8192, out_features=3072, bias=False)
  (act_fn): SiLUActivation()
), 'has_kwargs': False, 'is_mlp': True}
2026-07-26 14:07:12.767 | INFO     | llmc.compression.quantization.base_blockwise_quantization:block_transform:493 - subset: {'layers': {'mlp.gate_proj': Linear(in_features=3072, out_features=8192, bias=False), 'mlp.up_proj': Linear(in_features=3072, out_features=8192, bias=False)}, 'prev_op': [LlamaRMSNorm((3072,), eps=1e-05)], 'input': ['mlp.gate_proj'], 'inspect': LlamaMLP(
  (gate_proj): Linear(in_features=3072, out_features=8192, bias=False)
  (up_proj): Linear(in_features=3072, out_features=8192, bias=False)
  (down_proj): Linear(in_features=8192, out_features=3072, bias=False)
  (act_fn): SiLUActivation()
), 'has_kwargs': False, 'is_mlp': True}
2026-07-26 14:07:13.420 | INFO     | llmc.compression.quantization.gptq:update_layer_with_transformed_weights:184 - error 15832.330078125
2026-07-26 14:07:13.420 | INFO     | llmc.compression.quantization.gptq:update_layer_with_transformed_weights:184 - error 15832.330078125
2026-07-26 14:07:14.080 | INFO     | llmc.compression.quantization.gptq:update_layer_with_transformed_weights:184 - error 12192.396484375
2026-07-26 14:07:14.080 | INFO     | llmc.compression.quantization.gptq:update_layer_with_transformed_weights:184 - error 12192.396484375
2026-07-26 14:07:14.086 | INFO     | llmc.models.base_model:replace_module_subset:432 - replace >>> mlp.gate_proj in 23-th block
2026-07-26 14:07:14.086 | INFO     | llmc.models.base_model:replace_module_subset:432 - replace >>> mlp.gate_proj in 23-th block
2026-07-26 14:07:14.086 | INFO     | llmc.models.base_model:replace_module_subset:432 - replace >>> mlp.up_proj in 23-th block
2026-07-26 14:07:14.086 | INFO     | llmc.models.base_model:replace_module_subset:432 - replace >>> mlp.up_proj in 23-th block
2026-07-26 14:07:16.307 | INFO     | llmc.compression.quantization.base_blockwise_quantization:block_transform:493 - subset: {'layers': {'mlp.down_proj': Linear(in_features=8192, out_features=3072, bias=False)}, 'prev_op': [Linear(in_features=3072, out_features=8192, bias=False)], 'input': ['mlp.down_proj'], 'inspect': Linear(in_features=8192, out_features=3072, bias=False), 'has_kwargs': False, 'is_mlp': True}
2026-07-26 14:07:16.307 | INFO     | llmc.compression.quantization.base_blockwise_quantization:block_transform:493 - subset: {'layers': {'mlp.down_proj': Linear(in_features=8192, out_features=3072, bias=False)}, 'prev_op': [Linear(in_features=3072, out_features=8192, bias=False)], 'input': ['mlp.down_proj'], 'inspect': Linear(in_features=8192, out_features=3072, bias=False), 'has_kwargs': False, 'is_mlp': True}
2026-07-26 14:07:18.131 | INFO     | llmc.compression.quantization.gptq:update_layer_with_transformed_weights:184 - error 893.9447631835938
2026-07-26 14:07:18.131 | INFO     | llmc.compression.quantization.gptq:update_layer_with_transformed_weights:184 - error 893.9447631835938
2026-07-26 14:07:18.144 | INFO     | llmc.compression.quantization.base_blockwise_quantization:block_transform:523 - End transform the 23-th block
2026-07-26 14:07:18.144 | INFO     | llmc.compression.quantization.base_blockwise_quantization:block_transform:523 - End transform the 23-th block
2026-07-26 14:07:18.144 | INFO     | llmc.models.base_model:replace_module_subset:432 - replace >>> self_attn.q_proj in 23-th block
2026-07-26 14:07:18.144 | INFO     | llmc.models.base_model:replace_module_subset:432 - replace >>> self_attn.q_proj in 23-th block
2026-07-26 14:07:18.144 | INFO     | llmc.models.base_model:replace_module_subset:432 - replace >>> self_attn.k_proj in 23-th block
2026-07-26 14:07:18.144 | INFO     | llmc.models.base_model:replace_module_subset:432 - replace >>> self_attn.k_proj in 23-th block
2026-07-26 14:07:18.144 | INFO     | llmc.models.base_model:replace_module_subset:432 - replace >>> self_attn.v_proj in 23-th block
2026-07-26 14:07:18.144 | INFO     | llmc.models.base_model:replace_module_subset:432 - replace >>> self_attn.v_proj in 23-th block
2026-07-26 14:07:18.145 | INFO     | llmc.models.base_model:replace_module_subset:432 - replace >>> self_attn.o_proj in 23-th block
2026-07-26 14:07:18.145 | INFO     | llmc.models.base_model:replace_module_subset:432 - replace >>> self_attn.o_proj in 23-th block
2026-07-26 14:07:18.145 | INFO     | llmc.models.base_model:replace_module_subset:432 - replace >>> mlp.gate_proj in 23-th block
2026-07-26 14:07:18.145 | INFO     | llmc.models.base_model:replace_module_subset:432 - replace >>> mlp.gate_proj in 23-th block
2026-07-26 14:07:18.145 | INFO     | llmc.models.base_model:replace_module_subset:432 - replace >>> mlp.up_proj in 23-th block
2026-07-26 14:07:18.145 | INFO     | llmc.models.base_model:replace_module_subset:432 - replace >>> mlp.up_proj in 23-th block
2026-07-26 14:07:18.145 | INFO     | llmc.models.base_model:replace_module_subset:432 - replace >>> mlp.down_proj in 23-th block
2026-07-26 14:07:18.145 | INFO     | llmc.models.base_model:replace_module_subset:432 - replace >>> mlp.down_proj in 23-th block
2026-07-26 14:07:19.368 | INFO     | llmc.compression.blockwise_optimization:run_block_loop:36 - 
block index: 24/28 
block: LlamaDecoderLayer(
  (self_attn): LlamaAttention(
    (q_proj): Linear(in_features=3072, out_features=3072, bias=False)
    (k_proj): Linear(in_features=3072, out_features=1024, bias=False)
    (v_proj): Linear(in_features=3072, out_features=1024, bias=False)
    (o_proj): Linear(in_features=3072, out_features=3072, bias=False)
  )
  (mlp): LlamaMLP(
    (gate_proj): Linear(in_features=3072, out_features=8192, bias=False)
    (up_proj): Linear(in_features=3072, out_features=8192, bias=False)
    (down_proj): Linear(in_features=8192, out_features=3072, bias=False)
    (act_fn): SiLUActivation()
  )
  (input_layernorm): LlamaRMSNorm((3072,), eps=1e-05)
  (post_attention_layernorm): LlamaRMSNorm((3072,), eps=1e-05)
)
2026-07-26 14:07:19.368 | INFO     | llmc.compression.blockwise_optimization:run_block_loop:36 - 
block index: 24/28 
block: LlamaDecoderLayer(
  (self_attn): LlamaAttention(
    (q_proj): Linear(in_features=3072, out_features=3072, bias=False)
    (k_proj): Linear(in_features=3072, out_features=1024, bias=False)
    (v_proj): Linear(in_features=3072, out_features=1024, bias=False)
    (o_proj): Linear(in_features=3072, out_features=3072, bias=False)
  )
  (mlp): LlamaMLP(
    (gate_proj): Linear(in_features=3072, out_features=8192, bias=False)
    (up_proj): Linear(in_features=3072, out_features=8192, bias=False)
    (down_proj): Linear(in_features=8192, out_features=3072, bias=False)
    (act_fn): SiLUActivation()
  )
  (input_layernorm): LlamaRMSNorm((3072,), eps=1e-05)
  (post_attention_layernorm): LlamaRMSNorm((3072,), eps=1e-05)
)
2026-07-26 14:07:19.403 | INFO     | llmc.compression.quantization.base_blockwise_quantization:block_opt:416 - input_feat_modules: {'self_attn.q_proj': Linear(in_features=3072, out_features=3072, bias=False), 'self_attn.k_proj': Linear(in_features=3072, out_features=1024, bias=False), 'self_attn.v_proj': Linear(in_features=3072, out_features=1024, bias=False), 'self_attn.o_proj': Linear(in_features=3072, out_features=3072, bias=False), 'mlp.gate_proj': Linear(in_features=3072, out_features=8192, bias=False), 'mlp.up_proj': Linear(in_features=3072, out_features=8192, bias=False), 'mlp.down_proj': Linear(in_features=8192, out_features=3072, bias=False)}
2026-07-26 14:07:19.403 | INFO     | llmc.compression.quantization.base_blockwise_quantization:block_opt:416 - input_feat_modules: {'self_attn.q_proj': Linear(in_features=3072, out_features=3072, bias=False), 'self_attn.k_proj': Linear(in_features=3072, out_features=1024, bias=False), 'self_attn.v_proj': Linear(in_features=3072, out_features=1024, bias=False), 'self_attn.o_proj': Linear(in_features=3072, out_features=3072, bias=False), 'mlp.gate_proj': Linear(in_features=3072, out_features=8192, bias=False), 'mlp.up_proj': Linear(in_features=3072, out_features=8192, bias=False), 'mlp.down_proj': Linear(in_features=8192, out_features=3072, bias=False)}
2026-07-26 14:07:22.677 | INFO     | llmc.compression.quantization.base_blockwise_quantization:block_transform:484 - Start transform the 24-th block
2026-07-26 14:07:22.677 | INFO     | llmc.compression.quantization.base_blockwise_quantization:block_transform:484 - Start transform the 24-th block
2026-07-26 14:07:22.678 | INFO     | llmc.compression.quantization.base_blockwise_quantization:block_transform:493 - subset: {'layers': {'self_attn.q_proj': Linear(in_features=3072, out_features=3072, bias=False), 'self_attn.k_proj': Linear(in_features=3072, out_features=1024, bias=False), 'self_attn.v_proj': Linear(in_features=3072, out_features=1024, bias=False)}, 'prev_op': [LlamaRMSNorm((3072,), eps=1e-05)], 'input': ['self_attn.q_proj'], 'inspect': LlamaAttention(
  (q_proj): Linear(in_features=3072, out_features=3072, bias=False)
  (k_proj): Linear(in_features=3072, out_features=1024, bias=False)
  (v_proj): Linear(in_features=3072, out_features=1024, bias=False)
  (o_proj): Linear(in_features=3072, out_features=3072, bias=False)
), 'has_kwargs': True}
2026-07-26 14:07:22.678 | INFO     | llmc.compression.quantization.base_blockwise_quantization:block_transform:493 - subset: {'layers': {'self_attn.q_proj': Linear(in_features=3072, out_features=3072, bias=False), 'self_attn.k_proj': Linear(in_features=3072, out_features=1024, bias=False), 'self_attn.v_proj': Linear(in_features=3072, out_features=1024, bias=False)}, 'prev_op': [LlamaRMSNorm((3072,), eps=1e-05)], 'input': ['self_attn.q_proj'], 'inspect': LlamaAttention(
  (q_proj): Linear(in_features=3072, out_features=3072, bias=False)
  (k_proj): Linear(in_features=3072, out_features=1024, bias=False)
  (v_proj): Linear(in_features=3072, out_features=1024, bias=False)
  (o_proj): Linear(in_features=3072, out_features=3072, bias=False)
), 'has_kwargs': True}
2026-07-26 14:07:23.305 | INFO     | llmc.compression.quantization.gptq:update_layer_with_transformed_weights:184 - error 12408.544921875
2026-07-26 14:07:23.305 | INFO     | llmc.compression.quantization.gptq:update_layer_with_transformed_weights:184 - error 12408.544921875
2026-07-26 14:07:23.937 | INFO     | llmc.compression.quantization.gptq:update_layer_with_transformed_weights:184 - error 7802.3154296875
2026-07-26 14:07:23.937 | INFO     | llmc.compression.quantization.gptq:update_layer_with_transformed_weights:184 - error 7802.3154296875
2026-07-26 14:07:24.585 | INFO     | llmc.compression.quantization.gptq:update_layer_with_transformed_weights:184 - error 3134.394775390625
2026-07-26 14:07:24.585 | INFO     | llmc.compression.quantization.gptq:update_layer_with_transformed_weights:184 - error 3134.394775390625
2026-07-26 14:07:24.587 | INFO     | llmc.models.base_model:replace_module_subset:432 - replace >>> self_attn.q_proj in 24-th block
2026-07-26 14:07:24.587 | INFO     | llmc.models.base_model:replace_module_subset:432 - replace >>> self_attn.q_proj in 24-th block
2026-07-26 14:07:24.587 | INFO     | llmc.models.base_model:replace_module_subset:432 - replace >>> self_attn.k_proj in 24-th block
2026-07-26 14:07:24.587 | INFO     | llmc.models.base_model:replace_module_subset:432 - replace >>> self_attn.k_proj in 24-th block
2026-07-26 14:07:24.587 | INFO     | llmc.models.base_model:replace_module_subset:432 - replace >>> self_attn.v_proj in 24-th block
2026-07-26 14:07:24.587 | INFO     | llmc.models.base_model:replace_module_subset:432 - replace >>> self_attn.v_proj in 24-th block
2026-07-26 14:07:25.712 | INFO     | llmc.compression.quantization.base_blockwise_quantization:block_transform:493 - subset: {'layers': {'self_attn.o_proj': Linear(in_features=3072, out_features=3072, bias=False)}, 'prev_op': [Linear(in_features=3072, out_features=1024, bias=False)], 'input': ['self_attn.o_proj'], 'inspect': Linear(in_features=3072, out_features=3072, bias=False), 'has_kwargs': False}
2026-07-26 14:07:25.712 | INFO     | llmc.compression.quantization.base_blockwise_quantization:block_transform:493 - subset: {'layers': {'self_attn.o_proj': Linear(in_features=3072, out_features=3072, bias=False)}, 'prev_op': [Linear(in_features=3072, out_features=1024, bias=False)], 'input': ['self_attn.o_proj'], 'inspect': Linear(in_features=3072, out_features=3072, bias=False), 'has_kwargs': False}
2026-07-26 14:07:26.350 | INFO     | llmc.compression.quantization.gptq:update_layer_with_transformed_weights:184 - error 256.0281982421875
2026-07-26 14:07:26.350 | INFO     | llmc.compression.quantization.gptq:update_layer_with_transformed_weights:184 - error 256.0281982421875
2026-07-26 14:07:26.366 | INFO     | llmc.models.base_model:replace_module_subset:432 - replace >>> self_attn.o_proj in 24-th block
2026-07-26 14:07:26.366 | INFO     | llmc.models.base_model:replace_module_subset:432 - replace >>> self_attn.o_proj in 24-th block
2026-07-26 14:07:27.638 | INFO     | llmc.compression.quantization.base_blockwise_quantization:block_transform:493 - subset: {'layers': {'mlp.gate_proj': Linear(in_features=3072, out_features=8192, bias=False), 'mlp.up_proj': Linear(in_features=3072, out_features=8192, bias=False)}, 'prev_op': [LlamaRMSNorm((3072,), eps=1e-05)], 'input': ['mlp.gate_proj'], 'inspect': LlamaMLP(
  (gate_proj): Linear(in_features=3072, out_features=8192, bias=False)
  (up_proj): Linear(in_features=3072, out_features=8192, bias=False)
  (down_proj): Linear(in_features=8192, out_features=3072, bias=False)
  (act_fn): SiLUActivation()
), 'has_kwargs': False, 'is_mlp': True}
2026-07-26 14:07:27.638 | INFO     | llmc.compression.quantization.base_blockwise_quantization:block_transform:493 - subset: {'layers': {'mlp.gate_proj': Linear(in_features=3072, out_features=8192, bias=False), 'mlp.up_proj': Linear(in_features=3072, out_features=8192, bias=False)}, 'prev_op': [LlamaRMSNorm((3072,), eps=1e-05)], 'input': ['mlp.gate_proj'], 'inspect': LlamaMLP(
  (gate_proj): Linear(in_features=3072, out_features=8192, bias=False)
  (up_proj): Linear(in_features=3072, out_features=8192, bias=False)
  (down_proj): Linear(in_features=8192, out_features=3072, bias=False)
  (act_fn): SiLUActivation()
), 'has_kwargs': False, 'is_mlp': True}
2026-07-26 14:07:28.894 | INFO     | llmc.compression.quantization.gptq:update_layer_with_transformed_weights:184 - error 18354.265625
2026-07-26 14:07:28.894 | INFO     | llmc.compression.quantization.gptq:update_layer_with_transformed_weights:184 - error 18354.265625
2026-07-26 14:07:29.976 | INFO     | llmc.compression.quantization.gptq:update_layer_with_transformed_weights:184 - error 13826.4208984375
2026-07-26 14:07:29.976 | INFO     | llmc.compression.quantization.gptq:update_layer_with_transformed_weights:184 - error 13826.4208984375
2026-07-26 14:07:29.984 | INFO     | llmc.models.base_model:replace_module_subset:432 - replace >>> mlp.gate_proj in 24-th block
2026-07-26 14:07:29.984 | INFO     | llmc.models.base_model:replace_module_subset:432 - replace >>> mlp.gate_proj in 24-th block
2026-07-26 14:07:29.984 | INFO     | llmc.models.base_model:replace_module_subset:432 - replace >>> mlp.up_proj in 24-th block
2026-07-26 14:07:29.984 | INFO     | llmc.models.base_model:replace_module_subset:432 - replace >>> mlp.up_proj in 24-th block
2026-07-26 14:07:32.325 | INFO     | llmc.compression.quantization.base_blockwise_quantization:block_transform:493 - subset: {'layers': {'mlp.down_proj': Linear(in_features=8192, out_features=3072, bias=False)}, 'prev_op': [Linear(in_features=3072, out_features=8192, bias=False)], 'input': ['mlp.down_proj'], 'inspect': Linear(in_features=8192, out_features=3072, bias=False), 'has_kwargs': False, 'is_mlp': True}
2026-07-26 14:07:32.325 | INFO     | llmc.compression.quantization.base_blockwise_quantization:block_transform:493 - subset: {'layers': {'mlp.down_proj': Linear(in_features=8192, out_features=3072, bias=False)}, 'prev_op': [Linear(in_features=3072, out_features=8192, bias=False)], 'input': ['mlp.down_proj'], 'inspect': Linear(in_features=8192, out_features=3072, bias=False), 'has_kwargs': False, 'is_mlp': True}
2026-07-26 14:07:35.988 | INFO     | llmc.compression.quantization.gptq:update_layer_with_transformed_weights:184 - error 1060.32177734375
2026-07-26 14:07:35.988 | INFO     | llmc.compression.quantization.gptq:update_layer_with_transformed_weights:184 - error 1060.32177734375
2026-07-26 14:07:36.008 | INFO     | llmc.compression.quantization.base_blockwise_quantization:block_transform:523 - End transform the 24-th block
2026-07-26 14:07:36.008 | INFO     | llmc.compression.quantization.base_blockwise_quantization:block_transform:523 - End transform the 24-th block
2026-07-26 14:07:36.009 | INFO     | llmc.models.base_model:replace_module_subset:432 - replace >>> self_attn.q_proj in 24-th block
2026-07-26 14:07:36.009 | INFO     | llmc.models.base_model:replace_module_subset:432 - replace >>> self_attn.q_proj in 24-th block
2026-07-26 14:07:36.009 | INFO     | llmc.models.base_model:replace_module_subset:432 - replace >>> self_attn.k_proj in 24-th block
2026-07-26 14:07:36.009 | INFO     | llmc.models.base_model:replace_module_subset:432 - replace >>> self_attn.k_proj in 24-th block
2026-07-26 14:07:36.009 | INFO     | llmc.models.base_model:replace_module_subset:432 - replace >>> self_attn.v_proj in 24-th block
2026-07-26 14:07:36.009 | INFO     | llmc.models.base_model:replace_module_subset:432 - replace >>> self_attn.v_proj in 24-th block
2026-07-26 14:07:36.009 | INFO     | llmc.models.base_model:replace_module_subset:432 - replace >>> self_attn.o_proj in 24-th block
2026-07-26 14:07:36.009 | INFO     | llmc.models.base_model:replace_module_subset:432 - replace >>> self_attn.o_proj in 24-th block
2026-07-26 14:07:36.009 | INFO     | llmc.models.base_model:replace_module_subset:432 - replace >>> mlp.gate_proj in 24-th block
2026-07-26 14:07:36.009 | INFO     | llmc.models.base_model:replace_module_subset:432 - replace >>> mlp.gate_proj in 24-th block
2026-07-26 14:07:36.009 | INFO     | llmc.models.base_model:replace_module_subset:432 - replace >>> mlp.up_proj in 24-th block
2026-07-26 14:07:36.009 | INFO     | llmc.models.base_model:replace_module_subset:432 - replace >>> mlp.up_proj in 24-th block
2026-07-26 14:07:36.009 | INFO     | llmc.models.base_model:replace_module_subset:432 - replace >>> mlp.down_proj in 24-th block
2026-07-26 14:07:36.009 | INFO     | llmc.models.base_model:replace_module_subset:432 - replace >>> mlp.down_proj in 24-th block
2026-07-26 14:07:37.371 | INFO     | llmc.compression.blockwise_optimization:run_block_loop:36 - 
block index: 25/28 
block: LlamaDecoderLayer(
  (self_attn): LlamaAttention(
    (q_proj): Linear(in_features=3072, out_features=3072, bias=False)
    (k_proj): Linear(in_features=3072, out_features=1024, bias=False)
    (v_proj): Linear(in_features=3072, out_features=1024, bias=False)
    (o_proj): Linear(in_features=3072, out_features=3072, bias=False)
  )
  (mlp): LlamaMLP(
    (gate_proj): Linear(in_features=3072, out_features=8192, bias=False)
    (up_proj): Linear(in_features=3072, out_features=8192, bias=False)
    (down_proj): Linear(in_features=8192, out_features=3072, bias=False)
    (act_fn): SiLUActivation()
  )
  (input_layernorm): LlamaRMSNorm((3072,), eps=1e-05)
  (post_attention_layernorm): LlamaRMSNorm((3072,), eps=1e-05)
)
2026-07-26 14:07:37.371 | INFO     | llmc.compression.blockwise_optimization:run_block_loop:36 - 
block index: 25/28 
block: LlamaDecoderLayer(
  (self_attn): LlamaAttention(
    (q_proj): Linear(in_features=3072, out_features=3072, bias=False)
    (k_proj): Linear(in_features=3072, out_features=1024, bias=False)
    (v_proj): Linear(in_features=3072, out_features=1024, bias=False)
    (o_proj): Linear(in_features=3072, out_features=3072, bias=False)
  )
  (mlp): LlamaMLP(
    (gate_proj): Linear(in_features=3072, out_features=8192, bias=False)
    (up_proj): Linear(in_features=3072, out_features=8192, bias=False)
    (down_proj): Linear(in_features=8192, out_features=3072, bias=False)
    (act_fn): SiLUActivation()
  )
  (input_layernorm): LlamaRMSNorm((3072,), eps=1e-05)
  (post_attention_layernorm): LlamaRMSNorm((3072,), eps=1e-05)
)
2026-07-26 14:07:37.411 | INFO     | llmc.compression.quantization.base_blockwise_quantization:block_opt:416 - input_feat_modules: {'self_attn.q_proj': Linear(in_features=3072, out_features=3072, bias=False), 'self_attn.k_proj': Linear(in_features=3072, out_features=1024, bias=False), 'self_attn.v_proj': Linear(in_features=3072, out_features=1024, bias=False), 'self_attn.o_proj': Linear(in_features=3072, out_features=3072, bias=False), 'mlp.gate_proj': Linear(in_features=3072, out_features=8192, bias=False), 'mlp.up_proj': Linear(in_features=3072, out_features=8192, bias=False), 'mlp.down_proj': Linear(in_features=8192, out_features=3072, bias=False)}
2026-07-26 14:07:37.411 | INFO     | llmc.compression.quantization.base_blockwise_quantization:block_opt:416 - input_feat_modules: {'self_attn.q_proj': Linear(in_features=3072, out_features=3072, bias=False), 'self_attn.k_proj': Linear(in_features=3072, out_features=1024, bias=False), 'self_attn.v_proj': Linear(in_features=3072, out_features=1024, bias=False), 'self_attn.o_proj': Linear(in_features=3072, out_features=3072, bias=False), 'mlp.gate_proj': Linear(in_features=3072, out_features=8192, bias=False), 'mlp.up_proj': Linear(in_features=3072, out_features=8192, bias=False), 'mlp.down_proj': Linear(in_features=8192, out_features=3072, bias=False)}
2026-07-26 14:07:40.727 | INFO     | llmc.compression.quantization.base_blockwise_quantization:block_transform:484 - Start transform the 25-th block
2026-07-26 14:07:40.727 | INFO     | llmc.compression.quantization.base_blockwise_quantization:block_transform:484 - Start transform the 25-th block
2026-07-26 14:07:40.727 | INFO     | llmc.compression.quantization.base_blockwise_quantization:block_transform:493 - subset: {'layers': {'self_attn.q_proj': Linear(in_features=3072, out_features=3072, bias=False), 'self_attn.k_proj': Linear(in_features=3072, out_features=1024, bias=False), 'self_attn.v_proj': Linear(in_features=3072, out_features=1024, bias=False)}, 'prev_op': [LlamaRMSNorm((3072,), eps=1e-05)], 'input': ['self_attn.q_proj'], 'inspect': LlamaAttention(
  (q_proj): Linear(in_features=3072, out_features=3072, bias=False)
  (k_proj): Linear(in_features=3072, out_features=1024, bias=False)
  (v_proj): Linear(in_features=3072, out_features=1024, bias=False)
  (o_proj): Linear(in_features=3072, out_features=3072, bias=False)
), 'has_kwargs': True}
2026-07-26 14:07:40.727 | INFO     | llmc.compression.quantization.base_blockwise_quantization:block_transform:493 - subset: {'layers': {'self_attn.q_proj': Linear(in_features=3072, out_features=3072, bias=False), 'self_attn.k_proj': Linear(in_features=3072, out_features=1024, bias=False), 'self_attn.v_proj': Linear(in_features=3072, out_features=1024, bias=False)}, 'prev_op': [LlamaRMSNorm((3072,), eps=1e-05)], 'input': ['self_attn.q_proj'], 'inspect': LlamaAttention(
  (q_proj): Linear(in_features=3072, out_features=3072, bias=False)
  (k_proj): Linear(in_features=3072, out_features=1024, bias=False)
  (v_proj): Linear(in_features=3072, out_features=1024, bias=False)
  (o_proj): Linear(in_features=3072, out_features=3072, bias=False)
), 'has_kwargs': True}
2026-07-26 14:07:41.867 | INFO     | llmc.compression.quantization.gptq:update_layer_with_transformed_weights:184 - error 12373.056640625
2026-07-26 14:07:41.867 | INFO     | llmc.compression.quantization.gptq:update_layer_with_transformed_weights:184 - error 12373.056640625
2026-07-26 14:07:43.080 | INFO     | llmc.compression.quantization.gptq:update_layer_with_transformed_weights:184 - error 6320.80078125
2026-07-26 14:07:43.080 | INFO     | llmc.compression.quantization.gptq:update_layer_with_transformed_weights:184 - error 6320.80078125
2026-07-26 14:07:44.273 | INFO     | llmc.compression.quantization.gptq:update_layer_with_transformed_weights:184 - error 3012.66015625
2026-07-26 14:07:44.273 | INFO     | llmc.compression.quantization.gptq:update_layer_with_transformed_weights:184 - error 3012.66015625
2026-07-26 14:07:44.276 | INFO     | llmc.models.base_model:replace_module_subset:432 - replace >>> self_attn.q_proj in 25-th block
2026-07-26 14:07:44.276 | INFO     | llmc.models.base_model:replace_module_subset:432 - replace >>> self_attn.q_proj in 25-th block
2026-07-26 14:07:44.276 | INFO     | llmc.models.base_model:replace_module_subset:432 - replace >>> self_attn.k_proj in 25-th block
2026-07-26 14:07:44.276 | INFO     | llmc.models.base_model:replace_module_subset:432 - replace >>> self_attn.k_proj in 25-th block
2026-07-26 14:07:44.276 | INFO     | llmc.models.base_model:replace_module_subset:432 - replace >>> self_attn.v_proj in 25-th block
2026-07-26 14:07:44.276 | INFO     | llmc.models.base_model:replace_module_subset:432 - replace >>> self_attn.v_proj in 25-th block
2026-07-26 14:07:45.508 | INFO     | llmc.compression.quantization.base_blockwise_quantization:block_transform:493 - subset: {'layers': {'self_attn.o_proj': Linear(in_features=3072, out_features=3072, bias=False)}, 'prev_op': [Linear(in_features=3072, out_features=1024, bias=False)], 'input': ['self_attn.o_proj'], 'inspect': Linear(in_features=3072, out_features=3072, bias=False), 'has_kwargs': False}
2026-07-26 14:07:45.508 | INFO     | llmc.compression.quantization.base_blockwise_quantization:block_transform:493 - subset: {'layers': {'self_attn.o_proj': Linear(in_features=3072, out_features=3072, bias=False)}, 'prev_op': [Linear(in_features=3072, out_features=1024, bias=False)], 'input': ['self_attn.o_proj'], 'inspect': Linear(in_features=3072, out_features=3072, bias=False), 'has_kwargs': False}
2026-07-26 14:07:46.590 | INFO     | llmc.compression.quantization.gptq:update_layer_with_transformed_weights:184 - error 296.0458984375
2026-07-26 14:07:46.590 | INFO     | llmc.compression.quantization.gptq:update_layer_with_transformed_weights:184 - error 296.0458984375
2026-07-26 14:07:46.595 | INFO     | llmc.models.base_model:replace_module_subset:432 - replace >>> self_attn.o_proj in 25-th block
2026-07-26 14:07:46.595 | INFO     | llmc.models.base_model:replace_module_subset:432 - replace >>> self_attn.o_proj in 25-th block
2026-07-26 14:07:47.862 | INFO     | llmc.compression.quantization.base_blockwise_quantization:block_transform:493 - subset: {'layers': {'mlp.gate_proj': Linear(in_features=3072, out_features=8192, bias=False), 'mlp.up_proj': Linear(in_features=3072, out_features=8192, bias=False)}, 'prev_op': [LlamaRMSNorm((3072,), eps=1e-05)], 'input': ['mlp.gate_proj'], 'inspect': LlamaMLP(
  (gate_proj): Linear(in_features=3072, out_features=8192, bias=False)
  (up_proj): Linear(in_features=3072, out_features=8192, bias=False)
  (down_proj): Linear(in_features=8192, out_features=3072, bias=False)
  (act_fn): SiLUActivation()
), 'has_kwargs': False, 'is_mlp': True}
2026-07-26 14:07:47.862 | INFO     | llmc.compression.quantization.base_blockwise_quantization:block_transform:493 - subset: {'layers': {'mlp.gate_proj': Linear(in_features=3072, out_features=8192, bias=False), 'mlp.up_proj': Linear(in_features=3072, out_features=8192, bias=False)}, 'prev_op': [LlamaRMSNorm((3072,), eps=1e-05)], 'input': ['mlp.gate_proj'], 'inspect': LlamaMLP(
  (gate_proj): Linear(in_features=3072, out_features=8192, bias=False)
  (up_proj): Linear(in_features=3072, out_features=8192, bias=False)
  (down_proj): Linear(in_features=8192, out_features=3072, bias=False)
  (act_fn): SiLUActivation()
), 'has_kwargs': False, 'is_mlp': True}
2026-07-26 14:07:49.061 | INFO     | llmc.compression.quantization.gptq:update_layer_with_transformed_weights:184 - error 19612.318359375
2026-07-26 14:07:49.061 | INFO     | llmc.compression.quantization.gptq:update_layer_with_transformed_weights:184 - error 19612.318359375
2026-07-26 14:07:50.358 | INFO     | llmc.compression.quantization.gptq:update_layer_with_transformed_weights:184 - error 14962.046875
2026-07-26 14:07:50.358 | INFO     | llmc.compression.quantization.gptq:update_layer_with_transformed_weights:184 - error 14962.046875
2026-07-26 14:07:50.369 | INFO     | llmc.models.base_model:replace_module_subset:432 - replace >>> mlp.gate_proj in 25-th block
2026-07-26 14:07:50.369 | INFO     | llmc.models.base_model:replace_module_subset:432 - replace >>> mlp.gate_proj in 25-th block
2026-07-26 14:07:50.369 | INFO     | llmc.models.base_model:replace_module_subset:432 - replace >>> mlp.up_proj in 25-th block
2026-07-26 14:07:50.369 | INFO     | llmc.models.base_model:replace_module_subset:432 - replace >>> mlp.up_proj in 25-th block
2026-07-26 14:07:52.711 | INFO     | llmc.compression.quantization.base_blockwise_quantization:block_transform:493 - subset: {'layers': {'mlp.down_proj': Linear(in_features=8192, out_features=3072, bias=False)}, 'prev_op': [Linear(in_features=3072, out_features=8192, bias=False)], 'input': ['mlp.down_proj'], 'inspect': Linear(in_features=8192, out_features=3072, bias=False), 'has_kwargs': False, 'is_mlp': True}
2026-07-26 14:07:52.711 | INFO     | llmc.compression.quantization.base_blockwise_quantization:block_transform:493 - subset: {'layers': {'mlp.down_proj': Linear(in_features=8192, out_features=3072, bias=False)}, 'prev_op': [Linear(in_features=3072, out_features=8192, bias=False)], 'input': ['mlp.down_proj'], 'inspect': Linear(in_features=8192, out_features=3072, bias=False), 'has_kwargs': False, 'is_mlp': True}
2026-07-26 14:07:55.241 | INFO     | llmc.compression.quantization.gptq:update_layer_with_transformed_weights:184 - error 1351.4085693359375
2026-07-26 14:07:55.241 | INFO     | llmc.compression.quantization.gptq:update_layer_with_transformed_weights:184 - error 1351.4085693359375
2026-07-26 14:07:55.256 | INFO     | llmc.compression.quantization.base_blockwise_quantization:block_transform:523 - End transform the 25-th block
2026-07-26 14:07:55.256 | INFO     | llmc.compression.quantization.base_blockwise_quantization:block_transform:523 - End transform the 25-th block
2026-07-26 14:07:55.256 | INFO     | llmc.models.base_model:replace_module_subset:432 - replace >>> self_attn.q_proj in 25-th block
2026-07-26 14:07:55.256 | INFO     | llmc.models.base_model:replace_module_subset:432 - replace >>> self_attn.q_proj in 25-th block
2026-07-26 14:07:55.256 | INFO     | llmc.models.base_model:replace_module_subset:432 - replace >>> self_attn.k_proj in 25-th block
2026-07-26 14:07:55.256 | INFO     | llmc.models.base_model:replace_module_subset:432 - replace >>> self_attn.k_proj in 25-th block
2026-07-26 14:07:55.256 | INFO     | llmc.models.base_model:replace_module_subset:432 - replace >>> self_attn.v_proj in 25-th block
2026-07-26 14:07:55.256 | INFO     | llmc.models.base_model:replace_module_subset:432 - replace >>> self_attn.v_proj in 25-th block
2026-07-26 14:07:55.256 | INFO     | llmc.models.base_model:replace_module_subset:432 - replace >>> self_attn.o_proj in 25-th block
2026-07-26 14:07:55.256 | INFO     | llmc.models.base_model:replace_module_subset:432 - replace >>> self_attn.o_proj in 25-th block
2026-07-26 14:07:55.256 | INFO     | llmc.models.base_model:replace_module_subset:432 - replace >>> mlp.gate_proj in 25-th block
2026-07-26 14:07:55.256 | INFO     | llmc.models.base_model:replace_module_subset:432 - replace >>> mlp.gate_proj in 25-th block
2026-07-26 14:07:55.257 | INFO     | llmc.models.base_model:replace_module_subset:432 - replace >>> mlp.up_proj in 25-th block
2026-07-26 14:07:55.257 | INFO     | llmc.models.base_model:replace_module_subset:432 - replace >>> mlp.up_proj in 25-th block
2026-07-26 14:07:55.257 | INFO     | llmc.models.base_model:replace_module_subset:432 - replace >>> mlp.down_proj in 25-th block
2026-07-26 14:07:55.257 | INFO     | llmc.models.base_model:replace_module_subset:432 - replace >>> mlp.down_proj in 25-th block
2026-07-26 14:07:56.544 | INFO     | llmc.compression.blockwise_optimization:run_block_loop:36 - 
block index: 26/28 
block: LlamaDecoderLayer(
  (self_attn): LlamaAttention(
    (q_proj): Linear(in_features=3072, out_features=3072, bias=False)
    (k_proj): Linear(in_features=3072, out_features=1024, bias=False)
    (v_proj): Linear(in_features=3072, out_features=1024, bias=False)
    (o_proj): Linear(in_features=3072, out_features=3072, bias=False)
  )
  (mlp): LlamaMLP(
    (gate_proj): Linear(in_features=3072, out_features=8192, bias=False)
    (up_proj): Linear(in_features=3072, out_features=8192, bias=False)
    (down_proj): Linear(in_features=8192, out_features=3072, bias=False)
    (act_fn): SiLUActivation()
  )
  (input_layernorm): LlamaRMSNorm((3072,), eps=1e-05)
  (post_attention_layernorm): LlamaRMSNorm((3072,), eps=1e-05)
)
2026-07-26 14:07:56.544 | INFO     | llmc.compression.blockwise_optimization:run_block_loop:36 - 
block index: 26/28 
block: LlamaDecoderLayer(
  (self_attn): LlamaAttention(
    (q_proj): Linear(in_features=3072, out_features=3072, bias=False)
    (k_proj): Linear(in_features=3072, out_features=1024, bias=False)
    (v_proj): Linear(in_features=3072, out_features=1024, bias=False)
    (o_proj): Linear(in_features=3072, out_features=3072, bias=False)
  )
  (mlp): LlamaMLP(
    (gate_proj): Linear(in_features=3072, out_features=8192, bias=False)
    (up_proj): Linear(in_features=3072, out_features=8192, bias=False)
    (down_proj): Linear(in_features=8192, out_features=3072, bias=False)
    (act_fn): SiLUActivation()
  )
  (input_layernorm): LlamaRMSNorm((3072,), eps=1e-05)
  (post_attention_layernorm): LlamaRMSNorm((3072,), eps=1e-05)
)
2026-07-26 14:07:56.577 | INFO     | llmc.compression.quantization.base_blockwise_quantization:block_opt:416 - input_feat_modules: {'self_attn.q_proj': Linear(in_features=3072, out_features=3072, bias=False), 'self_attn.k_proj': Linear(in_features=3072, out_features=1024, bias=False), 'self_attn.v_proj': Linear(in_features=3072, out_features=1024, bias=False), 'self_attn.o_proj': Linear(in_features=3072, out_features=3072, bias=False), 'mlp.gate_proj': Linear(in_features=3072, out_features=8192, bias=False), 'mlp.up_proj': Linear(in_features=3072, out_features=8192, bias=False), 'mlp.down_proj': Linear(in_features=8192, out_features=3072, bias=False)}
2026-07-26 14:07:56.577 | INFO     | llmc.compression.quantization.base_blockwise_quantization:block_opt:416 - input_feat_modules: {'self_attn.q_proj': Linear(in_features=3072, out_features=3072, bias=False), 'self_attn.k_proj': Linear(in_features=3072, out_features=1024, bias=False), 'self_attn.v_proj': Linear(in_features=3072, out_features=1024, bias=False), 'self_attn.o_proj': Linear(in_features=3072, out_features=3072, bias=False), 'mlp.gate_proj': Linear(in_features=3072, out_features=8192, bias=False), 'mlp.up_proj': Linear(in_features=3072, out_features=8192, bias=False), 'mlp.down_proj': Linear(in_features=8192, out_features=3072, bias=False)}
2026-07-26 14:07:59.891 | INFO     | llmc.compression.quantization.base_blockwise_quantization:block_transform:484 - Start transform the 26-th block
2026-07-26 14:07:59.891 | INFO     | llmc.compression.quantization.base_blockwise_quantization:block_transform:484 - Start transform the 26-th block
2026-07-26 14:07:59.891 | INFO     | llmc.compression.quantization.base_blockwise_quantization:block_transform:493 - subset: {'layers': {'self_attn.q_proj': Linear(in_features=3072, out_features=3072, bias=False), 'self_attn.k_proj': Linear(in_features=3072, out_features=1024, bias=False), 'self_attn.v_proj': Linear(in_features=3072, out_features=1024, bias=False)}, 'prev_op': [LlamaRMSNorm((3072,), eps=1e-05)], 'input': ['self_attn.q_proj'], 'inspect': LlamaAttention(
  (q_proj): Linear(in_features=3072, out_features=3072, bias=False)
  (k_proj): Linear(in_features=3072, out_features=1024, bias=False)
  (v_proj): Linear(in_features=3072, out_features=1024, bias=False)
  (o_proj): Linear(in_features=3072, out_features=3072, bias=False)
), 'has_kwargs': True}
2026-07-26 14:07:59.891 | INFO     | llmc.compression.quantization.base_blockwise_quantization:block_transform:493 - subset: {'layers': {'self_attn.q_proj': Linear(in_features=3072, out_features=3072, bias=False), 'self_attn.k_proj': Linear(in_features=3072, out_features=1024, bias=False), 'self_attn.v_proj': Linear(in_features=3072, out_features=1024, bias=False)}, 'prev_op': [LlamaRMSNorm((3072,), eps=1e-05)], 'input': ['self_attn.q_proj'], 'inspect': LlamaAttention(
  (q_proj): Linear(in_features=3072, out_features=3072, bias=False)
  (k_proj): Linear(in_features=3072, out_features=1024, bias=False)
  (v_proj): Linear(in_features=3072, out_features=1024, bias=False)
  (o_proj): Linear(in_features=3072, out_features=3072, bias=False)
), 'has_kwargs': True}
2026-07-26 14:08:00.882 | INFO     | llmc.compression.quantization.gptq:update_layer_with_transformed_weights:184 - error 11622.33203125
2026-07-26 14:08:00.882 | INFO     | llmc.compression.quantization.gptq:update_layer_with_transformed_weights:184 - error 11622.33203125
2026-07-26 14:08:01.843 | INFO     | llmc.compression.quantization.gptq:update_layer_with_transformed_weights:184 - error 6772.619140625
2026-07-26 14:08:01.843 | INFO     | llmc.compression.quantization.gptq:update_layer_with_transformed_weights:184 - error 6772.619140625
2026-07-26 14:08:02.939 | INFO     | llmc.compression.quantization.gptq:update_layer_with_transformed_weights:184 - error 3862.117919921875
2026-07-26 14:08:02.939 | INFO     | llmc.compression.quantization.gptq:update_layer_with_transformed_weights:184 - error 3862.117919921875
2026-07-26 14:08:02.942 | INFO     | llmc.models.base_model:replace_module_subset:432 - replace >>> self_attn.q_proj in 26-th block
2026-07-26 14:08:02.942 | INFO     | llmc.models.base_model:replace_module_subset:432 - replace >>> self_attn.q_proj in 26-th block
2026-07-26 14:08:02.942 | INFO     | llmc.models.base_model:replace_module_subset:432 - replace >>> self_attn.k_proj in 26-th block
2026-07-26 14:08:02.942 | INFO     | llmc.models.base_model:replace_module_subset:432 - replace >>> self_attn.k_proj in 26-th block
2026-07-26 14:08:02.942 | INFO     | llmc.models.base_model:replace_module_subset:432 - replace >>> self_attn.v_proj in 26-th block
2026-07-26 14:08:02.942 | INFO     | llmc.models.base_model:replace_module_subset:432 - replace >>> self_attn.v_proj in 26-th block
2026-07-26 14:08:04.157 | INFO     | llmc.compression.quantization.base_blockwise_quantization:block_transform:493 - subset: {'layers': {'self_attn.o_proj': Linear(in_features=3072, out_features=3072, bias=False)}, 'prev_op': [Linear(in_features=3072, out_features=1024, bias=False)], 'input': ['self_attn.o_proj'], 'inspect': Linear(in_features=3072, out_features=3072, bias=False), 'has_kwargs': False}
2026-07-26 14:08:04.157 | INFO     | llmc.compression.quantization.base_blockwise_quantization:block_transform:493 - subset: {'layers': {'self_attn.o_proj': Linear(in_features=3072, out_features=3072, bias=False)}, 'prev_op': [Linear(in_features=3072, out_features=1024, bias=False)], 'input': ['self_attn.o_proj'], 'inspect': Linear(in_features=3072, out_features=3072, bias=False), 'has_kwargs': False}
2026-07-26 14:08:05.248 | INFO     | llmc.compression.quantization.gptq:update_layer_with_transformed_weights:184 - error 526.7456665039062
2026-07-26 14:08:05.248 | INFO     | llmc.compression.quantization.gptq:update_layer_with_transformed_weights:184 - error 526.7456665039062
2026-07-26 14:08:05.263 | INFO     | llmc.models.base_model:replace_module_subset:432 - replace >>> self_attn.o_proj in 26-th block
2026-07-26 14:08:05.263 | INFO     | llmc.models.base_model:replace_module_subset:432 - replace >>> self_attn.o_proj in 26-th block
2026-07-26 14:08:06.538 | INFO     | llmc.compression.quantization.base_blockwise_quantization:block_transform:493 - subset: {'layers': {'mlp.gate_proj': Linear(in_features=3072, out_features=8192, bias=False), 'mlp.up_proj': Linear(in_features=3072, out_features=8192, bias=False)}, 'prev_op': [LlamaRMSNorm((3072,), eps=1e-05)], 'input': ['mlp.gate_proj'], 'inspect': LlamaMLP(
  (gate_proj): Linear(in_features=3072, out_features=8192, bias=False)
  (up_proj): Linear(in_features=3072, out_features=8192, bias=False)
  (down_proj): Linear(in_features=8192, out_features=3072, bias=False)
  (act_fn): SiLUActivation()
), 'has_kwargs': False, 'is_mlp': True}
2026-07-26 14:08:06.538 | INFO     | llmc.compression.quantization.base_blockwise_quantization:block_transform:493 - subset: {'layers': {'mlp.gate_proj': Linear(in_features=3072, out_features=8192, bias=False), 'mlp.up_proj': Linear(in_features=3072, out_features=8192, bias=False)}, 'prev_op': [LlamaRMSNorm((3072,), eps=1e-05)], 'input': ['mlp.gate_proj'], 'inspect': LlamaMLP(
  (gate_proj): Linear(in_features=3072, out_features=8192, bias=False)
  (up_proj): Linear(in_features=3072, out_features=8192, bias=False)
  (down_proj): Linear(in_features=8192, out_features=3072, bias=False)
  (act_fn): SiLUActivation()
), 'has_kwargs': False, 'is_mlp': True}
2026-07-26 14:08:07.558 | INFO     | llmc.compression.quantization.gptq:update_layer_with_transformed_weights:184 - error 20972.125
2026-07-26 14:08:07.558 | INFO     | llmc.compression.quantization.gptq:update_layer_with_transformed_weights:184 - error 20972.125
2026-07-26 14:08:08.522 | INFO     | llmc.compression.quantization.gptq:update_layer_with_transformed_weights:184 - error 15758.51171875
2026-07-26 14:08:08.522 | INFO     | llmc.compression.quantization.gptq:update_layer_with_transformed_weights:184 - error 15758.51171875
2026-07-26 14:08:08.529 | INFO     | llmc.models.base_model:replace_module_subset:432 - replace >>> mlp.gate_proj in 26-th block
2026-07-26 14:08:08.529 | INFO     | llmc.models.base_model:replace_module_subset:432 - replace >>> mlp.gate_proj in 26-th block
2026-07-26 14:08:08.530 | INFO     | llmc.models.base_model:replace_module_subset:432 - replace >>> mlp.up_proj in 26-th block
2026-07-26 14:08:08.530 | INFO     | llmc.models.base_model:replace_module_subset:432 - replace >>> mlp.up_proj in 26-th block
2026-07-26 14:08:10.816 | INFO     | llmc.compression.quantization.base_blockwise_quantization:block_transform:493 - subset: {'layers': {'mlp.down_proj': Linear(in_features=8192, out_features=3072, bias=False)}, 'prev_op': [Linear(in_features=3072, out_features=8192, bias=False)], 'input': ['mlp.down_proj'], 'inspect': Linear(in_features=8192, out_features=3072, bias=False), 'has_kwargs': False, 'is_mlp': True}
2026-07-26 14:08:10.816 | INFO     | llmc.compression.quantization.base_blockwise_quantization:block_transform:493 - subset: {'layers': {'mlp.down_proj': Linear(in_features=8192, out_features=3072, bias=False)}, 'prev_op': [Linear(in_features=3072, out_features=8192, bias=False)], 'input': ['mlp.down_proj'], 'inspect': Linear(in_features=8192, out_features=3072, bias=False), 'has_kwargs': False, 'is_mlp': True}
2026-07-26 14:08:13.216 | INFO     | llmc.compression.quantization.gptq:update_layer_with_transformed_weights:184 - error 1775.62255859375
2026-07-26 14:08:13.216 | INFO     | llmc.compression.quantization.gptq:update_layer_with_transformed_weights:184 - error 1775.62255859375
2026-07-26 14:08:13.238 | INFO     | llmc.compression.quantization.base_blockwise_quantization:block_transform:523 - End transform the 26-th block
2026-07-26 14:08:13.238 | INFO     | llmc.compression.quantization.base_blockwise_quantization:block_transform:523 - End transform the 26-th block
2026-07-26 14:08:13.239 | INFO     | llmc.models.base_model:replace_module_subset:432 - replace >>> self_attn.q_proj in 26-th block
2026-07-26 14:08:13.239 | INFO     | llmc.models.base_model:replace_module_subset:432 - replace >>> self_attn.q_proj in 26-th block
2026-07-26 14:08:13.239 | INFO     | llmc.models.base_model:replace_module_subset:432 - replace >>> self_attn.k_proj in 26-th block
2026-07-26 14:08:13.239 | INFO     | llmc.models.base_model:replace_module_subset:432 - replace >>> self_attn.k_proj in 26-th block
2026-07-26 14:08:13.239 | INFO     | llmc.models.base_model:replace_module_subset:432 - replace >>> self_attn.v_proj in 26-th block
2026-07-26 14:08:13.239 | INFO     | llmc.models.base_model:replace_module_subset:432 - replace >>> self_attn.v_proj in 26-th block
2026-07-26 14:08:13.239 | INFO     | llmc.models.base_model:replace_module_subset:432 - replace >>> self_attn.o_proj in 26-th block
2026-07-26 14:08:13.239 | INFO     | llmc.models.base_model:replace_module_subset:432 - replace >>> self_attn.o_proj in 26-th block
2026-07-26 14:08:13.239 | INFO     | llmc.models.base_model:replace_module_subset:432 - replace >>> mlp.gate_proj in 26-th block
2026-07-26 14:08:13.239 | INFO     | llmc.models.base_model:replace_module_subset:432 - replace >>> mlp.gate_proj in 26-th block
2026-07-26 14:08:13.239 | INFO     | llmc.models.base_model:replace_module_subset:432 - replace >>> mlp.up_proj in 26-th block
2026-07-26 14:08:13.239 | INFO     | llmc.models.base_model:replace_module_subset:432 - replace >>> mlp.up_proj in 26-th block
2026-07-26 14:08:13.239 | INFO     | llmc.models.base_model:replace_module_subset:432 - replace >>> mlp.down_proj in 26-th block
2026-07-26 14:08:13.239 | INFO     | llmc.models.base_model:replace_module_subset:432 - replace >>> mlp.down_proj in 26-th block
2026-07-26 14:08:14.521 | INFO     | llmc.compression.blockwise_optimization:run_block_loop:36 - 
block index: 27/28 
block: LlamaDecoderLayer(
  (self_attn): LlamaAttention(
    (q_proj): Linear(in_features=3072, out_features=3072, bias=False)
    (k_proj): Linear(in_features=3072, out_features=1024, bias=False)
    (v_proj): Linear(in_features=3072, out_features=1024, bias=False)
    (o_proj): Linear(in_features=3072, out_features=3072, bias=False)
  )
  (mlp): LlamaMLP(
    (gate_proj): Linear(in_features=3072, out_features=8192, bias=False)
    (up_proj): Linear(in_features=3072, out_features=8192, bias=False)
    (down_proj): Linear(in_features=8192, out_features=3072, bias=False)
    (act_fn): SiLUActivation()
  )
  (input_layernorm): LlamaRMSNorm((3072,), eps=1e-05)
  (post_attention_layernorm): LlamaRMSNorm((3072,), eps=1e-05)
)
2026-07-26 14:08:14.521 | INFO     | llmc.compression.blockwise_optimization:run_block_loop:36 - 
block index: 27/28 
block: LlamaDecoderLayer(
  (self_attn): LlamaAttention(
    (q_proj): Linear(in_features=3072, out_features=3072, bias=False)
    (k_proj): Linear(in_features=3072, out_features=1024, bias=False)
    (v_proj): Linear(in_features=3072, out_features=1024, bias=False)
    (o_proj): Linear(in_features=3072, out_features=3072, bias=False)
  )
  (mlp): LlamaMLP(
    (gate_proj): Linear(in_features=3072, out_features=8192, bias=False)
    (up_proj): Linear(in_features=3072, out_features=8192, bias=False)
    (down_proj): Linear(in_features=8192, out_features=3072, bias=False)
    (act_fn): SiLUActivation()
  )
  (input_layernorm): LlamaRMSNorm((3072,), eps=1e-05)
  (post_attention_layernorm): LlamaRMSNorm((3072,), eps=1e-05)
)
2026-07-26 14:08:14.562 | INFO     | llmc.compression.quantization.base_blockwise_quantization:block_opt:416 - input_feat_modules: {'self_attn.q_proj': Linear(in_features=3072, out_features=3072, bias=False), 'self_attn.k_proj': Linear(in_features=3072, out_features=1024, bias=False), 'self_attn.v_proj': Linear(in_features=3072, out_features=1024, bias=False), 'self_attn.o_proj': Linear(in_features=3072, out_features=3072, bias=False), 'mlp.gate_proj': Linear(in_features=3072, out_features=8192, bias=False), 'mlp.up_proj': Linear(in_features=3072, out_features=8192, bias=False), 'mlp.down_proj': Linear(in_features=8192, out_features=3072, bias=False)}
2026-07-26 14:08:14.562 | INFO     | llmc.compression.quantization.base_blockwise_quantization:block_opt:416 - input_feat_modules: {'self_attn.q_proj': Linear(in_features=3072, out_features=3072, bias=False), 'self_attn.k_proj': Linear(in_features=3072, out_features=1024, bias=False), 'self_attn.v_proj': Linear(in_features=3072, out_features=1024, bias=False), 'self_attn.o_proj': Linear(in_features=3072, out_features=3072, bias=False), 'mlp.gate_proj': Linear(in_features=3072, out_features=8192, bias=False), 'mlp.up_proj': Linear(in_features=3072, out_features=8192, bias=False), 'mlp.down_proj': Linear(in_features=8192, out_features=3072, bias=False)}
2026-07-26 14:08:17.852 | INFO     | llmc.compression.quantization.base_blockwise_quantization:block_transform:484 - Start transform the 27-th block
2026-07-26 14:08:17.852 | INFO     | llmc.compression.quantization.base_blockwise_quantization:block_transform:484 - Start transform the 27-th block
2026-07-26 14:08:17.852 | INFO     | llmc.compression.quantization.base_blockwise_quantization:block_transform:493 - subset: {'layers': {'self_attn.q_proj': Linear(in_features=3072, out_features=3072, bias=False), 'self_attn.k_proj': Linear(in_features=3072, out_features=1024, bias=False), 'self_attn.v_proj': Linear(in_features=3072, out_features=1024, bias=False)}, 'prev_op': [LlamaRMSNorm((3072,), eps=1e-05)], 'input': ['self_attn.q_proj'], 'inspect': LlamaAttention(
  (q_proj): Linear(in_features=3072, out_features=3072, bias=False)
  (k_proj): Linear(in_features=3072, out_features=1024, bias=False)
  (v_proj): Linear(in_features=3072, out_features=1024, bias=False)
  (o_proj): Linear(in_features=3072, out_features=3072, bias=False)
), 'has_kwargs': True}
2026-07-26 14:08:17.852 | INFO     | llmc.compression.quantization.base_blockwise_quantization:block_transform:493 - subset: {'layers': {'self_attn.q_proj': Linear(in_features=3072, out_features=3072, bias=False), 'self_attn.k_proj': Linear(in_features=3072, out_features=1024, bias=False), 'self_attn.v_proj': Linear(in_features=3072, out_features=1024, bias=False)}, 'prev_op': [LlamaRMSNorm((3072,), eps=1e-05)], 'input': ['self_attn.q_proj'], 'inspect': LlamaAttention(
  (q_proj): Linear(in_features=3072, out_features=3072, bias=False)
  (k_proj): Linear(in_features=3072, out_features=1024, bias=False)
  (v_proj): Linear(in_features=3072, out_features=1024, bias=False)
  (o_proj): Linear(in_features=3072, out_features=3072, bias=False)
), 'has_kwargs': True}
2026-07-26 14:08:18.800 | INFO     | llmc.compression.quantization.gptq:update_layer_with_transformed_weights:184 - error 8952.966796875
2026-07-26 14:08:18.800 | INFO     | llmc.compression.quantization.gptq:update_layer_with_transformed_weights:184 - error 8952.966796875
2026-07-26 14:08:19.822 | INFO     | llmc.compression.quantization.gptq:update_layer_with_transformed_weights:184 - error 4761.9599609375
2026-07-26 14:08:19.822 | INFO     | llmc.compression.quantization.gptq:update_layer_with_transformed_weights:184 - error 4761.9599609375
2026-07-26 14:08:20.888 | INFO     | llmc.compression.quantization.gptq:update_layer_with_transformed_weights:184 - error 2571.90576171875
2026-07-26 14:08:20.888 | INFO     | llmc.compression.quantization.gptq:update_layer_with_transformed_weights:184 - error 2571.90576171875
2026-07-26 14:08:20.891 | INFO     | llmc.models.base_model:replace_module_subset:432 - replace >>> self_attn.q_proj in 27-th block
2026-07-26 14:08:20.891 | INFO     | llmc.models.base_model:replace_module_subset:432 - replace >>> self_attn.q_proj in 27-th block
2026-07-26 14:08:20.891 | INFO     | llmc.models.base_model:replace_module_subset:432 - replace >>> self_attn.k_proj in 27-th block
2026-07-26 14:08:20.891 | INFO     | llmc.models.base_model:replace_module_subset:432 - replace >>> self_attn.k_proj in 27-th block
2026-07-26 14:08:20.891 | INFO     | llmc.models.base_model:replace_module_subset:432 - replace >>> self_attn.v_proj in 27-th block
2026-07-26 14:08:20.891 | INFO     | llmc.models.base_model:replace_module_subset:432 - replace >>> self_attn.v_proj in 27-th block
2026-07-26 14:08:22.101 | INFO     | llmc.compression.quantization.base_blockwise_quantization:block_transform:493 - subset: {'layers': {'self_attn.o_proj': Linear(in_features=3072, out_features=3072, bias=False)}, 'prev_op': [Linear(in_features=3072, out_features=1024, bias=False)], 'input': ['self_attn.o_proj'], 'inspect': Linear(in_features=3072, out_features=3072, bias=False), 'has_kwargs': False}
2026-07-26 14:08:22.101 | INFO     | llmc.compression.quantization.base_blockwise_quantization:block_transform:493 - subset: {'layers': {'self_attn.o_proj': Linear(in_features=3072, out_features=3072, bias=False)}, 'prev_op': [Linear(in_features=3072, out_features=1024, bias=False)], 'input': ['self_attn.o_proj'], 'inspect': Linear(in_features=3072, out_features=3072, bias=False), 'has_kwargs': False}
2026-07-26 14:08:22.906 | INFO     | llmc.compression.quantization.gptq:update_layer_with_transformed_weights:184 - error 823.1397705078125
2026-07-26 14:08:22.906 | INFO     | llmc.compression.quantization.gptq:update_layer_with_transformed_weights:184 - error 823.1397705078125
2026-07-26 14:08:22.909 | INFO     | llmc.models.base_model:replace_module_subset:432 - replace >>> self_attn.o_proj in 27-th block
2026-07-26 14:08:22.909 | INFO     | llmc.models.base_model:replace_module_subset:432 - replace >>> self_attn.o_proj in 27-th block
2026-07-26 14:08:24.170 | INFO     | llmc.compression.quantization.base_blockwise_quantization:block_transform:493 - subset: {'layers': {'mlp.gate_proj': Linear(in_features=3072, out_features=8192, bias=False), 'mlp.up_proj': Linear(in_features=3072, out_features=8192, bias=False)}, 'prev_op': [LlamaRMSNorm((3072,), eps=1e-05)], 'input': ['mlp.gate_proj'], 'inspect': LlamaMLP(
  (gate_proj): Linear(in_features=3072, out_features=8192, bias=False)
  (up_proj): Linear(in_features=3072, out_features=8192, bias=False)
  (down_proj): Linear(in_features=8192, out_features=3072, bias=False)
  (act_fn): SiLUActivation()
), 'has_kwargs': False, 'is_mlp': True}
2026-07-26 14:08:24.170 | INFO     | llmc.compression.quantization.base_blockwise_quantization:block_transform:493 - subset: {'layers': {'mlp.gate_proj': Linear(in_features=3072, out_features=8192, bias=False), 'mlp.up_proj': Linear(in_features=3072, out_features=8192, bias=False)}, 'prev_op': [LlamaRMSNorm((3072,), eps=1e-05)], 'input': ['mlp.gate_proj'], 'inspect': LlamaMLP(
  (gate_proj): Linear(in_features=3072, out_features=8192, bias=False)
  (up_proj): Linear(in_features=3072, out_features=8192, bias=False)
  (down_proj): Linear(in_features=8192, out_features=3072, bias=False)
  (act_fn): SiLUActivation()
), 'has_kwargs': False, 'is_mlp': True}
2026-07-26 14:08:24.997 | INFO     | llmc.compression.quantization.gptq:update_layer_with_transformed_weights:184 - error 19201.41796875
2026-07-26 14:08:24.997 | INFO     | llmc.compression.quantization.gptq:update_layer_with_transformed_weights:184 - error 19201.41796875
2026-07-26 14:08:25.845 | INFO     | llmc.compression.quantization.gptq:update_layer_with_transformed_weights:184 - error 15998.951171875
2026-07-26 14:08:25.845 | INFO     | llmc.compression.quantization.gptq:update_layer_with_transformed_weights:184 - error 15998.951171875
2026-07-26 14:08:25.851 | INFO     | llmc.models.base_model:replace_module_subset:432 - replace >>> mlp.gate_proj in 27-th block
2026-07-26 14:08:25.851 | INFO     | llmc.models.base_model:replace_module_subset:432 - replace >>> mlp.gate_proj in 27-th block
2026-07-26 14:08:25.851 | INFO     | llmc.models.base_model:replace_module_subset:432 - replace >>> mlp.up_proj in 27-th block
2026-07-26 14:08:25.851 | INFO     | llmc.models.base_model:replace_module_subset:432 - replace >>> mlp.up_proj in 27-th block
2026-07-26 14:08:28.079 | INFO     | llmc.compression.quantization.base_blockwise_quantization:block_transform:493 - subset: {'layers': {'mlp.down_proj': Linear(in_features=8192, out_features=3072, bias=False)}, 'prev_op': [Linear(in_features=3072, out_features=8192, bias=False)], 'input': ['mlp.down_proj'], 'inspect': Linear(in_features=8192, out_features=3072, bias=False), 'has_kwargs': False, 'is_mlp': True}
2026-07-26 14:08:28.079 | INFO     | llmc.compression.quantization.base_blockwise_quantization:block_transform:493 - subset: {'layers': {'mlp.down_proj': Linear(in_features=8192, out_features=3072, bias=False)}, 'prev_op': [Linear(in_features=3072, out_features=8192, bias=False)], 'input': ['mlp.down_proj'], 'inspect': Linear(in_features=8192, out_features=3072, bias=False), 'has_kwargs': False, 'is_mlp': True}
2026-07-26 14:08:31.537 | INFO     | llmc.compression.quantization.gptq:update_layer_with_transformed_weights:184 - error 3714.884033203125
2026-07-26 14:08:31.537 | INFO     | llmc.compression.quantization.gptq:update_layer_with_transformed_weights:184 - error 3714.884033203125
2026-07-26 14:08:31.550 | INFO     | llmc.compression.quantization.base_blockwise_quantization:block_transform:523 - End transform the 27-th block
2026-07-26 14:08:31.550 | INFO     | llmc.compression.quantization.base_blockwise_quantization:block_transform:523 - End transform the 27-th block
2026-07-26 14:08:31.551 | INFO     | llmc.models.base_model:replace_module_subset:432 - replace >>> self_attn.q_proj in 27-th block
2026-07-26 14:08:31.551 | INFO     | llmc.models.base_model:replace_module_subset:432 - replace >>> self_attn.q_proj in 27-th block
2026-07-26 14:08:31.551 | INFO     | llmc.models.base_model:replace_module_subset:432 - replace >>> self_attn.k_proj in 27-th block
2026-07-26 14:08:31.551 | INFO     | llmc.models.base_model:replace_module_subset:432 - replace >>> self_attn.k_proj in 27-th block
2026-07-26 14:08:31.551 | INFO     | llmc.models.base_model:replace_module_subset:432 - replace >>> self_attn.v_proj in 27-th block
2026-07-26 14:08:31.551 | INFO     | llmc.models.base_model:replace_module_subset:432 - replace >>> self_attn.v_proj in 27-th block
2026-07-26 14:08:31.551 | INFO     | llmc.models.base_model:replace_module_subset:432 - replace >>> self_attn.o_proj in 27-th block
2026-07-26 14:08:31.551 | INFO     | llmc.models.base_model:replace_module_subset:432 - replace >>> self_attn.o_proj in 27-th block
2026-07-26 14:08:31.551 | INFO     | llmc.models.base_model:replace_module_subset:432 - replace >>> mlp.gate_proj in 27-th block
2026-07-26 14:08:31.551 | INFO     | llmc.models.base_model:replace_module_subset:432 - replace >>> mlp.gate_proj in 27-th block
2026-07-26 14:08:31.551 | INFO     | llmc.models.base_model:replace_module_subset:432 - replace >>> mlp.up_proj in 27-th block
2026-07-26 14:08:31.551 | INFO     | llmc.models.base_model:replace_module_subset:432 - replace >>> mlp.up_proj in 27-th block
2026-07-26 14:08:31.551 | INFO     | llmc.models.base_model:replace_module_subset:432 - replace >>> mlp.down_proj in 27-th block
2026-07-26 14:08:31.551 | INFO     | llmc.models.base_model:replace_module_subset:432 - replace >>> mlp.down_proj in 27-th block
/mnt/d/LightCompress/.venv-llmc/lib/python3.11/site-packages/torch/distributed/c10d_logger.py:83: UserWarning: barrier(): using the device under current context. You can specify `device_id` in `init_process_group` to mute this warning.
  return func(*args, **kwargs)
2026-07-26 14:08:32.956 | INFO     | llmc.compression.quantization.base_blockwise_quantization:deploy:971 - -- deploy_fake_quant_model start --
2026-07-26 14:08:32.956 | INFO     | llmc.compression.quantization.base_blockwise_quantization:deploy:971 - -- deploy_fake_quant_model start --
2026-07-26 14:08:32.957 | INFO     | llmc.compression.quantization.base_blockwise_quantization:deploy:972 - quant_config : {'method': 'GPTQ', 'weight': {'bit': 4, 'symmetric': False, 'granularity': 'per_group', 'group_size': 128, 'tp': 1}, 'special': {'actorder': True, 'static_groups': False, 'percdamp': 0.01, 'blocksize': 128, 'true_sequential': True}, 'quant_out': True, 'modality': 'language'}
2026-07-26 14:08:32.957 | INFO     | llmc.compression.quantization.base_blockwise_quantization:deploy:972 - quant_config : {'method': 'GPTQ', 'weight': {'bit': 4, 'symmetric': False, 'granularity': 'per_group', 'group_size': 128, 'tp': 1}, 'special': {'actorder': True, 'static_groups': False, 'percdamp': 0.01, 'blocksize': 128, 'true_sequential': True}, 'quant_out': True, 'modality': 'language'}
2026-07-26 14:08:32.957 | INFO     | llmc.models.base_model:add_layernorms_class:277 - _TRANSFORMERS_LN_TYPES_ : [<class 'torch.nn.modules.normalization.LayerNorm'>, <class 'transformers.models.llama.modeling_llama.LlamaRMSNorm'>]
2026-07-26 14:08:32.957 | INFO     | llmc.models.base_model:add_layernorms_class:277 - _TRANSFORMERS_LN_TYPES_ : [<class 'torch.nn.modules.normalization.LayerNorm'>, <class 'transformers.models.llama.modeling_llama.LlamaRMSNorm'>]
2026-07-26 14:08:32.957 | INFO     | llmc.compression.quantization.base_blockwise_quantization:deploy:991 - set modality: language
2026-07-26 14:08:32.957 | INFO     | llmc.compression.quantization.base_blockwise_quantization:deploy:991 - set modality: language
2026-07-26 14:08:32.957 | INFO     | llmc.models.base_model:replace_module_all:383 - Replace block index: 0/28
2026-07-26 14:08:32.957 | INFO     | llmc.models.base_model:replace_module_all:383 - Replace block index: 0/28
2026-07-26 14:08:33.155 | INFO     | llmc.models.base_model:replace_module_subset:432 - replace >>> self_attn.q_proj in 0-th block
2026-07-26 14:08:33.155 | INFO     | llmc.models.base_model:replace_module_subset:432 - replace >>> self_attn.q_proj in 0-th block
2026-07-26 14:08:33.156 | INFO     | llmc.models.base_model:replace_module_subset:432 - replace >>> self_attn.k_proj in 0-th block
2026-07-26 14:08:33.156 | INFO     | llmc.models.base_model:replace_module_subset:432 - replace >>> self_attn.k_proj in 0-th block
2026-07-26 14:08:33.156 | INFO     | llmc.models.base_model:replace_module_subset:432 - replace >>> self_attn.v_proj in 0-th block
2026-07-26 14:08:33.156 | INFO     | llmc.models.base_model:replace_module_subset:432 - replace >>> self_attn.v_proj in 0-th block
2026-07-26 14:08:33.157 | INFO     | llmc.models.base_model:replace_module_subset:432 - replace >>> self_attn.o_proj in 0-th block
2026-07-26 14:08:33.157 | INFO     | llmc.models.base_model:replace_module_subset:432 - replace >>> self_attn.o_proj in 0-th block
2026-07-26 14:08:33.163 | INFO     | llmc.models.base_model:replace_module_subset:432 - replace >>> mlp.gate_proj in 0-th block
2026-07-26 14:08:33.163 | INFO     | llmc.models.base_model:replace_module_subset:432 - replace >>> mlp.gate_proj in 0-th block
2026-07-26 14:08:33.165 | INFO     | llmc.models.base_model:replace_module_subset:432 - replace >>> mlp.up_proj in 0-th block
2026-07-26 14:08:33.165 | INFO     | llmc.models.base_model:replace_module_subset:432 - replace >>> mlp.up_proj in 0-th block
2026-07-26 14:08:33.165 | INFO     | llmc.models.base_model:replace_module_subset:432 - replace >>> mlp.down_proj in 0-th block
2026-07-26 14:08:33.165 | INFO     | llmc.models.base_model:replace_module_subset:432 - replace >>> mlp.down_proj in 0-th block
2026-07-26 14:08:33.451 | INFO     | llmc.models.base_model:replace_module_all:383 - Replace block index: 1/28
2026-07-26 14:08:33.451 | INFO     | llmc.models.base_model:replace_module_all:383 - Replace block index: 1/28
2026-07-26 14:08:33.567 | INFO     | llmc.models.base_model:replace_module_subset:432 - replace >>> self_attn.q_proj in 1-th block
2026-07-26 14:08:33.567 | INFO     | llmc.models.base_model:replace_module_subset:432 - replace >>> self_attn.q_proj in 1-th block
2026-07-26 14:08:33.568 | INFO     | llmc.models.base_model:replace_module_subset:432 - replace >>> self_attn.k_proj in 1-th block
2026-07-26 14:08:33.568 | INFO     | llmc.models.base_model:replace_module_subset:432 - replace >>> self_attn.k_proj in 1-th block
2026-07-26 14:08:33.569 | INFO     | llmc.models.base_model:replace_module_subset:432 - replace >>> self_attn.v_proj in 1-th block
2026-07-26 14:08:33.569 | INFO     | llmc.models.base_model:replace_module_subset:432 - replace >>> self_attn.v_proj in 1-th block
2026-07-26 14:08:33.571 | INFO     | llmc.models.base_model:replace_module_subset:432 - replace >>> self_attn.o_proj in 1-th block
2026-07-26 14:08:33.571 | INFO     | llmc.models.base_model:replace_module_subset:432 - replace >>> self_attn.o_proj in 1-th block
2026-07-26 14:08:33.575 | INFO     | llmc.models.base_model:replace_module_subset:432 - replace >>> mlp.gate_proj in 1-th block
2026-07-26 14:08:33.575 | INFO     | llmc.models.base_model:replace_module_subset:432 - replace >>> mlp.gate_proj in 1-th block
2026-07-26 14:08:33.577 | INFO     | llmc.models.base_model:replace_module_subset:432 - replace >>> mlp.up_proj in 1-th block
2026-07-26 14:08:33.577 | INFO     | llmc.models.base_model:replace_module_subset:432 - replace >>> mlp.up_proj in 1-th block
2026-07-26 14:08:33.577 | INFO     | llmc.models.base_model:replace_module_subset:432 - replace >>> mlp.down_proj in 1-th block
2026-07-26 14:08:33.577 | INFO     | llmc.models.base_model:replace_module_subset:432 - replace >>> mlp.down_proj in 1-th block
2026-07-26 14:08:33.858 | INFO     | llmc.models.base_model:replace_module_all:383 - Replace block index: 2/28
2026-07-26 14:08:33.858 | INFO     | llmc.models.base_model:replace_module_all:383 - Replace block index: 2/28
2026-07-26 14:08:34.004 | INFO     | llmc.models.base_model:replace_module_subset:432 - replace >>> self_attn.q_proj in 2-th block
2026-07-26 14:08:34.004 | INFO     | llmc.models.base_model:replace_module_subset:432 - replace >>> self_attn.q_proj in 2-th block
2026-07-26 14:08:34.004 | INFO     | llmc.models.base_model:replace_module_subset:432 - replace >>> self_attn.k_proj in 2-th block
2026-07-26 14:08:34.004 | INFO     | llmc.models.base_model:replace_module_subset:432 - replace >>> self_attn.k_proj in 2-th block
2026-07-26 14:08:34.004 | INFO     | llmc.models.base_model:replace_module_subset:432 - replace >>> self_attn.v_proj in 2-th block
2026-07-26 14:08:34.004 | INFO     | llmc.models.base_model:replace_module_subset:432 - replace >>> self_attn.v_proj in 2-th block
2026-07-26 14:08:34.005 | INFO     | llmc.models.base_model:replace_module_subset:432 - replace >>> self_attn.o_proj in 2-th block
2026-07-26 14:08:34.005 | INFO     | llmc.models.base_model:replace_module_subset:432 - replace >>> self_attn.o_proj in 2-th block
2026-07-26 14:08:34.010 | INFO     | llmc.models.base_model:replace_module_subset:432 - replace >>> mlp.gate_proj in 2-th block
2026-07-26 14:08:34.010 | INFO     | llmc.models.base_model:replace_module_subset:432 - replace >>> mlp.gate_proj in 2-th block
2026-07-26 14:08:34.012 | INFO     | llmc.models.base_model:replace_module_subset:432 - replace >>> mlp.up_proj in 2-th block
2026-07-26 14:08:34.012 | INFO     | llmc.models.base_model:replace_module_subset:432 - replace >>> mlp.up_proj in 2-th block
2026-07-26 14:08:34.012 | INFO     | llmc.models.base_model:replace_module_subset:432 - replace >>> mlp.down_proj in 2-th block
2026-07-26 14:08:34.012 | INFO     | llmc.models.base_model:replace_module_subset:432 - replace >>> mlp.down_proj in 2-th block
2026-07-26 14:08:34.304 | INFO     | llmc.models.base_model:replace_module_all:383 - Replace block index: 3/28
2026-07-26 14:08:34.304 | INFO     | llmc.models.base_model:replace_module_all:383 - Replace block index: 3/28
2026-07-26 14:08:34.431 | INFO     | llmc.models.base_model:replace_module_subset:432 - replace >>> self_attn.q_proj in 3-th block
2026-07-26 14:08:34.431 | INFO     | llmc.models.base_model:replace_module_subset:432 - replace >>> self_attn.q_proj in 3-th block
2026-07-26 14:08:34.431 | INFO     | llmc.models.base_model:replace_module_subset:432 - replace >>> self_attn.k_proj in 3-th block
2026-07-26 14:08:34.431 | INFO     | llmc.models.base_model:replace_module_subset:432 - replace >>> self_attn.k_proj in 3-th block
2026-07-26 14:08:34.431 | INFO     | llmc.models.base_model:replace_module_subset:432 - replace >>> self_attn.v_proj in 3-th block
2026-07-26 14:08:34.431 | INFO     | llmc.models.base_model:replace_module_subset:432 - replace >>> self_attn.v_proj in 3-th block
2026-07-26 14:08:34.432 | INFO     | llmc.models.base_model:replace_module_subset:432 - replace >>> self_attn.o_proj in 3-th block
2026-07-26 14:08:34.432 | INFO     | llmc.models.base_model:replace_module_subset:432 - replace >>> self_attn.o_proj in 3-th block
2026-07-26 14:08:34.437 | INFO     | llmc.models.base_model:replace_module_subset:432 - replace >>> mlp.gate_proj in 3-th block
2026-07-26 14:08:34.437 | INFO     | llmc.models.base_model:replace_module_subset:432 - replace >>> mlp.gate_proj in 3-th block
2026-07-26 14:08:34.439 | INFO     | llmc.models.base_model:replace_module_subset:432 - replace >>> mlp.up_proj in 3-th block
2026-07-26 14:08:34.439 | INFO     | llmc.models.base_model:replace_module_subset:432 - replace >>> mlp.up_proj in 3-th block
2026-07-26 14:08:34.439 | INFO     | llmc.models.base_model:replace_module_subset:432 - replace >>> mlp.down_proj in 3-th block
2026-07-26 14:08:34.439 | INFO     | llmc.models.base_model:replace_module_subset:432 - replace >>> mlp.down_proj in 3-th block
2026-07-26 14:08:34.725 | INFO     | llmc.models.base_model:replace_module_all:383 - Replace block index: 4/28
2026-07-26 14:08:34.725 | INFO     | llmc.models.base_model:replace_module_all:383 - Replace block index: 4/28
2026-07-26 14:08:34.851 | INFO     | llmc.models.base_model:replace_module_subset:432 - replace >>> self_attn.q_proj in 4-th block
2026-07-26 14:08:34.851 | INFO     | llmc.models.base_model:replace_module_subset:432 - replace >>> self_attn.q_proj in 4-th block
2026-07-26 14:08:34.852 | INFO     | llmc.models.base_model:replace_module_subset:432 - replace >>> self_attn.k_proj in 4-th block
2026-07-26 14:08:34.852 | INFO     | llmc.models.base_model:replace_module_subset:432 - replace >>> self_attn.k_proj in 4-th block
2026-07-26 14:08:34.852 | INFO     | llmc.models.base_model:replace_module_subset:432 - replace >>> self_attn.v_proj in 4-th block
2026-07-26 14:08:34.852 | INFO     | llmc.models.base_model:replace_module_subset:432 - replace >>> self_attn.v_proj in 4-th block
2026-07-26 14:08:34.854 | INFO     | llmc.models.base_model:replace_module_subset:432 - replace >>> self_attn.o_proj in 4-th block
2026-07-26 14:08:34.854 | INFO     | llmc.models.base_model:replace_module_subset:432 - replace >>> self_attn.o_proj in 4-th block
2026-07-26 14:08:34.859 | INFO     | llmc.models.base_model:replace_module_subset:432 - replace >>> mlp.gate_proj in 4-th block
2026-07-26 14:08:34.859 | INFO     | llmc.models.base_model:replace_module_subset:432 - replace >>> mlp.gate_proj in 4-th block
2026-07-26 14:08:34.861 | INFO     | llmc.models.base_model:replace_module_subset:432 - replace >>> mlp.up_proj in 4-th block
2026-07-26 14:08:34.861 | INFO     | llmc.models.base_model:replace_module_subset:432 - replace >>> mlp.up_proj in 4-th block
2026-07-26 14:08:34.861 | INFO     | llmc.models.base_model:replace_module_subset:432 - replace >>> mlp.down_proj in 4-th block
2026-07-26 14:08:34.861 | INFO     | llmc.models.base_model:replace_module_subset:432 - replace >>> mlp.down_proj in 4-th block
2026-07-26 14:08:35.147 | INFO     | llmc.models.base_model:replace_module_all:383 - Replace block index: 5/28
2026-07-26 14:08:35.147 | INFO     | llmc.models.base_model:replace_module_all:383 - Replace block index: 5/28
2026-07-26 14:08:35.338 | INFO     | llmc.models.base_model:replace_module_subset:432 - replace >>> self_attn.q_proj in 5-th block
2026-07-26 14:08:35.338 | INFO     | llmc.models.base_model:replace_module_subset:432 - replace >>> self_attn.q_proj in 5-th block
2026-07-26 14:08:35.338 | INFO     | llmc.models.base_model:replace_module_subset:432 - replace >>> self_attn.k_proj in 5-th block
2026-07-26 14:08:35.338 | INFO     | llmc.models.base_model:replace_module_subset:432 - replace >>> self_attn.k_proj in 5-th block
2026-07-26 14:08:35.339 | INFO     | llmc.models.base_model:replace_module_subset:432 - replace >>> self_attn.v_proj in 5-th block
2026-07-26 14:08:35.339 | INFO     | llmc.models.base_model:replace_module_subset:432 - replace >>> self_attn.v_proj in 5-th block
2026-07-26 14:08:35.340 | INFO     | llmc.models.base_model:replace_module_subset:432 - replace >>> self_attn.o_proj in 5-th block
2026-07-26 14:08:35.340 | INFO     | llmc.models.base_model:replace_module_subset:432 - replace >>> self_attn.o_proj in 5-th block
2026-07-26 14:08:35.345 | INFO     | llmc.models.base_model:replace_module_subset:432 - replace >>> mlp.gate_proj in 5-th block
2026-07-26 14:08:35.345 | INFO     | llmc.models.base_model:replace_module_subset:432 - replace >>> mlp.gate_proj in 5-th block
2026-07-26 14:08:35.347 | INFO     | llmc.models.base_model:replace_module_subset:432 - replace >>> mlp.up_proj in 5-th block
2026-07-26 14:08:35.347 | INFO     | llmc.models.base_model:replace_module_subset:432 - replace >>> mlp.up_proj in 5-th block
2026-07-26 14:08:35.347 | INFO     | llmc.models.base_model:replace_module_subset:432 - replace >>> mlp.down_proj in 5-th block
2026-07-26 14:08:35.347 | INFO     | llmc.models.base_model:replace_module_subset:432 - replace >>> mlp.down_proj in 5-th block
2026-07-26 14:08:35.651 | INFO     | llmc.models.base_model:replace_module_all:383 - Replace block index: 6/28
2026-07-26 14:08:35.651 | INFO     | llmc.models.base_model:replace_module_all:383 - Replace block index: 6/28
2026-07-26 14:08:35.845 | INFO     | llmc.models.base_model:replace_module_subset:432 - replace >>> self_attn.q_proj in 6-th block
2026-07-26 14:08:35.845 | INFO     | llmc.models.base_model:replace_module_subset:432 - replace >>> self_attn.q_proj in 6-th block
2026-07-26 14:08:35.845 | INFO     | llmc.models.base_model:replace_module_subset:432 - replace >>> self_attn.k_proj in 6-th block
2026-07-26 14:08:35.845 | INFO     | llmc.models.base_model:replace_module_subset:432 - replace >>> self_attn.k_proj in 6-th block
2026-07-26 14:08:35.846 | INFO     | llmc.models.base_model:replace_module_subset:432 - replace >>> self_attn.v_proj in 6-th block
2026-07-26 14:08:35.846 | INFO     | llmc.models.base_model:replace_module_subset:432 - replace >>> self_attn.v_proj in 6-th block
2026-07-26 14:08:35.847 | INFO     | llmc.models.base_model:replace_module_subset:432 - replace >>> self_attn.o_proj in 6-th block
2026-07-26 14:08:35.847 | INFO     | llmc.models.base_model:replace_module_subset:432 - replace >>> self_attn.o_proj in 6-th block
2026-07-26 14:08:35.852 | INFO     | llmc.models.base_model:replace_module_subset:432 - replace >>> mlp.gate_proj in 6-th block
2026-07-26 14:08:35.852 | INFO     | llmc.models.base_model:replace_module_subset:432 - replace >>> mlp.gate_proj in 6-th block
2026-07-26 14:08:35.854 | INFO     | llmc.models.base_model:replace_module_subset:432 - replace >>> mlp.up_proj in 6-th block
2026-07-26 14:08:35.854 | INFO     | llmc.models.base_model:replace_module_subset:432 - replace >>> mlp.up_proj in 6-th block
2026-07-26 14:08:35.854 | INFO     | llmc.models.base_model:replace_module_subset:432 - replace >>> mlp.down_proj in 6-th block
2026-07-26 14:08:35.854 | INFO     | llmc.models.base_model:replace_module_subset:432 - replace >>> mlp.down_proj in 6-th block
2026-07-26 14:08:36.145 | INFO     | llmc.models.base_model:replace_module_all:383 - Replace block index: 7/28
2026-07-26 14:08:36.145 | INFO     | llmc.models.base_model:replace_module_all:383 - Replace block index: 7/28
2026-07-26 14:08:36.380 | INFO     | llmc.models.base_model:replace_module_subset:432 - replace >>> self_attn.q_proj in 7-th block
2026-07-26 14:08:36.380 | INFO     | llmc.models.base_model:replace_module_subset:432 - replace >>> self_attn.q_proj in 7-th block
2026-07-26 14:08:36.381 | INFO     | llmc.models.base_model:replace_module_subset:432 - replace >>> self_attn.k_proj in 7-th block
2026-07-26 14:08:36.381 | INFO     | llmc.models.base_model:replace_module_subset:432 - replace >>> self_attn.k_proj in 7-th block
2026-07-26 14:08:36.381 | INFO     | llmc.models.base_model:replace_module_subset:432 - replace >>> self_attn.v_proj in 7-th block
2026-07-26 14:08:36.381 | INFO     | llmc.models.base_model:replace_module_subset:432 - replace >>> self_attn.v_proj in 7-th block
2026-07-26 14:08:36.382 | INFO     | llmc.models.base_model:replace_module_subset:432 - replace >>> self_attn.o_proj in 7-th block
2026-07-26 14:08:36.382 | INFO     | llmc.models.base_model:replace_module_subset:432 - replace >>> self_attn.o_proj in 7-th block
2026-07-26 14:08:36.387 | INFO     | llmc.models.base_model:replace_module_subset:432 - replace >>> mlp.gate_proj in 7-th block
2026-07-26 14:08:36.387 | INFO     | llmc.models.base_model:replace_module_subset:432 - replace >>> mlp.gate_proj in 7-th block
2026-07-26 14:08:36.388 | INFO     | llmc.models.base_model:replace_module_subset:432 - replace >>> mlp.up_proj in 7-th block
2026-07-26 14:08:36.388 | INFO     | llmc.models.base_model:replace_module_subset:432 - replace >>> mlp.up_proj in 7-th block
2026-07-26 14:08:36.388 | INFO     | llmc.models.base_model:replace_module_subset:432 - replace >>> mlp.down_proj in 7-th block
2026-07-26 14:08:36.388 | INFO     | llmc.models.base_model:replace_module_subset:432 - replace >>> mlp.down_proj in 7-th block
2026-07-26 14:08:36.675 | INFO     | llmc.models.base_model:replace_module_all:383 - Replace block index: 8/28
2026-07-26 14:08:36.675 | INFO     | llmc.models.base_model:replace_module_all:383 - Replace block index: 8/28
2026-07-26 14:08:36.832 | INFO     | llmc.models.base_model:replace_module_subset:432 - replace >>> self_attn.q_proj in 8-th block
2026-07-26 14:08:36.832 | INFO     | llmc.models.base_model:replace_module_subset:432 - replace >>> self_attn.q_proj in 8-th block
2026-07-26 14:08:36.833 | INFO     | llmc.models.base_model:replace_module_subset:432 - replace >>> self_attn.k_proj in 8-th block
2026-07-26 14:08:36.833 | INFO     | llmc.models.base_model:replace_module_subset:432 - replace >>> self_attn.k_proj in 8-th block
2026-07-26 14:08:36.834 | INFO     | llmc.models.base_model:replace_module_subset:432 - replace >>> self_attn.v_proj in 8-th block
2026-07-26 14:08:36.834 | INFO     | llmc.models.base_model:replace_module_subset:432 - replace >>> self_attn.v_proj in 8-th block
2026-07-26 14:08:36.836 | INFO     | llmc.models.base_model:replace_module_subset:432 - replace >>> self_attn.o_proj in 8-th block
2026-07-26 14:08:36.836 | INFO     | llmc.models.base_model:replace_module_subset:432 - replace >>> self_attn.o_proj in 8-th block
2026-07-26 14:08:36.841 | INFO     | llmc.models.base_model:replace_module_subset:432 - replace >>> mlp.gate_proj in 8-th block
2026-07-26 14:08:36.841 | INFO     | llmc.models.base_model:replace_module_subset:432 - replace >>> mlp.gate_proj in 8-th block
2026-07-26 14:08:36.843 | INFO     | llmc.models.base_model:replace_module_subset:432 - replace >>> mlp.up_proj in 8-th block
2026-07-26 14:08:36.843 | INFO     | llmc.models.base_model:replace_module_subset:432 - replace >>> mlp.up_proj in 8-th block
2026-07-26 14:08:36.843 | INFO     | llmc.models.base_model:replace_module_subset:432 - replace >>> mlp.down_proj in 8-th block
2026-07-26 14:08:36.843 | INFO     | llmc.models.base_model:replace_module_subset:432 - replace >>> mlp.down_proj in 8-th block
2026-07-26 14:08:37.144 | INFO     | llmc.models.base_model:replace_module_all:383 - Replace block index: 9/28
2026-07-26 14:08:37.144 | INFO     | llmc.models.base_model:replace_module_all:383 - Replace block index: 9/28
2026-07-26 14:08:37.289 | INFO     | llmc.models.base_model:replace_module_subset:432 - replace >>> self_attn.q_proj in 9-th block
2026-07-26 14:08:37.289 | INFO     | llmc.models.base_model:replace_module_subset:432 - replace >>> self_attn.q_proj in 9-th block
2026-07-26 14:08:37.289 | INFO     | llmc.models.base_model:replace_module_subset:432 - replace >>> self_attn.k_proj in 9-th block
2026-07-26 14:08:37.289 | INFO     | llmc.models.base_model:replace_module_subset:432 - replace >>> self_attn.k_proj in 9-th block
2026-07-26 14:08:37.290 | INFO     | llmc.models.base_model:replace_module_subset:432 - replace >>> self_attn.v_proj in 9-th block
2026-07-26 14:08:37.290 | INFO     | llmc.models.base_model:replace_module_subset:432 - replace >>> self_attn.v_proj in 9-th block
2026-07-26 14:08:37.291 | INFO     | llmc.models.base_model:replace_module_subset:432 - replace >>> self_attn.o_proj in 9-th block
2026-07-26 14:08:37.291 | INFO     | llmc.models.base_model:replace_module_subset:432 - replace >>> self_attn.o_proj in 9-th block
2026-07-26 14:08:37.296 | INFO     | llmc.models.base_model:replace_module_subset:432 - replace >>> mlp.gate_proj in 9-th block
2026-07-26 14:08:37.296 | INFO     | llmc.models.base_model:replace_module_subset:432 - replace >>> mlp.gate_proj in 9-th block
2026-07-26 14:08:37.298 | INFO     | llmc.models.base_model:replace_module_subset:432 - replace >>> mlp.up_proj in 9-th block
2026-07-26 14:08:37.298 | INFO     | llmc.models.base_model:replace_module_subset:432 - replace >>> mlp.up_proj in 9-th block
2026-07-26 14:08:37.298 | INFO     | llmc.models.base_model:replace_module_subset:432 - replace >>> mlp.down_proj in 9-th block
2026-07-26 14:08:37.298 | INFO     | llmc.models.base_model:replace_module_subset:432 - replace >>> mlp.down_proj in 9-th block
2026-07-26 14:08:37.587 | INFO     | llmc.models.base_model:replace_module_all:383 - Replace block index: 10/28
2026-07-26 14:08:37.587 | INFO     | llmc.models.base_model:replace_module_all:383 - Replace block index: 10/28
2026-07-26 14:08:37.711 | INFO     | llmc.models.base_model:replace_module_subset:432 - replace >>> self_attn.q_proj in 10-th block
2026-07-26 14:08:37.711 | INFO     | llmc.models.base_model:replace_module_subset:432 - replace >>> self_attn.q_proj in 10-th block
2026-07-26 14:08:37.711 | INFO     | llmc.models.base_model:replace_module_subset:432 - replace >>> self_attn.k_proj in 10-th block
2026-07-26 14:08:37.711 | INFO     | llmc.models.base_model:replace_module_subset:432 - replace >>> self_attn.k_proj in 10-th block
2026-07-26 14:08:37.711 | INFO     | llmc.models.base_model:replace_module_subset:432 - replace >>> self_attn.v_proj in 10-th block
2026-07-26 14:08:37.711 | INFO     | llmc.models.base_model:replace_module_subset:432 - replace >>> self_attn.v_proj in 10-th block
2026-07-26 14:08:37.712 | INFO     | llmc.models.base_model:replace_module_subset:432 - replace >>> self_attn.o_proj in 10-th block
2026-07-26 14:08:37.712 | INFO     | llmc.models.base_model:replace_module_subset:432 - replace >>> self_attn.o_proj in 10-th block
2026-07-26 14:08:37.717 | INFO     | llmc.models.base_model:replace_module_subset:432 - replace >>> mlp.gate_proj in 10-th block
2026-07-26 14:08:37.717 | INFO     | llmc.models.base_model:replace_module_subset:432 - replace >>> mlp.gate_proj in 10-th block
2026-07-26 14:08:37.719 | INFO     | llmc.models.base_model:replace_module_subset:432 - replace >>> mlp.up_proj in 10-th block
2026-07-26 14:08:37.719 | INFO     | llmc.models.base_model:replace_module_subset:432 - replace >>> mlp.up_proj in 10-th block
2026-07-26 14:08:37.719 | INFO     | llmc.models.base_model:replace_module_subset:432 - replace >>> mlp.down_proj in 10-th block
2026-07-26 14:08:37.719 | INFO     | llmc.models.base_model:replace_module_subset:432 - replace >>> mlp.down_proj in 10-th block
2026-07-26 14:08:38.006 | INFO     | llmc.models.base_model:replace_module_all:383 - Replace block index: 11/28
2026-07-26 14:08:38.006 | INFO     | llmc.models.base_model:replace_module_all:383 - Replace block index: 11/28
2026-07-26 14:08:38.140 | INFO     | llmc.models.base_model:replace_module_subset:432 - replace >>> self_attn.q_proj in 11-th block
2026-07-26 14:08:38.140 | INFO     | llmc.models.base_model:replace_module_subset:432 - replace >>> self_attn.q_proj in 11-th block
2026-07-26 14:08:38.141 | INFO     | llmc.models.base_model:replace_module_subset:432 - replace >>> self_attn.k_proj in 11-th block
2026-07-26 14:08:38.141 | INFO     | llmc.models.base_model:replace_module_subset:432 - replace >>> self_attn.k_proj in 11-th block
2026-07-26 14:08:38.141 | INFO     | llmc.models.base_model:replace_module_subset:432 - replace >>> self_attn.v_proj in 11-th block
2026-07-26 14:08:38.141 | INFO     | llmc.models.base_model:replace_module_subset:432 - replace >>> self_attn.v_proj in 11-th block
2026-07-26 14:08:38.142 | INFO     | llmc.models.base_model:replace_module_subset:432 - replace >>> self_attn.o_proj in 11-th block
2026-07-26 14:08:38.142 | INFO     | llmc.models.base_model:replace_module_subset:432 - replace >>> self_attn.o_proj in 11-th block
2026-07-26 14:08:38.147 | INFO     | llmc.models.base_model:replace_module_subset:432 - replace >>> mlp.gate_proj in 11-th block
2026-07-26 14:08:38.147 | INFO     | llmc.models.base_model:replace_module_subset:432 - replace >>> mlp.gate_proj in 11-th block
2026-07-26 14:08:38.149 | INFO     | llmc.models.base_model:replace_module_subset:432 - replace >>> mlp.up_proj in 11-th block
2026-07-26 14:08:38.149 | INFO     | llmc.models.base_model:replace_module_subset:432 - replace >>> mlp.up_proj in 11-th block
2026-07-26 14:08:38.149 | INFO     | llmc.models.base_model:replace_module_subset:432 - replace >>> mlp.down_proj in 11-th block
2026-07-26 14:08:38.149 | INFO     | llmc.models.base_model:replace_module_subset:432 - replace >>> mlp.down_proj in 11-th block
2026-07-26 14:08:38.432 | INFO     | llmc.models.base_model:replace_module_all:383 - Replace block index: 12/28
2026-07-26 14:08:38.432 | INFO     | llmc.models.base_model:replace_module_all:383 - Replace block index: 12/28
2026-07-26 14:08:38.550 | INFO     | llmc.models.base_model:replace_module_subset:432 - replace >>> self_attn.q_proj in 12-th block
2026-07-26 14:08:38.550 | INFO     | llmc.models.base_model:replace_module_subset:432 - replace >>> self_attn.q_proj in 12-th block
2026-07-26 14:08:38.550 | INFO     | llmc.models.base_model:replace_module_subset:432 - replace >>> self_attn.k_proj in 12-th block
2026-07-26 14:08:38.550 | INFO     | llmc.models.base_model:replace_module_subset:432 - replace >>> self_attn.k_proj in 12-th block
2026-07-26 14:08:38.551 | INFO     | llmc.models.base_model:replace_module_subset:432 - replace >>> self_attn.v_proj in 12-th block
2026-07-26 14:08:38.551 | INFO     | llmc.models.base_model:replace_module_subset:432 - replace >>> self_attn.v_proj in 12-th block
2026-07-26 14:08:38.553 | INFO     | llmc.models.base_model:replace_module_subset:432 - replace >>> self_attn.o_proj in 12-th block
2026-07-26 14:08:38.553 | INFO     | llmc.models.base_model:replace_module_subset:432 - replace >>> self_attn.o_proj in 12-th block
2026-07-26 14:08:38.558 | INFO     | llmc.models.base_model:replace_module_subset:432 - replace >>> mlp.gate_proj in 12-th block
2026-07-26 14:08:38.558 | INFO     | llmc.models.base_model:replace_module_subset:432 - replace >>> mlp.gate_proj in 12-th block
2026-07-26 14:08:38.560 | INFO     | llmc.models.base_model:replace_module_subset:432 - replace >>> mlp.up_proj in 12-th block
2026-07-26 14:08:38.560 | INFO     | llmc.models.base_model:replace_module_subset:432 - replace >>> mlp.up_proj in 12-th block
2026-07-26 14:08:38.560 | INFO     | llmc.models.base_model:replace_module_subset:432 - replace >>> mlp.down_proj in 12-th block
2026-07-26 14:08:38.560 | INFO     | llmc.models.base_model:replace_module_subset:432 - replace >>> mlp.down_proj in 12-th block
2026-07-26 14:08:38.854 | INFO     | llmc.models.base_model:replace_module_all:383 - Replace block index: 13/28
2026-07-26 14:08:38.854 | INFO     | llmc.models.base_model:replace_module_all:383 - Replace block index: 13/28
2026-07-26 14:08:39.048 | INFO     | llmc.models.base_model:replace_module_subset:432 - replace >>> self_attn.q_proj in 13-th block
2026-07-26 14:08:39.048 | INFO     | llmc.models.base_model:replace_module_subset:432 - replace >>> self_attn.q_proj in 13-th block
2026-07-26 14:08:39.048 | INFO     | llmc.models.base_model:replace_module_subset:432 - replace >>> self_attn.k_proj in 13-th block
2026-07-26 14:08:39.048 | INFO     | llmc.models.base_model:replace_module_subset:432 - replace >>> self_attn.k_proj in 13-th block
2026-07-26 14:08:39.049 | INFO     | llmc.models.base_model:replace_module_subset:432 - replace >>> self_attn.v_proj in 13-th block
2026-07-26 14:08:39.049 | INFO     | llmc.models.base_model:replace_module_subset:432 - replace >>> self_attn.v_proj in 13-th block
2026-07-26 14:08:39.050 | INFO     | llmc.models.base_model:replace_module_subset:432 - replace >>> self_attn.o_proj in 13-th block
2026-07-26 14:08:39.050 | INFO     | llmc.models.base_model:replace_module_subset:432 - replace >>> self_attn.o_proj in 13-th block
2026-07-26 14:08:39.054 | INFO     | llmc.models.base_model:replace_module_subset:432 - replace >>> mlp.gate_proj in 13-th block
2026-07-26 14:08:39.054 | INFO     | llmc.models.base_model:replace_module_subset:432 - replace >>> mlp.gate_proj in 13-th block
2026-07-26 14:08:39.056 | INFO     | llmc.models.base_model:replace_module_subset:432 - replace >>> mlp.up_proj in 13-th block
2026-07-26 14:08:39.056 | INFO     | llmc.models.base_model:replace_module_subset:432 - replace >>> mlp.up_proj in 13-th block
2026-07-26 14:08:39.057 | INFO     | llmc.models.base_model:replace_module_subset:432 - replace >>> mlp.down_proj in 13-th block
2026-07-26 14:08:39.057 | INFO     | llmc.models.base_model:replace_module_subset:432 - replace >>> mlp.down_proj in 13-th block
2026-07-26 14:08:39.351 | INFO     | llmc.models.base_model:replace_module_all:383 - Replace block index: 14/28
2026-07-26 14:08:39.351 | INFO     | llmc.models.base_model:replace_module_all:383 - Replace block index: 14/28
2026-07-26 14:08:39.484 | INFO     | llmc.models.base_model:replace_module_subset:432 - replace >>> self_attn.q_proj in 14-th block
2026-07-26 14:08:39.484 | INFO     | llmc.models.base_model:replace_module_subset:432 - replace >>> self_attn.q_proj in 14-th block
2026-07-26 14:08:39.484 | INFO     | llmc.models.base_model:replace_module_subset:432 - replace >>> self_attn.k_proj in 14-th block
2026-07-26 14:08:39.484 | INFO     | llmc.models.base_model:replace_module_subset:432 - replace >>> self_attn.k_proj in 14-th block
2026-07-26 14:08:39.485 | INFO     | llmc.models.base_model:replace_module_subset:432 - replace >>> self_attn.v_proj in 14-th block
2026-07-26 14:08:39.485 | INFO     | llmc.models.base_model:replace_module_subset:432 - replace >>> self_attn.v_proj in 14-th block
2026-07-26 14:08:39.486 | INFO     | llmc.models.base_model:replace_module_subset:432 - replace >>> self_attn.o_proj in 14-th block
2026-07-26 14:08:39.486 | INFO     | llmc.models.base_model:replace_module_subset:432 - replace >>> self_attn.o_proj in 14-th block
2026-07-26 14:08:39.494 | INFO     | llmc.models.base_model:replace_module_subset:432 - replace >>> mlp.gate_proj in 14-th block
2026-07-26 14:08:39.494 | INFO     | llmc.models.base_model:replace_module_subset:432 - replace >>> mlp.gate_proj in 14-th block
2026-07-26 14:08:39.498 | INFO     | llmc.models.base_model:replace_module_subset:432 - replace >>> mlp.up_proj in 14-th block
2026-07-26 14:08:39.498 | INFO     | llmc.models.base_model:replace_module_subset:432 - replace >>> mlp.up_proj in 14-th block
2026-07-26 14:08:39.498 | INFO     | llmc.models.base_model:replace_module_subset:432 - replace >>> mlp.down_proj in 14-th block
2026-07-26 14:08:39.498 | INFO     | llmc.models.base_model:replace_module_subset:432 - replace >>> mlp.down_proj in 14-th block
2026-07-26 14:08:39.788 | INFO     | llmc.models.base_model:replace_module_all:383 - Replace block index: 15/28
2026-07-26 14:08:39.788 | INFO     | llmc.models.base_model:replace_module_all:383 - Replace block index: 15/28
2026-07-26 14:08:39.893 | INFO     | llmc.models.base_model:replace_module_subset:432 - replace >>> self_attn.q_proj in 15-th block
2026-07-26 14:08:39.893 | INFO     | llmc.models.base_model:replace_module_subset:432 - replace >>> self_attn.q_proj in 15-th block
2026-07-26 14:08:39.894 | INFO     | llmc.models.base_model:replace_module_subset:432 - replace >>> self_attn.k_proj in 15-th block
2026-07-26 14:08:39.894 | INFO     | llmc.models.base_model:replace_module_subset:432 - replace >>> self_attn.k_proj in 15-th block
2026-07-26 14:08:39.894 | INFO     | llmc.models.base_model:replace_module_subset:432 - replace >>> self_attn.v_proj in 15-th block
2026-07-26 14:08:39.894 | INFO     | llmc.models.base_model:replace_module_subset:432 - replace >>> self_attn.v_proj in 15-th block
2026-07-26 14:08:39.896 | INFO     | llmc.models.base_model:replace_module_subset:432 - replace >>> self_attn.o_proj in 15-th block
2026-07-26 14:08:39.896 | INFO     | llmc.models.base_model:replace_module_subset:432 - replace >>> self_attn.o_proj in 15-th block
2026-07-26 14:08:39.901 | INFO     | llmc.models.base_model:replace_module_subset:432 - replace >>> mlp.gate_proj in 15-th block
2026-07-26 14:08:39.901 | INFO     | llmc.models.base_model:replace_module_subset:432 - replace >>> mlp.gate_proj in 15-th block
2026-07-26 14:08:39.911 | INFO     | llmc.models.base_model:replace_module_subset:432 - replace >>> mlp.up_proj in 15-th block
2026-07-26 14:08:39.911 | INFO     | llmc.models.base_model:replace_module_subset:432 - replace >>> mlp.up_proj in 15-th block
2026-07-26 14:08:39.912 | INFO     | llmc.models.base_model:replace_module_subset:432 - replace >>> mlp.down_proj in 15-th block
2026-07-26 14:08:39.912 | INFO     | llmc.models.base_model:replace_module_subset:432 - replace >>> mlp.down_proj in 15-th block
2026-07-26 14:08:40.201 | INFO     | llmc.models.base_model:replace_module_all:383 - Replace block index: 16/28
2026-07-26 14:08:40.201 | INFO     | llmc.models.base_model:replace_module_all:383 - Replace block index: 16/28
2026-07-26 14:08:40.302 | INFO     | llmc.models.base_model:replace_module_subset:432 - replace >>> self_attn.q_proj in 16-th block
2026-07-26 14:08:40.302 | INFO     | llmc.models.base_model:replace_module_subset:432 - replace >>> self_attn.q_proj in 16-th block
2026-07-26 14:08:40.302 | INFO     | llmc.models.base_model:replace_module_subset:432 - replace >>> self_attn.k_proj in 16-th block
2026-07-26 14:08:40.302 | INFO     | llmc.models.base_model:replace_module_subset:432 - replace >>> self_attn.k_proj in 16-th block
2026-07-26 14:08:40.303 | INFO     | llmc.models.base_model:replace_module_subset:432 - replace >>> self_attn.v_proj in 16-th block
2026-07-26 14:08:40.303 | INFO     | llmc.models.base_model:replace_module_subset:432 - replace >>> self_attn.v_proj in 16-th block
2026-07-26 14:08:40.304 | INFO     | llmc.models.base_model:replace_module_subset:432 - replace >>> self_attn.o_proj in 16-th block
2026-07-26 14:08:40.304 | INFO     | llmc.models.base_model:replace_module_subset:432 - replace >>> self_attn.o_proj in 16-th block
2026-07-26 14:08:40.309 | INFO     | llmc.models.base_model:replace_module_subset:432 - replace >>> mlp.gate_proj in 16-th block
2026-07-26 14:08:40.309 | INFO     | llmc.models.base_model:replace_module_subset:432 - replace >>> mlp.gate_proj in 16-th block
2026-07-26 14:08:40.311 | INFO     | llmc.models.base_model:replace_module_subset:432 - replace >>> mlp.up_proj in 16-th block
2026-07-26 14:08:40.311 | INFO     | llmc.models.base_model:replace_module_subset:432 - replace >>> mlp.up_proj in 16-th block
2026-07-26 14:08:40.311 | INFO     | llmc.models.base_model:replace_module_subset:432 - replace >>> mlp.down_proj in 16-th block
2026-07-26 14:08:40.311 | INFO     | llmc.models.base_model:replace_module_subset:432 - replace >>> mlp.down_proj in 16-th block
2026-07-26 14:08:40.595 | INFO     | llmc.models.base_model:replace_module_all:383 - Replace block index: 17/28
2026-07-26 14:08:40.595 | INFO     | llmc.models.base_model:replace_module_all:383 - Replace block index: 17/28
2026-07-26 14:08:40.693 | INFO     | llmc.models.base_model:replace_module_subset:432 - replace >>> self_attn.q_proj in 17-th block
2026-07-26 14:08:40.693 | INFO     | llmc.models.base_model:replace_module_subset:432 - replace >>> self_attn.q_proj in 17-th block
2026-07-26 14:08:40.693 | INFO     | llmc.models.base_model:replace_module_subset:432 - replace >>> self_attn.k_proj in 17-th block
2026-07-26 14:08:40.693 | INFO     | llmc.models.base_model:replace_module_subset:432 - replace >>> self_attn.k_proj in 17-th block
2026-07-26 14:08:40.695 | INFO     | llmc.models.base_model:replace_module_subset:432 - replace >>> self_attn.v_proj in 17-th block
2026-07-26 14:08:40.695 | INFO     | llmc.models.base_model:replace_module_subset:432 - replace >>> self_attn.v_proj in 17-th block
2026-07-26 14:08:40.696 | INFO     | llmc.models.base_model:replace_module_subset:432 - replace >>> self_attn.o_proj in 17-th block
2026-07-26 14:08:40.696 | INFO     | llmc.models.base_model:replace_module_subset:432 - replace >>> self_attn.o_proj in 17-th block
2026-07-26 14:08:40.700 | INFO     | llmc.models.base_model:replace_module_subset:432 - replace >>> mlp.gate_proj in 17-th block
2026-07-26 14:08:40.700 | INFO     | llmc.models.base_model:replace_module_subset:432 - replace >>> mlp.gate_proj in 17-th block
2026-07-26 14:08:40.702 | INFO     | llmc.models.base_model:replace_module_subset:432 - replace >>> mlp.up_proj in 17-th block
2026-07-26 14:08:40.702 | INFO     | llmc.models.base_model:replace_module_subset:432 - replace >>> mlp.up_proj in 17-th block
2026-07-26 14:08:40.702 | INFO     | llmc.models.base_model:replace_module_subset:432 - replace >>> mlp.down_proj in 17-th block
2026-07-26 14:08:40.702 | INFO     | llmc.models.base_model:replace_module_subset:432 - replace >>> mlp.down_proj in 17-th block
2026-07-26 14:08:40.999 | INFO     | llmc.models.base_model:replace_module_all:383 - Replace block index: 18/28
2026-07-26 14:08:40.999 | INFO     | llmc.models.base_model:replace_module_all:383 - Replace block index: 18/28
2026-07-26 14:08:41.093 | INFO     | llmc.models.base_model:replace_module_subset:432 - replace >>> self_attn.q_proj in 18-th block
2026-07-26 14:08:41.093 | INFO     | llmc.models.base_model:replace_module_subset:432 - replace >>> self_attn.q_proj in 18-th block
2026-07-26 14:08:41.093 | INFO     | llmc.models.base_model:replace_module_subset:432 - replace >>> self_attn.k_proj in 18-th block
2026-07-26 14:08:41.093 | INFO     | llmc.models.base_model:replace_module_subset:432 - replace >>> self_attn.k_proj in 18-th block
2026-07-26 14:08:41.094 | INFO     | llmc.models.base_model:replace_module_subset:432 - replace >>> self_attn.v_proj in 18-th block
2026-07-26 14:08:41.094 | INFO     | llmc.models.base_model:replace_module_subset:432 - replace >>> self_attn.v_proj in 18-th block
2026-07-26 14:08:41.095 | INFO     | llmc.models.base_model:replace_module_subset:432 - replace >>> self_attn.o_proj in 18-th block
2026-07-26 14:08:41.095 | INFO     | llmc.models.base_model:replace_module_subset:432 - replace >>> self_attn.o_proj in 18-th block
2026-07-26 14:08:41.100 | INFO     | llmc.models.base_model:replace_module_subset:432 - replace >>> mlp.gate_proj in 18-th block
2026-07-26 14:08:41.100 | INFO     | llmc.models.base_model:replace_module_subset:432 - replace >>> mlp.gate_proj in 18-th block
2026-07-26 14:08:41.101 | INFO     | llmc.models.base_model:replace_module_subset:432 - replace >>> mlp.up_proj in 18-th block
2026-07-26 14:08:41.101 | INFO     | llmc.models.base_model:replace_module_subset:432 - replace >>> mlp.up_proj in 18-th block
2026-07-26 14:08:41.101 | INFO     | llmc.models.base_model:replace_module_subset:432 - replace >>> mlp.down_proj in 18-th block
2026-07-26 14:08:41.101 | INFO     | llmc.models.base_model:replace_module_subset:432 - replace >>> mlp.down_proj in 18-th block
2026-07-26 14:08:41.390 | INFO     | llmc.models.base_model:replace_module_all:383 - Replace block index: 19/28
2026-07-26 14:08:41.390 | INFO     | llmc.models.base_model:replace_module_all:383 - Replace block index: 19/28
2026-07-26 14:08:41.488 | INFO     | llmc.models.base_model:replace_module_subset:432 - replace >>> self_attn.q_proj in 19-th block
2026-07-26 14:08:41.488 | INFO     | llmc.models.base_model:replace_module_subset:432 - replace >>> self_attn.q_proj in 19-th block
2026-07-26 14:08:41.489 | INFO     | llmc.models.base_model:replace_module_subset:432 - replace >>> self_attn.k_proj in 19-th block
2026-07-26 14:08:41.489 | INFO     | llmc.models.base_model:replace_module_subset:432 - replace >>> self_attn.k_proj in 19-th block
2026-07-26 14:08:41.489 | INFO     | llmc.models.base_model:replace_module_subset:432 - replace >>> self_attn.v_proj in 19-th block
2026-07-26 14:08:41.489 | INFO     | llmc.models.base_model:replace_module_subset:432 - replace >>> self_attn.v_proj in 19-th block
2026-07-26 14:08:41.490 | INFO     | llmc.models.base_model:replace_module_subset:432 - replace >>> self_attn.o_proj in 19-th block
2026-07-26 14:08:41.490 | INFO     | llmc.models.base_model:replace_module_subset:432 - replace >>> self_attn.o_proj in 19-th block
2026-07-26 14:08:41.496 | INFO     | llmc.models.base_model:replace_module_subset:432 - replace >>> mlp.gate_proj in 19-th block
2026-07-26 14:08:41.496 | INFO     | llmc.models.base_model:replace_module_subset:432 - replace >>> mlp.gate_proj in 19-th block
2026-07-26 14:08:41.498 | INFO     | llmc.models.base_model:replace_module_subset:432 - replace >>> mlp.up_proj in 19-th block
2026-07-26 14:08:41.498 | INFO     | llmc.models.base_model:replace_module_subset:432 - replace >>> mlp.up_proj in 19-th block
2026-07-26 14:08:41.498 | INFO     | llmc.models.base_model:replace_module_subset:432 - replace >>> mlp.down_proj in 19-th block
2026-07-26 14:08:41.498 | INFO     | llmc.models.base_model:replace_module_subset:432 - replace >>> mlp.down_proj in 19-th block
2026-07-26 14:08:41.783 | INFO     | llmc.models.base_model:replace_module_all:383 - Replace block index: 20/28
2026-07-26 14:08:41.783 | INFO     | llmc.models.base_model:replace_module_all:383 - Replace block index: 20/28
2026-07-26 14:08:41.873 | INFO     | llmc.models.base_model:replace_module_subset:432 - replace >>> self_attn.q_proj in 20-th block
2026-07-26 14:08:41.873 | INFO     | llmc.models.base_model:replace_module_subset:432 - replace >>> self_attn.q_proj in 20-th block
2026-07-26 14:08:41.874 | INFO     | llmc.models.base_model:replace_module_subset:432 - replace >>> self_attn.k_proj in 20-th block
2026-07-26 14:08:41.874 | INFO     | llmc.models.base_model:replace_module_subset:432 - replace >>> self_attn.k_proj in 20-th block
2026-07-26 14:08:41.875 | INFO     | llmc.models.base_model:replace_module_subset:432 - replace >>> self_attn.v_proj in 20-th block
2026-07-26 14:08:41.875 | INFO     | llmc.models.base_model:replace_module_subset:432 - replace >>> self_attn.v_proj in 20-th block
2026-07-26 14:08:41.876 | INFO     | llmc.models.base_model:replace_module_subset:432 - replace >>> self_attn.o_proj in 20-th block
2026-07-26 14:08:41.876 | INFO     | llmc.models.base_model:replace_module_subset:432 - replace >>> self_attn.o_proj in 20-th block
2026-07-26 14:08:41.881 | INFO     | llmc.models.base_model:replace_module_subset:432 - replace >>> mlp.gate_proj in 20-th block
2026-07-26 14:08:41.881 | INFO     | llmc.models.base_model:replace_module_subset:432 - replace >>> mlp.gate_proj in 20-th block
2026-07-26 14:08:41.883 | INFO     | llmc.models.base_model:replace_module_subset:432 - replace >>> mlp.up_proj in 20-th block
2026-07-26 14:08:41.883 | INFO     | llmc.models.base_model:replace_module_subset:432 - replace >>> mlp.up_proj in 20-th block
2026-07-26 14:08:41.883 | INFO     | llmc.models.base_model:replace_module_subset:432 - replace >>> mlp.down_proj in 20-th block
2026-07-26 14:08:41.883 | INFO     | llmc.models.base_model:replace_module_subset:432 - replace >>> mlp.down_proj in 20-th block
2026-07-26 14:08:42.168 | INFO     | llmc.models.base_model:replace_module_all:383 - Replace block index: 21/28
2026-07-26 14:08:42.168 | INFO     | llmc.models.base_model:replace_module_all:383 - Replace block index: 21/28
2026-07-26 14:08:42.253 | INFO     | llmc.models.base_model:replace_module_subset:432 - replace >>> self_attn.q_proj in 21-th block
2026-07-26 14:08:42.253 | INFO     | llmc.models.base_model:replace_module_subset:432 - replace >>> self_attn.q_proj in 21-th block
2026-07-26 14:08:42.253 | INFO     | llmc.models.base_model:replace_module_subset:432 - replace >>> self_attn.k_proj in 21-th block
2026-07-26 14:08:42.253 | INFO     | llmc.models.base_model:replace_module_subset:432 - replace >>> self_attn.k_proj in 21-th block
2026-07-26 14:08:42.254 | INFO     | llmc.models.base_model:replace_module_subset:432 - replace >>> self_attn.v_proj in 21-th block
2026-07-26 14:08:42.254 | INFO     | llmc.models.base_model:replace_module_subset:432 - replace >>> self_attn.v_proj in 21-th block
2026-07-26 14:08:42.255 | INFO     | llmc.models.base_model:replace_module_subset:432 - replace >>> self_attn.o_proj in 21-th block
2026-07-26 14:08:42.255 | INFO     | llmc.models.base_model:replace_module_subset:432 - replace >>> self_attn.o_proj in 21-th block
2026-07-26 14:08:42.260 | INFO     | llmc.models.base_model:replace_module_subset:432 - replace >>> mlp.gate_proj in 21-th block
2026-07-26 14:08:42.260 | INFO     | llmc.models.base_model:replace_module_subset:432 - replace >>> mlp.gate_proj in 21-th block
2026-07-26 14:08:42.262 | INFO     | llmc.models.base_model:replace_module_subset:432 - replace >>> mlp.up_proj in 21-th block
2026-07-26 14:08:42.262 | INFO     | llmc.models.base_model:replace_module_subset:432 - replace >>> mlp.up_proj in 21-th block
2026-07-26 14:08:42.262 | INFO     | llmc.models.base_model:replace_module_subset:432 - replace >>> mlp.down_proj in 21-th block
2026-07-26 14:08:42.262 | INFO     | llmc.models.base_model:replace_module_subset:432 - replace >>> mlp.down_proj in 21-th block
2026-07-26 14:08:42.534 | INFO     | llmc.models.base_model:replace_module_all:383 - Replace block index: 22/28
2026-07-26 14:08:42.534 | INFO     | llmc.models.base_model:replace_module_all:383 - Replace block index: 22/28
2026-07-26 14:08:42.621 | INFO     | llmc.models.base_model:replace_module_subset:432 - replace >>> self_attn.q_proj in 22-th block
2026-07-26 14:08:42.621 | INFO     | llmc.models.base_model:replace_module_subset:432 - replace >>> self_attn.q_proj in 22-th block
2026-07-26 14:08:42.621 | INFO     | llmc.models.base_model:replace_module_subset:432 - replace >>> self_attn.k_proj in 22-th block
2026-07-26 14:08:42.621 | INFO     | llmc.models.base_model:replace_module_subset:432 - replace >>> self_attn.k_proj in 22-th block
2026-07-26 14:08:42.622 | INFO     | llmc.models.base_model:replace_module_subset:432 - replace >>> self_attn.v_proj in 22-th block
2026-07-26 14:08:42.622 | INFO     | llmc.models.base_model:replace_module_subset:432 - replace >>> self_attn.v_proj in 22-th block
2026-07-26 14:08:42.623 | INFO     | llmc.models.base_model:replace_module_subset:432 - replace >>> self_attn.o_proj in 22-th block
2026-07-26 14:08:42.623 | INFO     | llmc.models.base_model:replace_module_subset:432 - replace >>> self_attn.o_proj in 22-th block
2026-07-26 14:08:42.628 | INFO     | llmc.models.base_model:replace_module_subset:432 - replace >>> mlp.gate_proj in 22-th block
2026-07-26 14:08:42.628 | INFO     | llmc.models.base_model:replace_module_subset:432 - replace >>> mlp.gate_proj in 22-th block
2026-07-26 14:08:42.630 | INFO     | llmc.models.base_model:replace_module_subset:432 - replace >>> mlp.up_proj in 22-th block
2026-07-26 14:08:42.630 | INFO     | llmc.models.base_model:replace_module_subset:432 - replace >>> mlp.up_proj in 22-th block
2026-07-26 14:08:42.630 | INFO     | llmc.models.base_model:replace_module_subset:432 - replace >>> mlp.down_proj in 22-th block
2026-07-26 14:08:42.630 | INFO     | llmc.models.base_model:replace_module_subset:432 - replace >>> mlp.down_proj in 22-th block
2026-07-26 14:08:42.909 | INFO     | llmc.models.base_model:replace_module_all:383 - Replace block index: 23/28
2026-07-26 14:08:42.909 | INFO     | llmc.models.base_model:replace_module_all:383 - Replace block index: 23/28
2026-07-26 14:08:42.996 | INFO     | llmc.models.base_model:replace_module_subset:432 - replace >>> self_attn.q_proj in 23-th block
2026-07-26 14:08:42.996 | INFO     | llmc.models.base_model:replace_module_subset:432 - replace >>> self_attn.q_proj in 23-th block
2026-07-26 14:08:42.996 | INFO     | llmc.models.base_model:replace_module_subset:432 - replace >>> self_attn.k_proj in 23-th block
2026-07-26 14:08:42.996 | INFO     | llmc.models.base_model:replace_module_subset:432 - replace >>> self_attn.k_proj in 23-th block
2026-07-26 14:08:42.996 | INFO     | llmc.models.base_model:replace_module_subset:432 - replace >>> self_attn.v_proj in 23-th block
2026-07-26 14:08:42.996 | INFO     | llmc.models.base_model:replace_module_subset:432 - replace >>> self_attn.v_proj in 23-th block
2026-07-26 14:08:42.997 | INFO     | llmc.models.base_model:replace_module_subset:432 - replace >>> self_attn.o_proj in 23-th block
2026-07-26 14:08:42.997 | INFO     | llmc.models.base_model:replace_module_subset:432 - replace >>> self_attn.o_proj in 23-th block
2026-07-26 14:08:43.002 | INFO     | llmc.models.base_model:replace_module_subset:432 - replace >>> mlp.gate_proj in 23-th block
2026-07-26 14:08:43.002 | INFO     | llmc.models.base_model:replace_module_subset:432 - replace >>> mlp.gate_proj in 23-th block
2026-07-26 14:08:43.003 | INFO     | llmc.models.base_model:replace_module_subset:432 - replace >>> mlp.up_proj in 23-th block
2026-07-26 14:08:43.003 | INFO     | llmc.models.base_model:replace_module_subset:432 - replace >>> mlp.up_proj in 23-th block
2026-07-26 14:08:43.004 | INFO     | llmc.models.base_model:replace_module_subset:432 - replace >>> mlp.down_proj in 23-th block
2026-07-26 14:08:43.004 | INFO     | llmc.models.base_model:replace_module_subset:432 - replace >>> mlp.down_proj in 23-th block
2026-07-26 14:08:43.312 | INFO     | llmc.models.base_model:replace_module_all:383 - Replace block index: 24/28
2026-07-26 14:08:43.312 | INFO     | llmc.models.base_model:replace_module_all:383 - Replace block index: 24/28
2026-07-26 14:08:43.397 | INFO     | llmc.models.base_model:replace_module_subset:432 - replace >>> self_attn.q_proj in 24-th block
2026-07-26 14:08:43.397 | INFO     | llmc.models.base_model:replace_module_subset:432 - replace >>> self_attn.q_proj in 24-th block
2026-07-26 14:08:43.398 | INFO     | llmc.models.base_model:replace_module_subset:432 - replace >>> self_attn.k_proj in 24-th block
2026-07-26 14:08:43.398 | INFO     | llmc.models.base_model:replace_module_subset:432 - replace >>> self_attn.k_proj in 24-th block
2026-07-26 14:08:43.398 | INFO     | llmc.models.base_model:replace_module_subset:432 - replace >>> self_attn.v_proj in 24-th block
2026-07-26 14:08:43.398 | INFO     | llmc.models.base_model:replace_module_subset:432 - replace >>> self_attn.v_proj in 24-th block
2026-07-26 14:08:43.399 | INFO     | llmc.models.base_model:replace_module_subset:432 - replace >>> self_attn.o_proj in 24-th block
2026-07-26 14:08:43.399 | INFO     | llmc.models.base_model:replace_module_subset:432 - replace >>> self_attn.o_proj in 24-th block
2026-07-26 14:08:43.404 | INFO     | llmc.models.base_model:replace_module_subset:432 - replace >>> mlp.gate_proj in 24-th block
2026-07-26 14:08:43.404 | INFO     | llmc.models.base_model:replace_module_subset:432 - replace >>> mlp.gate_proj in 24-th block
2026-07-26 14:08:43.406 | INFO     | llmc.models.base_model:replace_module_subset:432 - replace >>> mlp.up_proj in 24-th block
2026-07-26 14:08:43.406 | INFO     | llmc.models.base_model:replace_module_subset:432 - replace >>> mlp.up_proj in 24-th block
2026-07-26 14:08:43.406 | INFO     | llmc.models.base_model:replace_module_subset:432 - replace >>> mlp.down_proj in 24-th block
2026-07-26 14:08:43.406 | INFO     | llmc.models.base_model:replace_module_subset:432 - replace >>> mlp.down_proj in 24-th block
2026-07-26 14:08:43.699 | INFO     | llmc.models.base_model:replace_module_all:383 - Replace block index: 25/28
2026-07-26 14:08:43.699 | INFO     | llmc.models.base_model:replace_module_all:383 - Replace block index: 25/28
2026-07-26 14:08:43.784 | INFO     | llmc.models.base_model:replace_module_subset:432 - replace >>> self_attn.q_proj in 25-th block
2026-07-26 14:08:43.784 | INFO     | llmc.models.base_model:replace_module_subset:432 - replace >>> self_attn.q_proj in 25-th block
2026-07-26 14:08:43.784 | INFO     | llmc.models.base_model:replace_module_subset:432 - replace >>> self_attn.k_proj in 25-th block
2026-07-26 14:08:43.784 | INFO     | llmc.models.base_model:replace_module_subset:432 - replace >>> self_attn.k_proj in 25-th block
2026-07-26 14:08:43.785 | INFO     | llmc.models.base_model:replace_module_subset:432 - replace >>> self_attn.v_proj in 25-th block
2026-07-26 14:08:43.785 | INFO     | llmc.models.base_model:replace_module_subset:432 - replace >>> self_attn.v_proj in 25-th block
2026-07-26 14:08:43.786 | INFO     | llmc.models.base_model:replace_module_subset:432 - replace >>> self_attn.o_proj in 25-th block
2026-07-26 14:08:43.786 | INFO     | llmc.models.base_model:replace_module_subset:432 - replace >>> self_attn.o_proj in 25-th block
2026-07-26 14:08:43.791 | INFO     | llmc.models.base_model:replace_module_subset:432 - replace >>> mlp.gate_proj in 25-th block
2026-07-26 14:08:43.791 | INFO     | llmc.models.base_model:replace_module_subset:432 - replace >>> mlp.gate_proj in 25-th block
2026-07-26 14:08:43.793 | INFO     | llmc.models.base_model:replace_module_subset:432 - replace >>> mlp.up_proj in 25-th block
2026-07-26 14:08:43.793 | INFO     | llmc.models.base_model:replace_module_subset:432 - replace >>> mlp.up_proj in 25-th block
2026-07-26 14:08:43.793 | INFO     | llmc.models.base_model:replace_module_subset:432 - replace >>> mlp.down_proj in 25-th block
2026-07-26 14:08:43.793 | INFO     | llmc.models.base_model:replace_module_subset:432 - replace >>> mlp.down_proj in 25-th block
2026-07-26 14:08:44.075 | INFO     | llmc.models.base_model:replace_module_all:383 - Replace block index: 26/28
2026-07-26 14:08:44.075 | INFO     | llmc.models.base_model:replace_module_all:383 - Replace block index: 26/28
2026-07-26 14:08:44.162 | INFO     | llmc.models.base_model:replace_module_subset:432 - replace >>> self_attn.q_proj in 26-th block
2026-07-26 14:08:44.162 | INFO     | llmc.models.base_model:replace_module_subset:432 - replace >>> self_attn.q_proj in 26-th block
2026-07-26 14:08:44.162 | INFO     | llmc.models.base_model:replace_module_subset:432 - replace >>> self_attn.k_proj in 26-th block
2026-07-26 14:08:44.162 | INFO     | llmc.models.base_model:replace_module_subset:432 - replace >>> self_attn.k_proj in 26-th block
2026-07-26 14:08:44.163 | INFO     | llmc.models.base_model:replace_module_subset:432 - replace >>> self_attn.v_proj in 26-th block
2026-07-26 14:08:44.163 | INFO     | llmc.models.base_model:replace_module_subset:432 - replace >>> self_attn.v_proj in 26-th block
2026-07-26 14:08:44.164 | INFO     | llmc.models.base_model:replace_module_subset:432 - replace >>> self_attn.o_proj in 26-th block
2026-07-26 14:08:44.164 | INFO     | llmc.models.base_model:replace_module_subset:432 - replace >>> self_attn.o_proj in 26-th block
2026-07-26 14:08:44.170 | INFO     | llmc.models.base_model:replace_module_subset:432 - replace >>> mlp.gate_proj in 26-th block
2026-07-26 14:08:44.170 | INFO     | llmc.models.base_model:replace_module_subset:432 - replace >>> mlp.gate_proj in 26-th block
2026-07-26 14:08:44.172 | INFO     | llmc.models.base_model:replace_module_subset:432 - replace >>> mlp.up_proj in 26-th block
2026-07-26 14:08:44.172 | INFO     | llmc.models.base_model:replace_module_subset:432 - replace >>> mlp.up_proj in 26-th block
2026-07-26 14:08:44.172 | INFO     | llmc.models.base_model:replace_module_subset:432 - replace >>> mlp.down_proj in 26-th block
2026-07-26 14:08:44.172 | INFO     | llmc.models.base_model:replace_module_subset:432 - replace >>> mlp.down_proj in 26-th block
2026-07-26 14:08:44.449 | INFO     | llmc.models.base_model:replace_module_all:383 - Replace block index: 27/28
2026-07-26 14:08:44.449 | INFO     | llmc.models.base_model:replace_module_all:383 - Replace block index: 27/28
2026-07-26 14:08:44.538 | INFO     | llmc.models.base_model:replace_module_subset:432 - replace >>> self_attn.q_proj in 27-th block
2026-07-26 14:08:44.538 | INFO     | llmc.models.base_model:replace_module_subset:432 - replace >>> self_attn.q_proj in 27-th block
2026-07-26 14:08:44.539 | INFO     | llmc.models.base_model:replace_module_subset:432 - replace >>> self_attn.k_proj in 27-th block
2026-07-26 14:08:44.539 | INFO     | llmc.models.base_model:replace_module_subset:432 - replace >>> self_attn.k_proj in 27-th block
2026-07-26 14:08:44.539 | INFO     | llmc.models.base_model:replace_module_subset:432 - replace >>> self_attn.v_proj in 27-th block
2026-07-26 14:08:44.539 | INFO     | llmc.models.base_model:replace_module_subset:432 - replace >>> self_attn.v_proj in 27-th block
2026-07-26 14:08:44.540 | INFO     | llmc.models.base_model:replace_module_subset:432 - replace >>> self_attn.o_proj in 27-th block
2026-07-26 14:08:44.540 | INFO     | llmc.models.base_model:replace_module_subset:432 - replace >>> self_attn.o_proj in 27-th block
2026-07-26 14:08:44.545 | INFO     | llmc.models.base_model:replace_module_subset:432 - replace >>> mlp.gate_proj in 27-th block
2026-07-26 14:08:44.545 | INFO     | llmc.models.base_model:replace_module_subset:432 - replace >>> mlp.gate_proj in 27-th block
2026-07-26 14:08:44.546 | INFO     | llmc.models.base_model:replace_module_subset:432 - replace >>> mlp.up_proj in 27-th block
2026-07-26 14:08:44.546 | INFO     | llmc.models.base_model:replace_module_subset:432 - replace >>> mlp.up_proj in 27-th block
2026-07-26 14:08:44.547 | INFO     | llmc.models.base_model:replace_module_subset:432 - replace >>> mlp.down_proj in 27-th block
2026-07-26 14:08:44.547 | INFO     | llmc.models.base_model:replace_module_subset:432 - replace >>> mlp.down_proj in 27-th block
2026-07-26 14:08:44.826 | INFO     | llmc.compression.quantization.base_blockwise_quantization:deploy:1014 - -- deploy_fake_quant_model done --
2026-07-26 14:08:44.826 | INFO     | llmc.compression.quantization.base_blockwise_quantization:deploy:1014 - -- deploy_fake_quant_model done --
2026-07-26 14:08:45.933 | INFO     | llmc.eval.eval_ppl:eval_func:23 - index : 1/141
2026-07-26 14:08:45.933 | INFO     | llmc.eval.eval_ppl:eval_func:23 - index : 1/141
2026-07-26 14:08:46.267 | INFO     | llmc.eval.eval_ppl:eval_func:23 - index : 2/141
2026-07-26 14:08:46.267 | INFO     | llmc.eval.eval_ppl:eval_func:23 - index : 2/141
2026-07-26 14:08:46.307 | INFO     | llmc.eval.eval_ppl:eval_func:23 - index : 3/141
2026-07-26 14:08:46.307 | INFO     | llmc.eval.eval_ppl:eval_func:23 - index : 3/141
2026-07-26 14:08:46.496 | INFO     | llmc.eval.eval_ppl:eval_func:23 - index : 4/141
2026-07-26 14:08:46.496 | INFO     | llmc.eval.eval_ppl:eval_func:23 - index : 4/141
2026-07-26 14:08:46.685 | INFO     | llmc.eval.eval_ppl:eval_func:23 - index : 5/141
2026-07-26 14:08:46.685 | INFO     | llmc.eval.eval_ppl:eval_func:23 - index : 5/141
2026-07-26 14:08:46.875 | INFO     | llmc.eval.eval_ppl:eval_func:23 - index : 6/141
2026-07-26 14:08:46.875 | INFO     | llmc.eval.eval_ppl:eval_func:23 - index : 6/141
2026-07-26 14:08:47.066 | INFO     | llmc.eval.eval_ppl:eval_func:23 - index : 7/141
2026-07-26 14:08:47.066 | INFO     | llmc.eval.eval_ppl:eval_func:23 - index : 7/141
2026-07-26 14:08:47.257 | INFO     | llmc.eval.eval_ppl:eval_func:23 - index : 8/141
2026-07-26 14:08:47.257 | INFO     | llmc.eval.eval_ppl:eval_func:23 - index : 8/141
2026-07-26 14:08:47.447 | INFO     | llmc.eval.eval_ppl:eval_func:23 - index : 9/141
2026-07-26 14:08:47.447 | INFO     | llmc.eval.eval_ppl:eval_func:23 - index : 9/141
2026-07-26 14:08:47.639 | INFO     | llmc.eval.eval_ppl:eval_func:23 - index : 10/141
2026-07-26 14:08:47.639 | INFO     | llmc.eval.eval_ppl:eval_func:23 - index : 10/141
2026-07-26 14:08:47.828 | INFO     | llmc.eval.eval_ppl:eval_func:23 - index : 11/141
2026-07-26 14:08:47.828 | INFO     | llmc.eval.eval_ppl:eval_func:23 - index : 11/141
2026-07-26 14:08:48.019 | INFO     | llmc.eval.eval_ppl:eval_func:23 - index : 12/141
2026-07-26 14:08:48.019 | INFO     | llmc.eval.eval_ppl:eval_func:23 - index : 12/141
2026-07-26 14:08:48.210 | INFO     | llmc.eval.eval_ppl:eval_func:23 - index : 13/141
2026-07-26 14:08:48.210 | INFO     | llmc.eval.eval_ppl:eval_func:23 - index : 13/141
2026-07-26 14:08:48.399 | INFO     | llmc.eval.eval_ppl:eval_func:23 - index : 14/141
2026-07-26 14:08:48.399 | INFO     | llmc.eval.eval_ppl:eval_func:23 - index : 14/141
2026-07-26 14:08:48.590 | INFO     | llmc.eval.eval_ppl:eval_func:23 - index : 15/141
2026-07-26 14:08:48.590 | INFO     | llmc.eval.eval_ppl:eval_func:23 - index : 15/141
2026-07-26 14:08:48.780 | INFO     | llmc.eval.eval_ppl:eval_func:23 - index : 16/141
2026-07-26 14:08:48.780 | INFO     | llmc.eval.eval_ppl:eval_func:23 - index : 16/141
2026-07-26 14:08:48.970 | INFO     | llmc.eval.eval_ppl:eval_func:23 - index : 17/141
2026-07-26 14:08:48.970 | INFO     | llmc.eval.eval_ppl:eval_func:23 - index : 17/141
2026-07-26 14:08:49.161 | INFO     | llmc.eval.eval_ppl:eval_func:23 - index : 18/141
2026-07-26 14:08:49.161 | INFO     | llmc.eval.eval_ppl:eval_func:23 - index : 18/141
2026-07-26 14:08:49.351 | INFO     | llmc.eval.eval_ppl:eval_func:23 - index : 19/141
2026-07-26 14:08:49.351 | INFO     | llmc.eval.eval_ppl:eval_func:23 - index : 19/141
2026-07-26 14:08:49.543 | INFO     | llmc.eval.eval_ppl:eval_func:23 - index : 20/141
2026-07-26 14:08:49.543 | INFO     | llmc.eval.eval_ppl:eval_func:23 - index : 20/141
2026-07-26 14:08:49.733 | INFO     | llmc.eval.eval_ppl:eval_func:23 - index : 21/141
2026-07-26 14:08:49.733 | INFO     | llmc.eval.eval_ppl:eval_func:23 - index : 21/141
2026-07-26 14:08:49.925 | INFO     | llmc.eval.eval_ppl:eval_func:23 - index : 22/141
2026-07-26 14:08:49.925 | INFO     | llmc.eval.eval_ppl:eval_func:23 - index : 22/141
2026-07-26 14:08:50.115 | INFO     | llmc.eval.eval_ppl:eval_func:23 - index : 23/141
2026-07-26 14:08:50.115 | INFO     | llmc.eval.eval_ppl:eval_func:23 - index : 23/141
2026-07-26 14:08:50.306 | INFO     | llmc.eval.eval_ppl:eval_func:23 - index : 24/141
2026-07-26 14:08:50.306 | INFO     | llmc.eval.eval_ppl:eval_func:23 - index : 24/141
2026-07-26 14:08:50.497 | INFO     | llmc.eval.eval_ppl:eval_func:23 - index : 25/141
2026-07-26 14:08:50.497 | INFO     | llmc.eval.eval_ppl:eval_func:23 - index : 25/141
2026-07-26 14:08:50.687 | INFO     | llmc.eval.eval_ppl:eval_func:23 - index : 26/141
2026-07-26 14:08:50.687 | INFO     | llmc.eval.eval_ppl:eval_func:23 - index : 26/141
2026-07-26 14:08:50.879 | INFO     | llmc.eval.eval_ppl:eval_func:23 - index : 27/141
2026-07-26 14:08:50.879 | INFO     | llmc.eval.eval_ppl:eval_func:23 - index : 27/141
2026-07-26 14:08:51.069 | INFO     | llmc.eval.eval_ppl:eval_func:23 - index : 28/141
2026-07-26 14:08:51.069 | INFO     | llmc.eval.eval_ppl:eval_func:23 - index : 28/141
2026-07-26 14:08:51.259 | INFO     | llmc.eval.eval_ppl:eval_func:23 - index : 29/141
2026-07-26 14:08:51.259 | INFO     | llmc.eval.eval_ppl:eval_func:23 - index : 29/141
2026-07-26 14:08:51.449 | INFO     | llmc.eval.eval_ppl:eval_func:23 - index : 30/141
2026-07-26 14:08:51.449 | INFO     | llmc.eval.eval_ppl:eval_func:23 - index : 30/141
2026-07-26 14:08:51.641 | INFO     | llmc.eval.eval_ppl:eval_func:23 - index : 31/141
2026-07-26 14:08:51.641 | INFO     | llmc.eval.eval_ppl:eval_func:23 - index : 31/141
2026-07-26 14:08:51.830 | INFO     | llmc.eval.eval_ppl:eval_func:23 - index : 32/141
2026-07-26 14:08:51.830 | INFO     | llmc.eval.eval_ppl:eval_func:23 - index : 32/141
2026-07-26 14:08:52.020 | INFO     | llmc.eval.eval_ppl:eval_func:23 - index : 33/141
2026-07-26 14:08:52.020 | INFO     | llmc.eval.eval_ppl:eval_func:23 - index : 33/141
2026-07-26 14:08:52.211 | INFO     | llmc.eval.eval_ppl:eval_func:23 - index : 34/141
2026-07-26 14:08:52.211 | INFO     | llmc.eval.eval_ppl:eval_func:23 - index : 34/141
2026-07-26 14:08:52.401 | INFO     | llmc.eval.eval_ppl:eval_func:23 - index : 35/141
2026-07-26 14:08:52.401 | INFO     | llmc.eval.eval_ppl:eval_func:23 - index : 35/141
2026-07-26 14:08:52.592 | INFO     | llmc.eval.eval_ppl:eval_func:23 - index : 36/141
2026-07-26 14:08:52.592 | INFO     | llmc.eval.eval_ppl:eval_func:23 - index : 36/141
2026-07-26 14:08:52.782 | INFO     | llmc.eval.eval_ppl:eval_func:23 - index : 37/141
2026-07-26 14:08:52.782 | INFO     | llmc.eval.eval_ppl:eval_func:23 - index : 37/141
2026-07-26 14:08:52.973 | INFO     | llmc.eval.eval_ppl:eval_func:23 - index : 38/141
2026-07-26 14:08:52.973 | INFO     | llmc.eval.eval_ppl:eval_func:23 - index : 38/141
2026-07-26 14:08:53.163 | INFO     | llmc.eval.eval_ppl:eval_func:23 - index : 39/141
2026-07-26 14:08:53.163 | INFO     | llmc.eval.eval_ppl:eval_func:23 - index : 39/141
2026-07-26 14:08:53.353 | INFO     | llmc.eval.eval_ppl:eval_func:23 - index : 40/141
2026-07-26 14:08:53.353 | INFO     | llmc.eval.eval_ppl:eval_func:23 - index : 40/141
2026-07-26 14:08:53.543 | INFO     | llmc.eval.eval_ppl:eval_func:23 - index : 41/141
2026-07-26 14:08:53.543 | INFO     | llmc.eval.eval_ppl:eval_func:23 - index : 41/141
2026-07-26 14:08:53.733 | INFO     | llmc.eval.eval_ppl:eval_func:23 - index : 42/141
2026-07-26 14:08:53.733 | INFO     | llmc.eval.eval_ppl:eval_func:23 - index : 42/141
2026-07-26 14:08:53.923 | INFO     | llmc.eval.eval_ppl:eval_func:23 - index : 43/141
2026-07-26 14:08:53.923 | INFO     | llmc.eval.eval_ppl:eval_func:23 - index : 43/141
2026-07-26 14:08:54.113 | INFO     | llmc.eval.eval_ppl:eval_func:23 - index : 44/141
2026-07-26 14:08:54.113 | INFO     | llmc.eval.eval_ppl:eval_func:23 - index : 44/141
2026-07-26 14:08:54.303 | INFO     | llmc.eval.eval_ppl:eval_func:23 - index : 45/141
2026-07-26 14:08:54.303 | INFO     | llmc.eval.eval_ppl:eval_func:23 - index : 45/141
2026-07-26 14:08:54.493 | INFO     | llmc.eval.eval_ppl:eval_func:23 - index : 46/141
2026-07-26 14:08:54.493 | INFO     | llmc.eval.eval_ppl:eval_func:23 - index : 46/141
2026-07-26 14:08:54.683 | INFO     | llmc.eval.eval_ppl:eval_func:23 - index : 47/141
2026-07-26 14:08:54.683 | INFO     | llmc.eval.eval_ppl:eval_func:23 - index : 47/141
2026-07-26 14:08:54.873 | INFO     | llmc.eval.eval_ppl:eval_func:23 - index : 48/141
2026-07-26 14:08:54.873 | INFO     | llmc.eval.eval_ppl:eval_func:23 - index : 48/141
2026-07-26 14:08:55.064 | INFO     | llmc.eval.eval_ppl:eval_func:23 - index : 49/141
2026-07-26 14:08:55.064 | INFO     | llmc.eval.eval_ppl:eval_func:23 - index : 49/141
2026-07-26 14:08:55.254 | INFO     | llmc.eval.eval_ppl:eval_func:23 - index : 50/141
2026-07-26 14:08:55.254 | INFO     | llmc.eval.eval_ppl:eval_func:23 - index : 50/141
2026-07-26 14:08:55.445 | INFO     | llmc.eval.eval_ppl:eval_func:23 - index : 51/141
2026-07-26 14:08:55.445 | INFO     | llmc.eval.eval_ppl:eval_func:23 - index : 51/141
2026-07-26 14:08:55.636 | INFO     | llmc.eval.eval_ppl:eval_func:23 - index : 52/141
2026-07-26 14:08:55.636 | INFO     | llmc.eval.eval_ppl:eval_func:23 - index : 52/141
2026-07-26 14:08:55.827 | INFO     | llmc.eval.eval_ppl:eval_func:23 - index : 53/141
2026-07-26 14:08:55.827 | INFO     | llmc.eval.eval_ppl:eval_func:23 - index : 53/141
2026-07-26 14:08:56.017 | INFO     | llmc.eval.eval_ppl:eval_func:23 - index : 54/141
2026-07-26 14:08:56.017 | INFO     | llmc.eval.eval_ppl:eval_func:23 - index : 54/141
2026-07-26 14:08:56.208 | INFO     | llmc.eval.eval_ppl:eval_func:23 - index : 55/141
2026-07-26 14:08:56.208 | INFO     | llmc.eval.eval_ppl:eval_func:23 - index : 55/141
2026-07-26 14:08:56.399 | INFO     | llmc.eval.eval_ppl:eval_func:23 - index : 56/141
2026-07-26 14:08:56.399 | INFO     | llmc.eval.eval_ppl:eval_func:23 - index : 56/141
2026-07-26 14:08:56.589 | INFO     | llmc.eval.eval_ppl:eval_func:23 - index : 57/141
2026-07-26 14:08:56.589 | INFO     | llmc.eval.eval_ppl:eval_func:23 - index : 57/141
2026-07-26 14:08:56.779 | INFO     | llmc.eval.eval_ppl:eval_func:23 - index : 58/141
2026-07-26 14:08:56.779 | INFO     | llmc.eval.eval_ppl:eval_func:23 - index : 58/141
2026-07-26 14:08:56.970 | INFO     | llmc.eval.eval_ppl:eval_func:23 - index : 59/141
2026-07-26 14:08:56.970 | INFO     | llmc.eval.eval_ppl:eval_func:23 - index : 59/141
2026-07-26 14:08:57.161 | INFO     | llmc.eval.eval_ppl:eval_func:23 - index : 60/141
2026-07-26 14:08:57.161 | INFO     | llmc.eval.eval_ppl:eval_func:23 - index : 60/141
2026-07-26 14:08:57.350 | INFO     | llmc.eval.eval_ppl:eval_func:23 - index : 61/141
2026-07-26 14:08:57.350 | INFO     | llmc.eval.eval_ppl:eval_func:23 - index : 61/141
2026-07-26 14:08:57.542 | INFO     | llmc.eval.eval_ppl:eval_func:23 - index : 62/141
2026-07-26 14:08:57.542 | INFO     | llmc.eval.eval_ppl:eval_func:23 - index : 62/141
2026-07-26 14:08:57.732 | INFO     | llmc.eval.eval_ppl:eval_func:23 - index : 63/141
2026-07-26 14:08:57.732 | INFO     | llmc.eval.eval_ppl:eval_func:23 - index : 63/141
2026-07-26 14:08:57.922 | INFO     | llmc.eval.eval_ppl:eval_func:23 - index : 64/141
2026-07-26 14:08:57.922 | INFO     | llmc.eval.eval_ppl:eval_func:23 - index : 64/141
2026-07-26 14:08:58.112 | INFO     | llmc.eval.eval_ppl:eval_func:23 - index : 65/141
2026-07-26 14:08:58.112 | INFO     | llmc.eval.eval_ppl:eval_func:23 - index : 65/141
2026-07-26 14:08:58.303 | INFO     | llmc.eval.eval_ppl:eval_func:23 - index : 66/141
2026-07-26 14:08:58.303 | INFO     | llmc.eval.eval_ppl:eval_func:23 - index : 66/141
2026-07-26 14:08:58.495 | INFO     | llmc.eval.eval_ppl:eval_func:23 - index : 67/141
2026-07-26 14:08:58.495 | INFO     | llmc.eval.eval_ppl:eval_func:23 - index : 67/141
2026-07-26 14:08:58.684 | INFO     | llmc.eval.eval_ppl:eval_func:23 - index : 68/141
2026-07-26 14:08:58.684 | INFO     | llmc.eval.eval_ppl:eval_func:23 - index : 68/141
2026-07-26 14:08:58.875 | INFO     | llmc.eval.eval_ppl:eval_func:23 - index : 69/141
2026-07-26 14:08:58.875 | INFO     | llmc.eval.eval_ppl:eval_func:23 - index : 69/141
2026-07-26 14:08:59.065 | INFO     | llmc.eval.eval_ppl:eval_func:23 - index : 70/141
2026-07-26 14:08:59.065 | INFO     | llmc.eval.eval_ppl:eval_func:23 - index : 70/141
2026-07-26 14:08:59.255 | INFO     | llmc.eval.eval_ppl:eval_func:23 - index : 71/141
2026-07-26 14:08:59.255 | INFO     | llmc.eval.eval_ppl:eval_func:23 - index : 71/141
2026-07-26 14:08:59.445 | INFO     | llmc.eval.eval_ppl:eval_func:23 - index : 72/141
2026-07-26 14:08:59.445 | INFO     | llmc.eval.eval_ppl:eval_func:23 - index : 72/141
2026-07-26 14:08:59.635 | INFO     | llmc.eval.eval_ppl:eval_func:23 - index : 73/141
2026-07-26 14:08:59.635 | INFO     | llmc.eval.eval_ppl:eval_func:23 - index : 73/141
2026-07-26 14:08:59.825 | INFO     | llmc.eval.eval_ppl:eval_func:23 - index : 74/141
2026-07-26 14:08:59.825 | INFO     | llmc.eval.eval_ppl:eval_func:23 - index : 74/141
2026-07-26 14:09:00.015 | INFO     | llmc.eval.eval_ppl:eval_func:23 - index : 75/141
2026-07-26 14:09:00.015 | INFO     | llmc.eval.eval_ppl:eval_func:23 - index : 75/141
2026-07-26 14:09:00.206 | INFO     | llmc.eval.eval_ppl:eval_func:23 - index : 76/141
2026-07-26 14:09:00.206 | INFO     | llmc.eval.eval_ppl:eval_func:23 - index : 76/141
2026-07-26 14:09:00.396 | INFO     | llmc.eval.eval_ppl:eval_func:23 - index : 77/141
2026-07-26 14:09:00.396 | INFO     | llmc.eval.eval_ppl:eval_func:23 - index : 77/141
2026-07-26 14:09:00.586 | INFO     | llmc.eval.eval_ppl:eval_func:23 - index : 78/141
2026-07-26 14:09:00.586 | INFO     | llmc.eval.eval_ppl:eval_func:23 - index : 78/141
2026-07-26 14:09:00.776 | INFO     | llmc.eval.eval_ppl:eval_func:23 - index : 79/141
2026-07-26 14:09:00.776 | INFO     | llmc.eval.eval_ppl:eval_func:23 - index : 79/141
2026-07-26 14:09:00.966 | INFO     | llmc.eval.eval_ppl:eval_func:23 - index : 80/141
2026-07-26 14:09:00.966 | INFO     | llmc.eval.eval_ppl:eval_func:23 - index : 80/141
2026-07-26 14:09:01.156 | INFO     | llmc.eval.eval_ppl:eval_func:23 - index : 81/141
2026-07-26 14:09:01.156 | INFO     | llmc.eval.eval_ppl:eval_func:23 - index : 81/141
2026-07-26 14:09:01.346 | INFO     | llmc.eval.eval_ppl:eval_func:23 - index : 82/141
2026-07-26 14:09:01.346 | INFO     | llmc.eval.eval_ppl:eval_func:23 - index : 82/141
2026-07-26 14:09:01.537 | INFO     | llmc.eval.eval_ppl:eval_func:23 - index : 83/141
2026-07-26 14:09:01.537 | INFO     | llmc.eval.eval_ppl:eval_func:23 - index : 83/141
2026-07-26 14:09:01.728 | INFO     | llmc.eval.eval_ppl:eval_func:23 - index : 84/141
2026-07-26 14:09:01.728 | INFO     | llmc.eval.eval_ppl:eval_func:23 - index : 84/141
2026-07-26 14:09:01.918 | INFO     | llmc.eval.eval_ppl:eval_func:23 - index : 85/141
2026-07-26 14:09:01.918 | INFO     | llmc.eval.eval_ppl:eval_func:23 - index : 85/141
2026-07-26 14:09:02.109 | INFO     | llmc.eval.eval_ppl:eval_func:23 - index : 86/141
2026-07-26 14:09:02.109 | INFO     | llmc.eval.eval_ppl:eval_func:23 - index : 86/141
2026-07-26 14:09:02.299 | INFO     | llmc.eval.eval_ppl:eval_func:23 - index : 87/141
2026-07-26 14:09:02.299 | INFO     | llmc.eval.eval_ppl:eval_func:23 - index : 87/141
2026-07-26 14:09:02.490 | INFO     | llmc.eval.eval_ppl:eval_func:23 - index : 88/141
2026-07-26 14:09:02.490 | INFO     | llmc.eval.eval_ppl:eval_func:23 - index : 88/141
2026-07-26 14:09:02.680 | INFO     | llmc.eval.eval_ppl:eval_func:23 - index : 89/141
2026-07-26 14:09:02.680 | INFO     | llmc.eval.eval_ppl:eval_func:23 - index : 89/141
2026-07-26 14:09:02.870 | INFO     | llmc.eval.eval_ppl:eval_func:23 - index : 90/141
2026-07-26 14:09:02.870 | INFO     | llmc.eval.eval_ppl:eval_func:23 - index : 90/141
2026-07-26 14:09:03.061 | INFO     | llmc.eval.eval_ppl:eval_func:23 - index : 91/141
2026-07-26 14:09:03.061 | INFO     | llmc.eval.eval_ppl:eval_func:23 - index : 91/141
2026-07-26 14:09:03.251 | INFO     | llmc.eval.eval_ppl:eval_func:23 - index : 92/141
2026-07-26 14:09:03.251 | INFO     | llmc.eval.eval_ppl:eval_func:23 - index : 92/141
2026-07-26 14:09:03.441 | INFO     | llmc.eval.eval_ppl:eval_func:23 - index : 93/141
2026-07-26 14:09:03.441 | INFO     | llmc.eval.eval_ppl:eval_func:23 - index : 93/141
2026-07-26 14:09:03.632 | INFO     | llmc.eval.eval_ppl:eval_func:23 - index : 94/141
2026-07-26 14:09:03.632 | INFO     | llmc.eval.eval_ppl:eval_func:23 - index : 94/141
2026-07-26 14:09:03.822 | INFO     | llmc.eval.eval_ppl:eval_func:23 - index : 95/141
2026-07-26 14:09:03.822 | INFO     | llmc.eval.eval_ppl:eval_func:23 - index : 95/141
2026-07-26 14:09:04.012 | INFO     | llmc.eval.eval_ppl:eval_func:23 - index : 96/141
2026-07-26 14:09:04.012 | INFO     | llmc.eval.eval_ppl:eval_func:23 - index : 96/141
2026-07-26 14:09:04.202 | INFO     | llmc.eval.eval_ppl:eval_func:23 - index : 97/141
2026-07-26 14:09:04.202 | INFO     | llmc.eval.eval_ppl:eval_func:23 - index : 97/141
2026-07-26 14:09:04.391 | INFO     | llmc.eval.eval_ppl:eval_func:23 - index : 98/141
2026-07-26 14:09:04.391 | INFO     | llmc.eval.eval_ppl:eval_func:23 - index : 98/141
2026-07-26 14:09:04.582 | INFO     | llmc.eval.eval_ppl:eval_func:23 - index : 99/141
2026-07-26 14:09:04.582 | INFO     | llmc.eval.eval_ppl:eval_func:23 - index : 99/141
2026-07-26 14:09:04.772 | INFO     | llmc.eval.eval_ppl:eval_func:23 - index : 100/141
2026-07-26 14:09:04.772 | INFO     | llmc.eval.eval_ppl:eval_func:23 - index : 100/141
2026-07-26 14:09:04.962 | INFO     | llmc.eval.eval_ppl:eval_func:23 - index : 101/141
2026-07-26 14:09:04.962 | INFO     | llmc.eval.eval_ppl:eval_func:23 - index : 101/141
2026-07-26 14:09:05.153 | INFO     | llmc.eval.eval_ppl:eval_func:23 - index : 102/141
2026-07-26 14:09:05.153 | INFO     | llmc.eval.eval_ppl:eval_func:23 - index : 102/141
2026-07-26 14:09:05.342 | INFO     | llmc.eval.eval_ppl:eval_func:23 - index : 103/141
2026-07-26 14:09:05.342 | INFO     | llmc.eval.eval_ppl:eval_func:23 - index : 103/141
2026-07-26 14:09:05.532 | INFO     | llmc.eval.eval_ppl:eval_func:23 - index : 104/141
2026-07-26 14:09:05.532 | INFO     | llmc.eval.eval_ppl:eval_func:23 - index : 104/141
2026-07-26 14:09:05.723 | INFO     | llmc.eval.eval_ppl:eval_func:23 - index : 105/141
2026-07-26 14:09:05.723 | INFO     | llmc.eval.eval_ppl:eval_func:23 - index : 105/141
2026-07-26 14:09:05.913 | INFO     | llmc.eval.eval_ppl:eval_func:23 - index : 106/141
2026-07-26 14:09:05.913 | INFO     | llmc.eval.eval_ppl:eval_func:23 - index : 106/141
2026-07-26 14:09:06.104 | INFO     | llmc.eval.eval_ppl:eval_func:23 - index : 107/141
2026-07-26 14:09:06.104 | INFO     | llmc.eval.eval_ppl:eval_func:23 - index : 107/141
2026-07-26 14:09:06.294 | INFO     | llmc.eval.eval_ppl:eval_func:23 - index : 108/141
2026-07-26 14:09:06.294 | INFO     | llmc.eval.eval_ppl:eval_func:23 - index : 108/141
2026-07-26 14:09:06.484 | INFO     | llmc.eval.eval_ppl:eval_func:23 - index : 109/141
2026-07-26 14:09:06.484 | INFO     | llmc.eval.eval_ppl:eval_func:23 - index : 109/141
2026-07-26 14:09:06.675 | INFO     | llmc.eval.eval_ppl:eval_func:23 - index : 110/141
2026-07-26 14:09:06.675 | INFO     | llmc.eval.eval_ppl:eval_func:23 - index : 110/141
2026-07-26 14:09:06.865 | INFO     | llmc.eval.eval_ppl:eval_func:23 - index : 111/141
2026-07-26 14:09:06.865 | INFO     | llmc.eval.eval_ppl:eval_func:23 - index : 111/141
2026-07-26 14:09:07.056 | INFO     | llmc.eval.eval_ppl:eval_func:23 - index : 112/141
2026-07-26 14:09:07.056 | INFO     | llmc.eval.eval_ppl:eval_func:23 - index : 112/141
2026-07-26 14:09:07.245 | INFO     | llmc.eval.eval_ppl:eval_func:23 - index : 113/141
2026-07-26 14:09:07.245 | INFO     | llmc.eval.eval_ppl:eval_func:23 - index : 113/141
2026-07-26 14:09:07.436 | INFO     | llmc.eval.eval_ppl:eval_func:23 - index : 114/141
2026-07-26 14:09:07.436 | INFO     | llmc.eval.eval_ppl:eval_func:23 - index : 114/141
2026-07-26 14:09:07.626 | INFO     | llmc.eval.eval_ppl:eval_func:23 - index : 115/141
2026-07-26 14:09:07.626 | INFO     | llmc.eval.eval_ppl:eval_func:23 - index : 115/141
2026-07-26 14:09:07.816 | INFO     | llmc.eval.eval_ppl:eval_func:23 - index : 116/141
2026-07-26 14:09:07.816 | INFO     | llmc.eval.eval_ppl:eval_func:23 - index : 116/141
2026-07-26 14:09:08.007 | INFO     | llmc.eval.eval_ppl:eval_func:23 - index : 117/141
2026-07-26 14:09:08.007 | INFO     | llmc.eval.eval_ppl:eval_func:23 - index : 117/141
2026-07-26 14:09:08.197 | INFO     | llmc.eval.eval_ppl:eval_func:23 - index : 118/141
2026-07-26 14:09:08.197 | INFO     | llmc.eval.eval_ppl:eval_func:23 - index : 118/141
2026-07-26 14:09:08.387 | INFO     | llmc.eval.eval_ppl:eval_func:23 - index : 119/141
2026-07-26 14:09:08.387 | INFO     | llmc.eval.eval_ppl:eval_func:23 - index : 119/141
2026-07-26 14:09:08.577 | INFO     | llmc.eval.eval_ppl:eval_func:23 - index : 120/141
2026-07-26 14:09:08.577 | INFO     | llmc.eval.eval_ppl:eval_func:23 - index : 120/141
2026-07-26 14:09:08.768 | INFO     | llmc.eval.eval_ppl:eval_func:23 - index : 121/141
2026-07-26 14:09:08.768 | INFO     | llmc.eval.eval_ppl:eval_func:23 - index : 121/141
2026-07-26 14:09:08.958 | INFO     | llmc.eval.eval_ppl:eval_func:23 - index : 122/141
2026-07-26 14:09:08.958 | INFO     | llmc.eval.eval_ppl:eval_func:23 - index : 122/141
2026-07-26 14:09:09.148 | INFO     | llmc.eval.eval_ppl:eval_func:23 - index : 123/141
2026-07-26 14:09:09.148 | INFO     | llmc.eval.eval_ppl:eval_func:23 - index : 123/141
2026-07-26 14:09:09.338 | INFO     | llmc.eval.eval_ppl:eval_func:23 - index : 124/141
2026-07-26 14:09:09.338 | INFO     | llmc.eval.eval_ppl:eval_func:23 - index : 124/141
2026-07-26 14:09:09.529 | INFO     | llmc.eval.eval_ppl:eval_func:23 - index : 125/141
2026-07-26 14:09:09.529 | INFO     | llmc.eval.eval_ppl:eval_func:23 - index : 125/141
2026-07-26 14:09:09.719 | INFO     | llmc.eval.eval_ppl:eval_func:23 - index : 126/141
2026-07-26 14:09:09.719 | INFO     | llmc.eval.eval_ppl:eval_func:23 - index : 126/141
2026-07-26 14:09:09.909 | INFO     | llmc.eval.eval_ppl:eval_func:23 - index : 127/141
2026-07-26 14:09:09.909 | INFO     | llmc.eval.eval_ppl:eval_func:23 - index : 127/141
2026-07-26 14:09:10.099 | INFO     | llmc.eval.eval_ppl:eval_func:23 - index : 128/141
2026-07-26 14:09:10.099 | INFO     | llmc.eval.eval_ppl:eval_func:23 - index : 128/141
2026-07-26 14:09:10.290 | INFO     | llmc.eval.eval_ppl:eval_func:23 - index : 129/141
2026-07-26 14:09:10.290 | INFO     | llmc.eval.eval_ppl:eval_func:23 - index : 129/141
2026-07-26 14:09:10.480 | INFO     | llmc.eval.eval_ppl:eval_func:23 - index : 130/141
2026-07-26 14:09:10.480 | INFO     | llmc.eval.eval_ppl:eval_func:23 - index : 130/141
2026-07-26 14:09:10.670 | INFO     | llmc.eval.eval_ppl:eval_func:23 - index : 131/141
2026-07-26 14:09:10.670 | INFO     | llmc.eval.eval_ppl:eval_func:23 - index : 131/141
2026-07-26 14:09:10.860 | INFO     | llmc.eval.eval_ppl:eval_func:23 - index : 132/141
2026-07-26 14:09:10.860 | INFO     | llmc.eval.eval_ppl:eval_func:23 - index : 132/141
2026-07-26 14:09:11.051 | INFO     | llmc.eval.eval_ppl:eval_func:23 - index : 133/141
2026-07-26 14:09:11.051 | INFO     | llmc.eval.eval_ppl:eval_func:23 - index : 133/141
2026-07-26 14:09:11.241 | INFO     | llmc.eval.eval_ppl:eval_func:23 - index : 134/141
2026-07-26 14:09:11.241 | INFO     | llmc.eval.eval_ppl:eval_func:23 - index : 134/141
2026-07-26 14:09:11.431 | INFO     | llmc.eval.eval_ppl:eval_func:23 - index : 135/141
2026-07-26 14:09:11.431 | INFO     | llmc.eval.eval_ppl:eval_func:23 - index : 135/141
2026-07-26 14:09:11.621 | INFO     | llmc.eval.eval_ppl:eval_func:23 - index : 136/141
2026-07-26 14:09:11.621 | INFO     | llmc.eval.eval_ppl:eval_func:23 - index : 136/141
2026-07-26 14:09:11.812 | INFO     | llmc.eval.eval_ppl:eval_func:23 - index : 137/141
2026-07-26 14:09:11.812 | INFO     | llmc.eval.eval_ppl:eval_func:23 - index : 137/141
2026-07-26 14:09:12.002 | INFO     | llmc.eval.eval_ppl:eval_func:23 - index : 138/141
2026-07-26 14:09:12.002 | INFO     | llmc.eval.eval_ppl:eval_func:23 - index : 138/141
2026-07-26 14:09:12.193 | INFO     | llmc.eval.eval_ppl:eval_func:23 - index : 139/141
2026-07-26 14:09:12.193 | INFO     | llmc.eval.eval_ppl:eval_func:23 - index : 139/141
2026-07-26 14:09:12.383 | INFO     | llmc.eval.eval_ppl:eval_func:23 - index : 140/141
2026-07-26 14:09:12.383 | INFO     | llmc.eval.eval_ppl:eval_func:23 - index : 140/141
2026-07-26 14:09:12.573 | INFO     | llmc.eval.eval_ppl:eval_func:23 - index : 141/141
2026-07-26 14:09:12.573 | INFO     | llmc.eval.eval_ppl:eval_func:23 - index : 141/141
2026-07-26 14:09:15.177 | INFO     | llmc.eval.utils:eval_model:94 - EVAL: ppl on wikitext2 is 8.271451950073242
2026-07-26 14:09:15.177 | INFO     | llmc.eval.utils:eval_model:94 - EVAL: ppl on wikitext2 is 8.271451950073242
2026-07-26 14:09:15.177 | INFO     | llmc.compression.quantization.base_blockwise_quantization:deploy:971 - -- deploy_fake_quant_model start --
2026-07-26 14:09:15.177 | INFO     | llmc.compression.quantization.base_blockwise_quantization:deploy:971 - -- deploy_fake_quant_model start --
2026-07-26 14:09:15.177 | INFO     | llmc.compression.quantization.base_blockwise_quantization:deploy:972 - quant_config : {'method': 'GPTQ', 'weight': {'bit': 4, 'symmetric': False, 'granularity': 'per_group', 'group_size': 128, 'tp': 1}, 'special': {'actorder': True, 'static_groups': False, 'percdamp': 0.01, 'blocksize': 128, 'true_sequential': True}, 'quant_out': True, 'modality': 'language'}
2026-07-26 14:09:15.177 | INFO     | llmc.compression.quantization.base_blockwise_quantization:deploy:972 - quant_config : {'method': 'GPTQ', 'weight': {'bit': 4, 'symmetric': False, 'granularity': 'per_group', 'group_size': 128, 'tp': 1}, 'special': {'actorder': True, 'static_groups': False, 'percdamp': 0.01, 'blocksize': 128, 'true_sequential': True}, 'quant_out': True, 'modality': 'language'}
2026-07-26 14:09:15.177 | INFO     | llmc.models.base_model:add_layernorms_class:277 - _TRANSFORMERS_LN_TYPES_ : [<class 'torch.nn.modules.normalization.LayerNorm'>, <class 'transformers.models.llama.modeling_llama.LlamaRMSNorm'>]
2026-07-26 14:09:15.177 | INFO     | llmc.models.base_model:add_layernorms_class:277 - _TRANSFORMERS_LN_TYPES_ : [<class 'torch.nn.modules.normalization.LayerNorm'>, <class 'transformers.models.llama.modeling_llama.LlamaRMSNorm'>]
2026-07-26 14:09:15.177 | INFO     | llmc.compression.quantization.base_blockwise_quantization:deploy:991 - set modality: language
2026-07-26 14:09:15.177 | INFO     | llmc.compression.quantization.base_blockwise_quantization:deploy:991 - set modality: language
2026-07-26 14:09:15.177 | INFO     | llmc.models.base_model:replace_module_all:383 - Replace block index: 0/28
2026-07-26 14:09:15.177 | INFO     | llmc.models.base_model:replace_module_all:383 - Replace block index: 0/28
2026-07-26 14:09:15.204 | INFO     | llmc.models.base_model:replace_module_subset:432 - replace >>> self_attn.q_proj in 0-th block
2026-07-26 14:09:15.204 | INFO     | llmc.models.base_model:replace_module_subset:432 - replace >>> self_attn.q_proj in 0-th block
2026-07-26 14:09:15.205 | INFO     | llmc.models.base_model:replace_module_subset:432 - replace >>> self_attn.k_proj in 0-th block
2026-07-26 14:09:15.205 | INFO     | llmc.models.base_model:replace_module_subset:432 - replace >>> self_attn.k_proj in 0-th block
2026-07-26 14:09:15.205 | INFO     | llmc.models.base_model:replace_module_subset:432 - replace >>> self_attn.v_proj in 0-th block
2026-07-26 14:09:15.205 | INFO     | llmc.models.base_model:replace_module_subset:432 - replace >>> self_attn.v_proj in 0-th block
2026-07-26 14:09:15.205 | INFO     | llmc.models.base_model:replace_module_subset:432 - replace >>> self_attn.o_proj in 0-th block
2026-07-26 14:09:15.205 | INFO     | llmc.models.base_model:replace_module_subset:432 - replace >>> self_attn.o_proj in 0-th block
2026-07-26 14:09:15.208 | INFO     | llmc.models.base_model:replace_module_subset:432 - replace >>> mlp.gate_proj in 0-th block
2026-07-26 14:09:15.208 | INFO     | llmc.models.base_model:replace_module_subset:432 - replace >>> mlp.gate_proj in 0-th block
2026-07-26 14:09:15.209 | INFO     | llmc.models.base_model:replace_module_subset:432 - replace >>> mlp.up_proj in 0-th block
2026-07-26 14:09:15.209 | INFO     | llmc.models.base_model:replace_module_subset:432 - replace >>> mlp.up_proj in 0-th block
2026-07-26 14:09:15.209 | INFO     | llmc.models.base_model:replace_module_subset:432 - replace >>> mlp.down_proj in 0-th block
2026-07-26 14:09:15.209 | INFO     | llmc.models.base_model:replace_module_subset:432 - replace >>> mlp.down_proj in 0-th block
2026-07-26 14:09:15.501 | INFO     | llmc.models.base_model:replace_module_all:383 - Replace block index: 1/28
2026-07-26 14:09:15.501 | INFO     | llmc.models.base_model:replace_module_all:383 - Replace block index: 1/28
2026-07-26 14:09:15.526 | INFO     | llmc.models.base_model:replace_module_subset:432 - replace >>> self_attn.q_proj in 1-th block
2026-07-26 14:09:15.526 | INFO     | llmc.models.base_model:replace_module_subset:432 - replace >>> self_attn.q_proj in 1-th block
2026-07-26 14:09:15.526 | INFO     | llmc.models.base_model:replace_module_subset:432 - replace >>> self_attn.k_proj in 1-th block
2026-07-26 14:09:15.526 | INFO     | llmc.models.base_model:replace_module_subset:432 - replace >>> self_attn.k_proj in 1-th block
2026-07-26 14:09:15.527 | INFO     | llmc.models.base_model:replace_module_subset:432 - replace >>> self_attn.v_proj in 1-th block
2026-07-26 14:09:15.527 | INFO     | llmc.models.base_model:replace_module_subset:432 - replace >>> self_attn.v_proj in 1-th block
2026-07-26 14:09:15.527 | INFO     | llmc.models.base_model:replace_module_subset:432 - replace >>> self_attn.o_proj in 1-th block
2026-07-26 14:09:15.527 | INFO     | llmc.models.base_model:replace_module_subset:432 - replace >>> self_attn.o_proj in 1-th block
2026-07-26 14:09:15.530 | INFO     | llmc.models.base_model:replace_module_subset:432 - replace >>> mlp.gate_proj in 1-th block
2026-07-26 14:09:15.530 | INFO     | llmc.models.base_model:replace_module_subset:432 - replace >>> mlp.gate_proj in 1-th block
2026-07-26 14:09:15.531 | INFO     | llmc.models.base_model:replace_module_subset:432 - replace >>> mlp.up_proj in 1-th block
2026-07-26 14:09:15.531 | INFO     | llmc.models.base_model:replace_module_subset:432 - replace >>> mlp.up_proj in 1-th block
2026-07-26 14:09:15.532 | INFO     | llmc.models.base_model:replace_module_subset:432 - replace >>> mlp.down_proj in 1-th block
2026-07-26 14:09:15.532 | INFO     | llmc.models.base_model:replace_module_subset:432 - replace >>> mlp.down_proj in 1-th block
2026-07-26 14:09:15.796 | INFO     | llmc.models.base_model:replace_module_all:383 - Replace block index: 2/28
2026-07-26 14:09:15.796 | INFO     | llmc.models.base_model:replace_module_all:383 - Replace block index: 2/28
2026-07-26 14:09:15.820 | INFO     | llmc.models.base_model:replace_module_subset:432 - replace >>> self_attn.q_proj in 2-th block
2026-07-26 14:09:15.820 | INFO     | llmc.models.base_model:replace_module_subset:432 - replace >>> self_attn.q_proj in 2-th block
2026-07-26 14:09:15.821 | INFO     | llmc.models.base_model:replace_module_subset:432 - replace >>> self_attn.k_proj in 2-th block
2026-07-26 14:09:15.821 | INFO     | llmc.models.base_model:replace_module_subset:432 - replace >>> self_attn.k_proj in 2-th block
2026-07-26 14:09:15.821 | INFO     | llmc.models.base_model:replace_module_subset:432 - replace >>> self_attn.v_proj in 2-th block
2026-07-26 14:09:15.821 | INFO     | llmc.models.base_model:replace_module_subset:432 - replace >>> self_attn.v_proj in 2-th block
2026-07-26 14:09:15.822 | INFO     | llmc.models.base_model:replace_module_subset:432 - replace >>> self_attn.o_proj in 2-th block
2026-07-26 14:09:15.822 | INFO     | llmc.models.base_model:replace_module_subset:432 - replace >>> self_attn.o_proj in 2-th block
2026-07-26 14:09:15.824 | INFO     | llmc.models.base_model:replace_module_subset:432 - replace >>> mlp.gate_proj in 2-th block
2026-07-26 14:09:15.824 | INFO     | llmc.models.base_model:replace_module_subset:432 - replace >>> mlp.gate_proj in 2-th block
2026-07-26 14:09:15.825 | INFO     | llmc.models.base_model:replace_module_subset:432 - replace >>> mlp.up_proj in 2-th block
2026-07-26 14:09:15.825 | INFO     | llmc.models.base_model:replace_module_subset:432 - replace >>> mlp.up_proj in 2-th block
2026-07-26 14:09:15.827 | INFO     | llmc.models.base_model:replace_module_subset:432 - replace >>> mlp.down_proj in 2-th block
2026-07-26 14:09:15.827 | INFO     | llmc.models.base_model:replace_module_subset:432 - replace >>> mlp.down_proj in 2-th block
2026-07-26 14:09:16.065 | INFO     | llmc.models.base_model:replace_module_all:383 - Replace block index: 3/28
2026-07-26 14:09:16.065 | INFO     | llmc.models.base_model:replace_module_all:383 - Replace block index: 3/28
2026-07-26 14:09:16.091 | INFO     | llmc.models.base_model:replace_module_subset:432 - replace >>> self_attn.q_proj in 3-th block
2026-07-26 14:09:16.091 | INFO     | llmc.models.base_model:replace_module_subset:432 - replace >>> self_attn.q_proj in 3-th block
2026-07-26 14:09:16.092 | INFO     | llmc.models.base_model:replace_module_subset:432 - replace >>> self_attn.k_proj in 3-th block
2026-07-26 14:09:16.092 | INFO     | llmc.models.base_model:replace_module_subset:432 - replace >>> self_attn.k_proj in 3-th block
2026-07-26 14:09:16.092 | INFO     | llmc.models.base_model:replace_module_subset:432 - replace >>> self_attn.v_proj in 3-th block
2026-07-26 14:09:16.092 | INFO     | llmc.models.base_model:replace_module_subset:432 - replace >>> self_attn.v_proj in 3-th block
2026-07-26 14:09:16.093 | INFO     | llmc.models.base_model:replace_module_subset:432 - replace >>> self_attn.o_proj in 3-th block
2026-07-26 14:09:16.093 | INFO     | llmc.models.base_model:replace_module_subset:432 - replace >>> self_attn.o_proj in 3-th block
2026-07-26 14:09:16.096 | INFO     | llmc.models.base_model:replace_module_subset:432 - replace >>> mlp.gate_proj in 3-th block
2026-07-26 14:09:16.096 | INFO     | llmc.models.base_model:replace_module_subset:432 - replace >>> mlp.gate_proj in 3-th block
2026-07-26 14:09:16.097 | INFO     | llmc.models.base_model:replace_module_subset:432 - replace >>> mlp.up_proj in 3-th block
2026-07-26 14:09:16.097 | INFO     | llmc.models.base_model:replace_module_subset:432 - replace >>> mlp.up_proj in 3-th block
2026-07-26 14:09:16.098 | INFO     | llmc.models.base_model:replace_module_subset:432 - replace >>> mlp.down_proj in 3-th block
2026-07-26 14:09:16.098 | INFO     | llmc.models.base_model:replace_module_subset:432 - replace >>> mlp.down_proj in 3-th block
2026-07-26 14:09:16.334 | INFO     | llmc.models.base_model:replace_module_all:383 - Replace block index: 4/28
2026-07-26 14:09:16.334 | INFO     | llmc.models.base_model:replace_module_all:383 - Replace block index: 4/28
2026-07-26 14:09:16.359 | INFO     | llmc.models.base_model:replace_module_subset:432 - replace >>> self_attn.q_proj in 4-th block
2026-07-26 14:09:16.359 | INFO     | llmc.models.base_model:replace_module_subset:432 - replace >>> self_attn.q_proj in 4-th block
2026-07-26 14:09:16.360 | INFO     | llmc.models.base_model:replace_module_subset:432 - replace >>> self_attn.k_proj in 4-th block
2026-07-26 14:09:16.360 | INFO     | llmc.models.base_model:replace_module_subset:432 - replace >>> self_attn.k_proj in 4-th block
2026-07-26 14:09:16.360 | INFO     | llmc.models.base_model:replace_module_subset:432 - replace >>> self_attn.v_proj in 4-th block
2026-07-26 14:09:16.360 | INFO     | llmc.models.base_model:replace_module_subset:432 - replace >>> self_attn.v_proj in 4-th block
2026-07-26 14:09:16.362 | INFO     | llmc.models.base_model:replace_module_subset:432 - replace >>> self_attn.o_proj in 4-th block
2026-07-26 14:09:16.362 | INFO     | llmc.models.base_model:replace_module_subset:432 - replace >>> self_attn.o_proj in 4-th block
2026-07-26 14:09:16.364 | INFO     | llmc.models.base_model:replace_module_subset:432 - replace >>> mlp.gate_proj in 4-th block
2026-07-26 14:09:16.364 | INFO     | llmc.models.base_model:replace_module_subset:432 - replace >>> mlp.gate_proj in 4-th block
2026-07-26 14:09:16.365 | INFO     | llmc.models.base_model:replace_module_subset:432 - replace >>> mlp.up_proj in 4-th block
2026-07-26 14:09:16.365 | INFO     | llmc.models.base_model:replace_module_subset:432 - replace >>> mlp.up_proj in 4-th block
2026-07-26 14:09:16.366 | INFO     | llmc.models.base_model:replace_module_subset:432 - replace >>> mlp.down_proj in 4-th block
2026-07-26 14:09:16.366 | INFO     | llmc.models.base_model:replace_module_subset:432 - replace >>> mlp.down_proj in 4-th block
2026-07-26 14:09:16.603 | INFO     | llmc.models.base_model:replace_module_all:383 - Replace block index: 5/28
2026-07-26 14:09:16.603 | INFO     | llmc.models.base_model:replace_module_all:383 - Replace block index: 5/28
2026-07-26 14:09:16.628 | INFO     | llmc.models.base_model:replace_module_subset:432 - replace >>> self_attn.q_proj in 5-th block
2026-07-26 14:09:16.628 | INFO     | llmc.models.base_model:replace_module_subset:432 - replace >>> self_attn.q_proj in 5-th block
2026-07-26 14:09:16.629 | INFO     | llmc.models.base_model:replace_module_subset:432 - replace >>> self_attn.k_proj in 5-th block
2026-07-26 14:09:16.629 | INFO     | llmc.models.base_model:replace_module_subset:432 - replace >>> self_attn.k_proj in 5-th block
2026-07-26 14:09:16.629 | INFO     | llmc.models.base_model:replace_module_subset:432 - replace >>> self_attn.v_proj in 5-th block
2026-07-26 14:09:16.629 | INFO     | llmc.models.base_model:replace_module_subset:432 - replace >>> self_attn.v_proj in 5-th block
2026-07-26 14:09:16.631 | INFO     | llmc.models.base_model:replace_module_subset:432 - replace >>> self_attn.o_proj in 5-th block
2026-07-26 14:09:16.631 | INFO     | llmc.models.base_model:replace_module_subset:432 - replace >>> self_attn.o_proj in 5-th block
2026-07-26 14:09:16.633 | INFO     | llmc.models.base_model:replace_module_subset:432 - replace >>> mlp.gate_proj in 5-th block
2026-07-26 14:09:16.633 | INFO     | llmc.models.base_model:replace_module_subset:432 - replace >>> mlp.gate_proj in 5-th block
2026-07-26 14:09:16.634 | INFO     | llmc.models.base_model:replace_module_subset:432 - replace >>> mlp.up_proj in 5-th block
2026-07-26 14:09:16.634 | INFO     | llmc.models.base_model:replace_module_subset:432 - replace >>> mlp.up_proj in 5-th block
2026-07-26 14:09:16.635 | INFO     | llmc.models.base_model:replace_module_subset:432 - replace >>> mlp.down_proj in 5-th block
2026-07-26 14:09:16.635 | INFO     | llmc.models.base_model:replace_module_subset:432 - replace >>> mlp.down_proj in 5-th block
2026-07-26 14:09:16.874 | INFO     | llmc.models.base_model:replace_module_all:383 - Replace block index: 6/28
2026-07-26 14:09:16.874 | INFO     | llmc.models.base_model:replace_module_all:383 - Replace block index: 6/28
2026-07-26 14:09:16.899 | INFO     | llmc.models.base_model:replace_module_subset:432 - replace >>> self_attn.q_proj in 6-th block
2026-07-26 14:09:16.899 | INFO     | llmc.models.base_model:replace_module_subset:432 - replace >>> self_attn.q_proj in 6-th block
2026-07-26 14:09:16.899 | INFO     | llmc.models.base_model:replace_module_subset:432 - replace >>> self_attn.k_proj in 6-th block
2026-07-26 14:09:16.899 | INFO     | llmc.models.base_model:replace_module_subset:432 - replace >>> self_attn.k_proj in 6-th block
2026-07-26 14:09:16.899 | INFO     | llmc.models.base_model:replace_module_subset:432 - replace >>> self_attn.v_proj in 6-th block
2026-07-26 14:09:16.899 | INFO     | llmc.models.base_model:replace_module_subset:432 - replace >>> self_attn.v_proj in 6-th block
2026-07-26 14:09:16.900 | INFO     | llmc.models.base_model:replace_module_subset:432 - replace >>> self_attn.o_proj in 6-th block
2026-07-26 14:09:16.900 | INFO     | llmc.models.base_model:replace_module_subset:432 - replace >>> self_attn.o_proj in 6-th block
2026-07-26 14:09:16.902 | INFO     | llmc.models.base_model:replace_module_subset:432 - replace >>> mlp.gate_proj in 6-th block
2026-07-26 14:09:16.902 | INFO     | llmc.models.base_model:replace_module_subset:432 - replace >>> mlp.gate_proj in 6-th block
2026-07-26 14:09:16.903 | INFO     | llmc.models.base_model:replace_module_subset:432 - replace >>> mlp.up_proj in 6-th block
2026-07-26 14:09:16.903 | INFO     | llmc.models.base_model:replace_module_subset:432 - replace >>> mlp.up_proj in 6-th block
2026-07-26 14:09:16.904 | INFO     | llmc.models.base_model:replace_module_subset:432 - replace >>> mlp.down_proj in 6-th block
2026-07-26 14:09:16.904 | INFO     | llmc.models.base_model:replace_module_subset:432 - replace >>> mlp.down_proj in 6-th block
2026-07-26 14:09:17.156 | INFO     | llmc.models.base_model:replace_module_all:383 - Replace block index: 7/28
2026-07-26 14:09:17.156 | INFO     | llmc.models.base_model:replace_module_all:383 - Replace block index: 7/28
2026-07-26 14:09:17.184 | INFO     | llmc.models.base_model:replace_module_subset:432 - replace >>> self_attn.q_proj in 7-th block
2026-07-26 14:09:17.184 | INFO     | llmc.models.base_model:replace_module_subset:432 - replace >>> self_attn.q_proj in 7-th block
2026-07-26 14:09:17.184 | INFO     | llmc.models.base_model:replace_module_subset:432 - replace >>> self_attn.k_proj in 7-th block
2026-07-26 14:09:17.184 | INFO     | llmc.models.base_model:replace_module_subset:432 - replace >>> self_attn.k_proj in 7-th block
2026-07-26 14:09:17.184 | INFO     | llmc.models.base_model:replace_module_subset:432 - replace >>> self_attn.v_proj in 7-th block
2026-07-26 14:09:17.184 | INFO     | llmc.models.base_model:replace_module_subset:432 - replace >>> self_attn.v_proj in 7-th block
2026-07-26 14:09:17.185 | INFO     | llmc.models.base_model:replace_module_subset:432 - replace >>> self_attn.o_proj in 7-th block
2026-07-26 14:09:17.185 | INFO     | llmc.models.base_model:replace_module_subset:432 - replace >>> self_attn.o_proj in 7-th block
2026-07-26 14:09:17.188 | INFO     | llmc.models.base_model:replace_module_subset:432 - replace >>> mlp.gate_proj in 7-th block
2026-07-26 14:09:17.188 | INFO     | llmc.models.base_model:replace_module_subset:432 - replace >>> mlp.gate_proj in 7-th block
2026-07-26 14:09:17.189 | INFO     | llmc.models.base_model:replace_module_subset:432 - replace >>> mlp.up_proj in 7-th block
2026-07-26 14:09:17.189 | INFO     | llmc.models.base_model:replace_module_subset:432 - replace >>> mlp.up_proj in 7-th block
2026-07-26 14:09:17.190 | INFO     | llmc.models.base_model:replace_module_subset:432 - replace >>> mlp.down_proj in 7-th block
2026-07-26 14:09:17.190 | INFO     | llmc.models.base_model:replace_module_subset:432 - replace >>> mlp.down_proj in 7-th block
2026-07-26 14:09:17.431 | INFO     | llmc.models.base_model:replace_module_all:383 - Replace block index: 8/28
2026-07-26 14:09:17.431 | INFO     | llmc.models.base_model:replace_module_all:383 - Replace block index: 8/28
2026-07-26 14:09:17.461 | INFO     | llmc.models.base_model:replace_module_subset:432 - replace >>> self_attn.q_proj in 8-th block
2026-07-26 14:09:17.461 | INFO     | llmc.models.base_model:replace_module_subset:432 - replace >>> self_attn.q_proj in 8-th block
2026-07-26 14:09:17.462 | INFO     | llmc.models.base_model:replace_module_subset:432 - replace >>> self_attn.k_proj in 8-th block
2026-07-26 14:09:17.462 | INFO     | llmc.models.base_model:replace_module_subset:432 - replace >>> self_attn.k_proj in 8-th block
2026-07-26 14:09:17.462 | INFO     | llmc.models.base_model:replace_module_subset:432 - replace >>> self_attn.v_proj in 8-th block
2026-07-26 14:09:17.462 | INFO     | llmc.models.base_model:replace_module_subset:432 - replace >>> self_attn.v_proj in 8-th block
2026-07-26 14:09:17.462 | INFO     | llmc.models.base_model:replace_module_subset:432 - replace >>> self_attn.o_proj in 8-th block
2026-07-26 14:09:17.462 | INFO     | llmc.models.base_model:replace_module_subset:432 - replace >>> self_attn.o_proj in 8-th block
2026-07-26 14:09:17.465 | INFO     | llmc.models.base_model:replace_module_subset:432 - replace >>> mlp.gate_proj in 8-th block
2026-07-26 14:09:17.465 | INFO     | llmc.models.base_model:replace_module_subset:432 - replace >>> mlp.gate_proj in 8-th block
2026-07-26 14:09:17.466 | INFO     | llmc.models.base_model:replace_module_subset:432 - replace >>> mlp.up_proj in 8-th block
2026-07-26 14:09:17.466 | INFO     | llmc.models.base_model:replace_module_subset:432 - replace >>> mlp.up_proj in 8-th block
2026-07-26 14:09:17.467 | INFO     | llmc.models.base_model:replace_module_subset:432 - replace >>> mlp.down_proj in 8-th block
2026-07-26 14:09:17.467 | INFO     | llmc.models.base_model:replace_module_subset:432 - replace >>> mlp.down_proj in 8-th block
2026-07-26 14:09:17.734 | INFO     | llmc.models.base_model:replace_module_all:383 - Replace block index: 9/28
2026-07-26 14:09:17.734 | INFO     | llmc.models.base_model:replace_module_all:383 - Replace block index: 9/28
2026-07-26 14:09:17.761 | INFO     | llmc.models.base_model:replace_module_subset:432 - replace >>> self_attn.q_proj in 9-th block
2026-07-26 14:09:17.761 | INFO     | llmc.models.base_model:replace_module_subset:432 - replace >>> self_attn.q_proj in 9-th block
2026-07-26 14:09:17.762 | INFO     | llmc.models.base_model:replace_module_subset:432 - replace >>> self_attn.k_proj in 9-th block
2026-07-26 14:09:17.762 | INFO     | llmc.models.base_model:replace_module_subset:432 - replace >>> self_attn.k_proj in 9-th block
2026-07-26 14:09:17.762 | INFO     | llmc.models.base_model:replace_module_subset:432 - replace >>> self_attn.v_proj in 9-th block
2026-07-26 14:09:17.762 | INFO     | llmc.models.base_model:replace_module_subset:432 - replace >>> self_attn.v_proj in 9-th block
2026-07-26 14:09:17.763 | INFO     | llmc.models.base_model:replace_module_subset:432 - replace >>> self_attn.o_proj in 9-th block
2026-07-26 14:09:17.763 | INFO     | llmc.models.base_model:replace_module_subset:432 - replace >>> self_attn.o_proj in 9-th block
2026-07-26 14:09:17.765 | INFO     | llmc.models.base_model:replace_module_subset:432 - replace >>> mlp.gate_proj in 9-th block
2026-07-26 14:09:17.765 | INFO     | llmc.models.base_model:replace_module_subset:432 - replace >>> mlp.gate_proj in 9-th block
2026-07-26 14:09:17.766 | INFO     | llmc.models.base_model:replace_module_subset:432 - replace >>> mlp.up_proj in 9-th block
2026-07-26 14:09:17.766 | INFO     | llmc.models.base_model:replace_module_subset:432 - replace >>> mlp.up_proj in 9-th block
2026-07-26 14:09:17.767 | INFO     | llmc.models.base_model:replace_module_subset:432 - replace >>> mlp.down_proj in 9-th block
2026-07-26 14:09:17.767 | INFO     | llmc.models.base_model:replace_module_subset:432 - replace >>> mlp.down_proj in 9-th block
2026-07-26 14:09:18.029 | INFO     | llmc.models.base_model:replace_module_all:383 - Replace block index: 10/28
2026-07-26 14:09:18.029 | INFO     | llmc.models.base_model:replace_module_all:383 - Replace block index: 10/28
2026-07-26 14:09:18.057 | INFO     | llmc.models.base_model:replace_module_subset:432 - replace >>> self_attn.q_proj in 10-th block
2026-07-26 14:09:18.057 | INFO     | llmc.models.base_model:replace_module_subset:432 - replace >>> self_attn.q_proj in 10-th block
2026-07-26 14:09:18.057 | INFO     | llmc.models.base_model:replace_module_subset:432 - replace >>> self_attn.k_proj in 10-th block
2026-07-26 14:09:18.057 | INFO     | llmc.models.base_model:replace_module_subset:432 - replace >>> self_attn.k_proj in 10-th block
2026-07-26 14:09:18.058 | INFO     | llmc.models.base_model:replace_module_subset:432 - replace >>> self_attn.v_proj in 10-th block
2026-07-26 14:09:18.058 | INFO     | llmc.models.base_model:replace_module_subset:432 - replace >>> self_attn.v_proj in 10-th block
2026-07-26 14:09:18.059 | INFO     | llmc.models.base_model:replace_module_subset:432 - replace >>> self_attn.o_proj in 10-th block
2026-07-26 14:09:18.059 | INFO     | llmc.models.base_model:replace_module_subset:432 - replace >>> self_attn.o_proj in 10-th block
2026-07-26 14:09:18.061 | INFO     | llmc.models.base_model:replace_module_subset:432 - replace >>> mlp.gate_proj in 10-th block
2026-07-26 14:09:18.061 | INFO     | llmc.models.base_model:replace_module_subset:432 - replace >>> mlp.gate_proj in 10-th block
2026-07-26 14:09:18.062 | INFO     | llmc.models.base_model:replace_module_subset:432 - replace >>> mlp.up_proj in 10-th block
2026-07-26 14:09:18.062 | INFO     | llmc.models.base_model:replace_module_subset:432 - replace >>> mlp.up_proj in 10-th block
2026-07-26 14:09:18.063 | INFO     | llmc.models.base_model:replace_module_subset:432 - replace >>> mlp.down_proj in 10-th block
2026-07-26 14:09:18.063 | INFO     | llmc.models.base_model:replace_module_subset:432 - replace >>> mlp.down_proj in 10-th block
2026-07-26 14:09:18.342 | INFO     | llmc.models.base_model:replace_module_all:383 - Replace block index: 11/28
2026-07-26 14:09:18.342 | INFO     | llmc.models.base_model:replace_module_all:383 - Replace block index: 11/28
2026-07-26 14:09:18.368 | INFO     | llmc.models.base_model:replace_module_subset:432 - replace >>> self_attn.q_proj in 11-th block
2026-07-26 14:09:18.368 | INFO     | llmc.models.base_model:replace_module_subset:432 - replace >>> self_attn.q_proj in 11-th block
2026-07-26 14:09:18.369 | INFO     | llmc.models.base_model:replace_module_subset:432 - replace >>> self_attn.k_proj in 11-th block
2026-07-26 14:09:18.369 | INFO     | llmc.models.base_model:replace_module_subset:432 - replace >>> self_attn.k_proj in 11-th block
2026-07-26 14:09:18.369 | INFO     | llmc.models.base_model:replace_module_subset:432 - replace >>> self_attn.v_proj in 11-th block
2026-07-26 14:09:18.369 | INFO     | llmc.models.base_model:replace_module_subset:432 - replace >>> self_attn.v_proj in 11-th block
2026-07-26 14:09:18.370 | INFO     | llmc.models.base_model:replace_module_subset:432 - replace >>> self_attn.o_proj in 11-th block
2026-07-26 14:09:18.370 | INFO     | llmc.models.base_model:replace_module_subset:432 - replace >>> self_attn.o_proj in 11-th block
2026-07-26 14:09:18.372 | INFO     | llmc.models.base_model:replace_module_subset:432 - replace >>> mlp.gate_proj in 11-th block
2026-07-26 14:09:18.372 | INFO     | llmc.models.base_model:replace_module_subset:432 - replace >>> mlp.gate_proj in 11-th block
2026-07-26 14:09:18.373 | INFO     | llmc.models.base_model:replace_module_subset:432 - replace >>> mlp.up_proj in 11-th block
2026-07-26 14:09:18.373 | INFO     | llmc.models.base_model:replace_module_subset:432 - replace >>> mlp.up_proj in 11-th block
2026-07-26 14:09:18.374 | INFO     | llmc.models.base_model:replace_module_subset:432 - replace >>> mlp.down_proj in 11-th block
2026-07-26 14:09:18.374 | INFO     | llmc.models.base_model:replace_module_subset:432 - replace >>> mlp.down_proj in 11-th block
2026-07-26 14:09:18.642 | INFO     | llmc.models.base_model:replace_module_all:383 - Replace block index: 12/28
2026-07-26 14:09:18.642 | INFO     | llmc.models.base_model:replace_module_all:383 - Replace block index: 12/28
2026-07-26 14:09:18.669 | INFO     | llmc.models.base_model:replace_module_subset:432 - replace >>> self_attn.q_proj in 12-th block
2026-07-26 14:09:18.669 | INFO     | llmc.models.base_model:replace_module_subset:432 - replace >>> self_attn.q_proj in 12-th block
2026-07-26 14:09:18.670 | INFO     | llmc.models.base_model:replace_module_subset:432 - replace >>> self_attn.k_proj in 12-th block
2026-07-26 14:09:18.670 | INFO     | llmc.models.base_model:replace_module_subset:432 - replace >>> self_attn.k_proj in 12-th block
2026-07-26 14:09:18.671 | INFO     | llmc.models.base_model:replace_module_subset:432 - replace >>> self_attn.v_proj in 12-th block
2026-07-26 14:09:18.671 | INFO     | llmc.models.base_model:replace_module_subset:432 - replace >>> self_attn.v_proj in 12-th block
2026-07-26 14:09:18.672 | INFO     | llmc.models.base_model:replace_module_subset:432 - replace >>> self_attn.o_proj in 12-th block
2026-07-26 14:09:18.672 | INFO     | llmc.models.base_model:replace_module_subset:432 - replace >>> self_attn.o_proj in 12-th block
2026-07-26 14:09:18.676 | INFO     | llmc.models.base_model:replace_module_subset:432 - replace >>> mlp.gate_proj in 12-th block
2026-07-26 14:09:18.676 | INFO     | llmc.models.base_model:replace_module_subset:432 - replace >>> mlp.gate_proj in 12-th block
2026-07-26 14:09:18.677 | INFO     | llmc.models.base_model:replace_module_subset:432 - replace >>> mlp.up_proj in 12-th block
2026-07-26 14:09:18.677 | INFO     | llmc.models.base_model:replace_module_subset:432 - replace >>> mlp.up_proj in 12-th block
2026-07-26 14:09:18.678 | INFO     | llmc.models.base_model:replace_module_subset:432 - replace >>> mlp.down_proj in 12-th block
2026-07-26 14:09:18.678 | INFO     | llmc.models.base_model:replace_module_subset:432 - replace >>> mlp.down_proj in 12-th block
2026-07-26 14:09:18.952 | INFO     | llmc.models.base_model:replace_module_all:383 - Replace block index: 13/28
2026-07-26 14:09:18.952 | INFO     | llmc.models.base_model:replace_module_all:383 - Replace block index: 13/28
2026-07-26 14:09:18.980 | INFO     | llmc.models.base_model:replace_module_subset:432 - replace >>> self_attn.q_proj in 13-th block
2026-07-26 14:09:18.980 | INFO     | llmc.models.base_model:replace_module_subset:432 - replace >>> self_attn.q_proj in 13-th block
2026-07-26 14:09:18.980 | INFO     | llmc.models.base_model:replace_module_subset:432 - replace >>> self_attn.k_proj in 13-th block
2026-07-26 14:09:18.980 | INFO     | llmc.models.base_model:replace_module_subset:432 - replace >>> self_attn.k_proj in 13-th block
2026-07-26 14:09:18.980 | INFO     | llmc.models.base_model:replace_module_subset:432 - replace >>> self_attn.v_proj in 13-th block
2026-07-26 14:09:18.980 | INFO     | llmc.models.base_model:replace_module_subset:432 - replace >>> self_attn.v_proj in 13-th block
2026-07-26 14:09:18.981 | INFO     | llmc.models.base_model:replace_module_subset:432 - replace >>> self_attn.o_proj in 13-th block
2026-07-26 14:09:18.981 | INFO     | llmc.models.base_model:replace_module_subset:432 - replace >>> self_attn.o_proj in 13-th block
2026-07-26 14:09:18.983 | INFO     | llmc.models.base_model:replace_module_subset:432 - replace >>> mlp.gate_proj in 13-th block
2026-07-26 14:09:18.983 | INFO     | llmc.models.base_model:replace_module_subset:432 - replace >>> mlp.gate_proj in 13-th block
2026-07-26 14:09:18.984 | INFO     | llmc.models.base_model:replace_module_subset:432 - replace >>> mlp.up_proj in 13-th block
2026-07-26 14:09:18.984 | INFO     | llmc.models.base_model:replace_module_subset:432 - replace >>> mlp.up_proj in 13-th block
2026-07-26 14:09:18.985 | INFO     | llmc.models.base_model:replace_module_subset:432 - replace >>> mlp.down_proj in 13-th block
2026-07-26 14:09:18.985 | INFO     | llmc.models.base_model:replace_module_subset:432 - replace >>> mlp.down_proj in 13-th block
2026-07-26 14:09:19.260 | INFO     | llmc.models.base_model:replace_module_all:383 - Replace block index: 14/28
2026-07-26 14:09:19.260 | INFO     | llmc.models.base_model:replace_module_all:383 - Replace block index: 14/28
2026-07-26 14:09:19.286 | INFO     | llmc.models.base_model:replace_module_subset:432 - replace >>> self_attn.q_proj in 14-th block
2026-07-26 14:09:19.286 | INFO     | llmc.models.base_model:replace_module_subset:432 - replace >>> self_attn.q_proj in 14-th block
2026-07-26 14:09:19.287 | INFO     | llmc.models.base_model:replace_module_subset:432 - replace >>> self_attn.k_proj in 14-th block
2026-07-26 14:09:19.287 | INFO     | llmc.models.base_model:replace_module_subset:432 - replace >>> self_attn.k_proj in 14-th block
2026-07-26 14:09:19.287 | INFO     | llmc.models.base_model:replace_module_subset:432 - replace >>> self_attn.v_proj in 14-th block
2026-07-26 14:09:19.287 | INFO     | llmc.models.base_model:replace_module_subset:432 - replace >>> self_attn.v_proj in 14-th block
2026-07-26 14:09:19.288 | INFO     | llmc.models.base_model:replace_module_subset:432 - replace >>> self_attn.o_proj in 14-th block
2026-07-26 14:09:19.288 | INFO     | llmc.models.base_model:replace_module_subset:432 - replace >>> self_attn.o_proj in 14-th block
2026-07-26 14:09:19.291 | INFO     | llmc.models.base_model:replace_module_subset:432 - replace >>> mlp.gate_proj in 14-th block
2026-07-26 14:09:19.291 | INFO     | llmc.models.base_model:replace_module_subset:432 - replace >>> mlp.gate_proj in 14-th block
2026-07-26 14:09:19.292 | INFO     | llmc.models.base_model:replace_module_subset:432 - replace >>> mlp.up_proj in 14-th block
2026-07-26 14:09:19.292 | INFO     | llmc.models.base_model:replace_module_subset:432 - replace >>> mlp.up_proj in 14-th block
2026-07-26 14:09:19.293 | INFO     | llmc.models.base_model:replace_module_subset:432 - replace >>> mlp.down_proj in 14-th block
2026-07-26 14:09:19.293 | INFO     | llmc.models.base_model:replace_module_subset:432 - replace >>> mlp.down_proj in 14-th block
2026-07-26 14:09:19.571 | INFO     | llmc.models.base_model:replace_module_all:383 - Replace block index: 15/28
2026-07-26 14:09:19.571 | INFO     | llmc.models.base_model:replace_module_all:383 - Replace block index: 15/28
2026-07-26 14:09:19.599 | INFO     | llmc.models.base_model:replace_module_subset:432 - replace >>> self_attn.q_proj in 15-th block
2026-07-26 14:09:19.599 | INFO     | llmc.models.base_model:replace_module_subset:432 - replace >>> self_attn.q_proj in 15-th block
2026-07-26 14:09:19.600 | INFO     | llmc.models.base_model:replace_module_subset:432 - replace >>> self_attn.k_proj in 15-th block
2026-07-26 14:09:19.600 | INFO     | llmc.models.base_model:replace_module_subset:432 - replace >>> self_attn.k_proj in 15-th block
2026-07-26 14:09:19.601 | INFO     | llmc.models.base_model:replace_module_subset:432 - replace >>> self_attn.v_proj in 15-th block
2026-07-26 14:09:19.601 | INFO     | llmc.models.base_model:replace_module_subset:432 - replace >>> self_attn.v_proj in 15-th block
2026-07-26 14:09:19.602 | INFO     | llmc.models.base_model:replace_module_subset:432 - replace >>> self_attn.o_proj in 15-th block
2026-07-26 14:09:19.602 | INFO     | llmc.models.base_model:replace_module_subset:432 - replace >>> self_attn.o_proj in 15-th block
2026-07-26 14:09:19.604 | INFO     | llmc.models.base_model:replace_module_subset:432 - replace >>> mlp.gate_proj in 15-th block
2026-07-26 14:09:19.604 | INFO     | llmc.models.base_model:replace_module_subset:432 - replace >>> mlp.gate_proj in 15-th block
2026-07-26 14:09:19.606 | INFO     | llmc.models.base_model:replace_module_subset:432 - replace >>> mlp.up_proj in 15-th block
2026-07-26 14:09:19.606 | INFO     | llmc.models.base_model:replace_module_subset:432 - replace >>> mlp.up_proj in 15-th block
2026-07-26 14:09:19.607 | INFO     | llmc.models.base_model:replace_module_subset:432 - replace >>> mlp.down_proj in 15-th block
2026-07-26 14:09:19.607 | INFO     | llmc.models.base_model:replace_module_subset:432 - replace >>> mlp.down_proj in 15-th block
2026-07-26 14:09:19.884 | INFO     | llmc.models.base_model:replace_module_all:383 - Replace block index: 16/28
2026-07-26 14:09:19.884 | INFO     | llmc.models.base_model:replace_module_all:383 - Replace block index: 16/28
2026-07-26 14:09:19.911 | INFO     | llmc.models.base_model:replace_module_subset:432 - replace >>> self_attn.q_proj in 16-th block
2026-07-26 14:09:19.911 | INFO     | llmc.models.base_model:replace_module_subset:432 - replace >>> self_attn.q_proj in 16-th block
2026-07-26 14:09:19.912 | INFO     | llmc.models.base_model:replace_module_subset:432 - replace >>> self_attn.k_proj in 16-th block
2026-07-26 14:09:19.912 | INFO     | llmc.models.base_model:replace_module_subset:432 - replace >>> self_attn.k_proj in 16-th block
2026-07-26 14:09:19.912 | INFO     | llmc.models.base_model:replace_module_subset:432 - replace >>> self_attn.v_proj in 16-th block
2026-07-26 14:09:19.912 | INFO     | llmc.models.base_model:replace_module_subset:432 - replace >>> self_attn.v_proj in 16-th block
2026-07-26 14:09:19.913 | INFO     | llmc.models.base_model:replace_module_subset:432 - replace >>> self_attn.o_proj in 16-th block
2026-07-26 14:09:19.913 | INFO     | llmc.models.base_model:replace_module_subset:432 - replace >>> self_attn.o_proj in 16-th block
2026-07-26 14:09:19.915 | INFO     | llmc.models.base_model:replace_module_subset:432 - replace >>> mlp.gate_proj in 16-th block
2026-07-26 14:09:19.915 | INFO     | llmc.models.base_model:replace_module_subset:432 - replace >>> mlp.gate_proj in 16-th block
2026-07-26 14:09:19.916 | INFO     | llmc.models.base_model:replace_module_subset:432 - replace >>> mlp.up_proj in 16-th block
2026-07-26 14:09:19.916 | INFO     | llmc.models.base_model:replace_module_subset:432 - replace >>> mlp.up_proj in 16-th block
2026-07-26 14:09:19.917 | INFO     | llmc.models.base_model:replace_module_subset:432 - replace >>> mlp.down_proj in 16-th block
2026-07-26 14:09:19.917 | INFO     | llmc.models.base_model:replace_module_subset:432 - replace >>> mlp.down_proj in 16-th block
2026-07-26 14:09:20.184 | INFO     | llmc.models.base_model:replace_module_all:383 - Replace block index: 17/28
2026-07-26 14:09:20.184 | INFO     | llmc.models.base_model:replace_module_all:383 - Replace block index: 17/28
2026-07-26 14:09:20.211 | INFO     | llmc.models.base_model:replace_module_subset:432 - replace >>> self_attn.q_proj in 17-th block
2026-07-26 14:09:20.211 | INFO     | llmc.models.base_model:replace_module_subset:432 - replace >>> self_attn.q_proj in 17-th block
2026-07-26 14:09:20.211 | INFO     | llmc.models.base_model:replace_module_subset:432 - replace >>> self_attn.k_proj in 17-th block
2026-07-26 14:09:20.211 | INFO     | llmc.models.base_model:replace_module_subset:432 - replace >>> self_attn.k_proj in 17-th block
2026-07-26 14:09:20.211 | INFO     | llmc.models.base_model:replace_module_subset:432 - replace >>> self_attn.v_proj in 17-th block
2026-07-26 14:09:20.211 | INFO     | llmc.models.base_model:replace_module_subset:432 - replace >>> self_attn.v_proj in 17-th block
2026-07-26 14:09:20.213 | INFO     | llmc.models.base_model:replace_module_subset:432 - replace >>> self_attn.o_proj in 17-th block
2026-07-26 14:09:20.213 | INFO     | llmc.models.base_model:replace_module_subset:432 - replace >>> self_attn.o_proj in 17-th block
2026-07-26 14:09:20.215 | INFO     | llmc.models.base_model:replace_module_subset:432 - replace >>> mlp.gate_proj in 17-th block
2026-07-26 14:09:20.215 | INFO     | llmc.models.base_model:replace_module_subset:432 - replace >>> mlp.gate_proj in 17-th block
2026-07-26 14:09:20.216 | INFO     | llmc.models.base_model:replace_module_subset:432 - replace >>> mlp.up_proj in 17-th block
2026-07-26 14:09:20.216 | INFO     | llmc.models.base_model:replace_module_subset:432 - replace >>> mlp.up_proj in 17-th block
2026-07-26 14:09:20.217 | INFO     | llmc.models.base_model:replace_module_subset:432 - replace >>> mlp.down_proj in 17-th block
2026-07-26 14:09:20.217 | INFO     | llmc.models.base_model:replace_module_subset:432 - replace >>> mlp.down_proj in 17-th block
2026-07-26 14:09:20.507 | INFO     | llmc.models.base_model:replace_module_all:383 - Replace block index: 18/28
2026-07-26 14:09:20.507 | INFO     | llmc.models.base_model:replace_module_all:383 - Replace block index: 18/28
2026-07-26 14:09:20.552 | INFO     | llmc.models.base_model:replace_module_subset:432 - replace >>> self_attn.q_proj in 18-th block
2026-07-26 14:09:20.552 | INFO     | llmc.models.base_model:replace_module_subset:432 - replace >>> self_attn.q_proj in 18-th block
2026-07-26 14:09:20.553 | INFO     | llmc.models.base_model:replace_module_subset:432 - replace >>> self_attn.k_proj in 18-th block
2026-07-26 14:09:20.553 | INFO     | llmc.models.base_model:replace_module_subset:432 - replace >>> self_attn.k_proj in 18-th block
2026-07-26 14:09:20.554 | INFO     | llmc.models.base_model:replace_module_subset:432 - replace >>> self_attn.v_proj in 18-th block
2026-07-26 14:09:20.554 | INFO     | llmc.models.base_model:replace_module_subset:432 - replace >>> self_attn.v_proj in 18-th block
2026-07-26 14:09:20.555 | INFO     | llmc.models.base_model:replace_module_subset:432 - replace >>> self_attn.o_proj in 18-th block
2026-07-26 14:09:20.555 | INFO     | llmc.models.base_model:replace_module_subset:432 - replace >>> self_attn.o_proj in 18-th block
2026-07-26 14:09:20.557 | INFO     | llmc.models.base_model:replace_module_subset:432 - replace >>> mlp.gate_proj in 18-th block
2026-07-26 14:09:20.557 | INFO     | llmc.models.base_model:replace_module_subset:432 - replace >>> mlp.gate_proj in 18-th block
2026-07-26 14:09:20.558 | INFO     | llmc.models.base_model:replace_module_subset:432 - replace >>> mlp.up_proj in 18-th block
2026-07-26 14:09:20.558 | INFO     | llmc.models.base_model:replace_module_subset:432 - replace >>> mlp.up_proj in 18-th block
2026-07-26 14:09:20.559 | INFO     | llmc.models.base_model:replace_module_subset:432 - replace >>> mlp.down_proj in 18-th block
2026-07-26 14:09:20.559 | INFO     | llmc.models.base_model:replace_module_subset:432 - replace >>> mlp.down_proj in 18-th block
2026-07-26 14:09:20.847 | INFO     | llmc.models.base_model:replace_module_all:383 - Replace block index: 19/28
2026-07-26 14:09:20.847 | INFO     | llmc.models.base_model:replace_module_all:383 - Replace block index: 19/28
2026-07-26 14:09:20.893 | INFO     | llmc.models.base_model:replace_module_subset:432 - replace >>> self_attn.q_proj in 19-th block
2026-07-26 14:09:20.893 | INFO     | llmc.models.base_model:replace_module_subset:432 - replace >>> self_attn.q_proj in 19-th block
2026-07-26 14:09:20.893 | INFO     | llmc.models.base_model:replace_module_subset:432 - replace >>> self_attn.k_proj in 19-th block
2026-07-26 14:09:20.893 | INFO     | llmc.models.base_model:replace_module_subset:432 - replace >>> self_attn.k_proj in 19-th block
2026-07-26 14:09:20.894 | INFO     | llmc.models.base_model:replace_module_subset:432 - replace >>> self_attn.v_proj in 19-th block
2026-07-26 14:09:20.894 | INFO     | llmc.models.base_model:replace_module_subset:432 - replace >>> self_attn.v_proj in 19-th block
2026-07-26 14:09:20.894 | INFO     | llmc.models.base_model:replace_module_subset:432 - replace >>> self_attn.o_proj in 19-th block
2026-07-26 14:09:20.894 | INFO     | llmc.models.base_model:replace_module_subset:432 - replace >>> self_attn.o_proj in 19-th block
2026-07-26 14:09:20.897 | INFO     | llmc.models.base_model:replace_module_subset:432 - replace >>> mlp.gate_proj in 19-th block
2026-07-26 14:09:20.897 | INFO     | llmc.models.base_model:replace_module_subset:432 - replace >>> mlp.gate_proj in 19-th block
2026-07-26 14:09:20.898 | INFO     | llmc.models.base_model:replace_module_subset:432 - replace >>> mlp.up_proj in 19-th block
2026-07-26 14:09:20.898 | INFO     | llmc.models.base_model:replace_module_subset:432 - replace >>> mlp.up_proj in 19-th block
2026-07-26 14:09:20.899 | INFO     | llmc.models.base_model:replace_module_subset:432 - replace >>> mlp.down_proj in 19-th block
2026-07-26 14:09:20.899 | INFO     | llmc.models.base_model:replace_module_subset:432 - replace >>> mlp.down_proj in 19-th block
2026-07-26 14:09:21.170 | INFO     | llmc.models.base_model:replace_module_all:383 - Replace block index: 20/28
2026-07-26 14:09:21.170 | INFO     | llmc.models.base_model:replace_module_all:383 - Replace block index: 20/28
2026-07-26 14:09:21.216 | INFO     | llmc.models.base_model:replace_module_subset:432 - replace >>> self_attn.q_proj in 20-th block
2026-07-26 14:09:21.216 | INFO     | llmc.models.base_model:replace_module_subset:432 - replace >>> self_attn.q_proj in 20-th block
2026-07-26 14:09:21.216 | INFO     | llmc.models.base_model:replace_module_subset:432 - replace >>> self_attn.k_proj in 20-th block
2026-07-26 14:09:21.216 | INFO     | llmc.models.base_model:replace_module_subset:432 - replace >>> self_attn.k_proj in 20-th block
2026-07-26 14:09:21.217 | INFO     | llmc.models.base_model:replace_module_subset:432 - replace >>> self_attn.v_proj in 20-th block
2026-07-26 14:09:21.217 | INFO     | llmc.models.base_model:replace_module_subset:432 - replace >>> self_attn.v_proj in 20-th block
2026-07-26 14:09:21.217 | INFO     | llmc.models.base_model:replace_module_subset:432 - replace >>> self_attn.o_proj in 20-th block
2026-07-26 14:09:21.217 | INFO     | llmc.models.base_model:replace_module_subset:432 - replace >>> self_attn.o_proj in 20-th block
2026-07-26 14:09:21.220 | INFO     | llmc.models.base_model:replace_module_subset:432 - replace >>> mlp.gate_proj in 20-th block
2026-07-26 14:09:21.220 | INFO     | llmc.models.base_model:replace_module_subset:432 - replace >>> mlp.gate_proj in 20-th block
2026-07-26 14:09:21.221 | INFO     | llmc.models.base_model:replace_module_subset:432 - replace >>> mlp.up_proj in 20-th block
2026-07-26 14:09:21.221 | INFO     | llmc.models.base_model:replace_module_subset:432 - replace >>> mlp.up_proj in 20-th block
2026-07-26 14:09:21.222 | INFO     | llmc.models.base_model:replace_module_subset:432 - replace >>> mlp.down_proj in 20-th block
2026-07-26 14:09:21.222 | INFO     | llmc.models.base_model:replace_module_subset:432 - replace >>> mlp.down_proj in 20-th block
2026-07-26 14:09:21.511 | INFO     | llmc.models.base_model:replace_module_all:383 - Replace block index: 21/28
2026-07-26 14:09:21.511 | INFO     | llmc.models.base_model:replace_module_all:383 - Replace block index: 21/28
2026-07-26 14:09:21.558 | INFO     | llmc.models.base_model:replace_module_subset:432 - replace >>> self_attn.q_proj in 21-th block
2026-07-26 14:09:21.558 | INFO     | llmc.models.base_model:replace_module_subset:432 - replace >>> self_attn.q_proj in 21-th block
2026-07-26 14:09:21.558 | INFO     | llmc.models.base_model:replace_module_subset:432 - replace >>> self_attn.k_proj in 21-th block
2026-07-26 14:09:21.558 | INFO     | llmc.models.base_model:replace_module_subset:432 - replace >>> self_attn.k_proj in 21-th block
2026-07-26 14:09:21.559 | INFO     | llmc.models.base_model:replace_module_subset:432 - replace >>> self_attn.v_proj in 21-th block
2026-07-26 14:09:21.559 | INFO     | llmc.models.base_model:replace_module_subset:432 - replace >>> self_attn.v_proj in 21-th block
2026-07-26 14:09:21.559 | INFO     | llmc.models.base_model:replace_module_subset:432 - replace >>> self_attn.o_proj in 21-th block
2026-07-26 14:09:21.559 | INFO     | llmc.models.base_model:replace_module_subset:432 - replace >>> self_attn.o_proj in 21-th block
2026-07-26 14:09:21.562 | INFO     | llmc.models.base_model:replace_module_subset:432 - replace >>> mlp.gate_proj in 21-th block
2026-07-26 14:09:21.562 | INFO     | llmc.models.base_model:replace_module_subset:432 - replace >>> mlp.gate_proj in 21-th block
2026-07-26 14:09:21.563 | INFO     | llmc.models.base_model:replace_module_subset:432 - replace >>> mlp.up_proj in 21-th block
2026-07-26 14:09:21.563 | INFO     | llmc.models.base_model:replace_module_subset:432 - replace >>> mlp.up_proj in 21-th block
2026-07-26 14:09:21.564 | INFO     | llmc.models.base_model:replace_module_subset:432 - replace >>> mlp.down_proj in 21-th block
2026-07-26 14:09:21.564 | INFO     | llmc.models.base_model:replace_module_subset:432 - replace >>> mlp.down_proj in 21-th block
2026-07-26 14:09:21.835 | INFO     | llmc.models.base_model:replace_module_all:383 - Replace block index: 22/28
2026-07-26 14:09:21.835 | INFO     | llmc.models.base_model:replace_module_all:383 - Replace block index: 22/28
2026-07-26 14:09:21.881 | INFO     | llmc.models.base_model:replace_module_subset:432 - replace >>> self_attn.q_proj in 22-th block
2026-07-26 14:09:21.881 | INFO     | llmc.models.base_model:replace_module_subset:432 - replace >>> self_attn.q_proj in 22-th block
2026-07-26 14:09:21.882 | INFO     | llmc.models.base_model:replace_module_subset:432 - replace >>> self_attn.k_proj in 22-th block
2026-07-26 14:09:21.882 | INFO     | llmc.models.base_model:replace_module_subset:432 - replace >>> self_attn.k_proj in 22-th block
2026-07-26 14:09:21.882 | INFO     | llmc.models.base_model:replace_module_subset:432 - replace >>> self_attn.v_proj in 22-th block
2026-07-26 14:09:21.882 | INFO     | llmc.models.base_model:replace_module_subset:432 - replace >>> self_attn.v_proj in 22-th block
2026-07-26 14:09:21.883 | INFO     | llmc.models.base_model:replace_module_subset:432 - replace >>> self_attn.o_proj in 22-th block
2026-07-26 14:09:21.883 | INFO     | llmc.models.base_model:replace_module_subset:432 - replace >>> self_attn.o_proj in 22-th block
2026-07-26 14:09:21.885 | INFO     | llmc.models.base_model:replace_module_subset:432 - replace >>> mlp.gate_proj in 22-th block
2026-07-26 14:09:21.885 | INFO     | llmc.models.base_model:replace_module_subset:432 - replace >>> mlp.gate_proj in 22-th block
2026-07-26 14:09:21.886 | INFO     | llmc.models.base_model:replace_module_subset:432 - replace >>> mlp.up_proj in 22-th block
2026-07-26 14:09:21.886 | INFO     | llmc.models.base_model:replace_module_subset:432 - replace >>> mlp.up_proj in 22-th block
2026-07-26 14:09:21.887 | INFO     | llmc.models.base_model:replace_module_subset:432 - replace >>> mlp.down_proj in 22-th block
2026-07-26 14:09:21.887 | INFO     | llmc.models.base_model:replace_module_subset:432 - replace >>> mlp.down_proj in 22-th block
2026-07-26 14:09:22.171 | INFO     | llmc.models.base_model:replace_module_all:383 - Replace block index: 23/28
2026-07-26 14:09:22.171 | INFO     | llmc.models.base_model:replace_module_all:383 - Replace block index: 23/28
2026-07-26 14:09:22.199 | INFO     | llmc.models.base_model:replace_module_subset:432 - replace >>> self_attn.q_proj in 23-th block
2026-07-26 14:09:22.199 | INFO     | llmc.models.base_model:replace_module_subset:432 - replace >>> self_attn.q_proj in 23-th block
2026-07-26 14:09:22.199 | INFO     | llmc.models.base_model:replace_module_subset:432 - replace >>> self_attn.k_proj in 23-th block
2026-07-26 14:09:22.199 | INFO     | llmc.models.base_model:replace_module_subset:432 - replace >>> self_attn.k_proj in 23-th block
2026-07-26 14:09:22.199 | INFO     | llmc.models.base_model:replace_module_subset:432 - replace >>> self_attn.v_proj in 23-th block
2026-07-26 14:09:22.199 | INFO     | llmc.models.base_model:replace_module_subset:432 - replace >>> self_attn.v_proj in 23-th block
2026-07-26 14:09:22.200 | INFO     | llmc.models.base_model:replace_module_subset:432 - replace >>> self_attn.o_proj in 23-th block
2026-07-26 14:09:22.200 | INFO     | llmc.models.base_model:replace_module_subset:432 - replace >>> self_attn.o_proj in 23-th block
2026-07-26 14:09:22.202 | INFO     | llmc.models.base_model:replace_module_subset:432 - replace >>> mlp.gate_proj in 23-th block
2026-07-26 14:09:22.202 | INFO     | llmc.models.base_model:replace_module_subset:432 - replace >>> mlp.gate_proj in 23-th block
2026-07-26 14:09:22.203 | INFO     | llmc.models.base_model:replace_module_subset:432 - replace >>> mlp.up_proj in 23-th block
2026-07-26 14:09:22.203 | INFO     | llmc.models.base_model:replace_module_subset:432 - replace >>> mlp.up_proj in 23-th block
2026-07-26 14:09:22.204 | INFO     | llmc.models.base_model:replace_module_subset:432 - replace >>> mlp.down_proj in 23-th block
2026-07-26 14:09:22.204 | INFO     | llmc.models.base_model:replace_module_subset:432 - replace >>> mlp.down_proj in 23-th block
2026-07-26 14:09:22.468 | INFO     | llmc.models.base_model:replace_module_all:383 - Replace block index: 24/28
2026-07-26 14:09:22.468 | INFO     | llmc.models.base_model:replace_module_all:383 - Replace block index: 24/28
2026-07-26 14:09:22.495 | INFO     | llmc.models.base_model:replace_module_subset:432 - replace >>> self_attn.q_proj in 24-th block
2026-07-26 14:09:22.495 | INFO     | llmc.models.base_model:replace_module_subset:432 - replace >>> self_attn.q_proj in 24-th block
2026-07-26 14:09:22.495 | INFO     | llmc.models.base_model:replace_module_subset:432 - replace >>> self_attn.k_proj in 24-th block
2026-07-26 14:09:22.495 | INFO     | llmc.models.base_model:replace_module_subset:432 - replace >>> self_attn.k_proj in 24-th block
2026-07-26 14:09:22.496 | INFO     | llmc.models.base_model:replace_module_subset:432 - replace >>> self_attn.v_proj in 24-th block
2026-07-26 14:09:22.496 | INFO     | llmc.models.base_model:replace_module_subset:432 - replace >>> self_attn.v_proj in 24-th block
2026-07-26 14:09:22.496 | INFO     | llmc.models.base_model:replace_module_subset:432 - replace >>> self_attn.o_proj in 24-th block
2026-07-26 14:09:22.496 | INFO     | llmc.models.base_model:replace_module_subset:432 - replace >>> self_attn.o_proj in 24-th block
2026-07-26 14:09:22.499 | INFO     | llmc.models.base_model:replace_module_subset:432 - replace >>> mlp.gate_proj in 24-th block
2026-07-26 14:09:22.499 | INFO     | llmc.models.base_model:replace_module_subset:432 - replace >>> mlp.gate_proj in 24-th block
2026-07-26 14:09:22.500 | INFO     | llmc.models.base_model:replace_module_subset:432 - replace >>> mlp.up_proj in 24-th block
2026-07-26 14:09:22.500 | INFO     | llmc.models.base_model:replace_module_subset:432 - replace >>> mlp.up_proj in 24-th block
2026-07-26 14:09:22.501 | INFO     | llmc.models.base_model:replace_module_subset:432 - replace >>> mlp.down_proj in 24-th block
2026-07-26 14:09:22.501 | INFO     | llmc.models.base_model:replace_module_subset:432 - replace >>> mlp.down_proj in 24-th block
2026-07-26 14:09:22.755 | INFO     | llmc.models.base_model:replace_module_all:383 - Replace block index: 25/28
2026-07-26 14:09:22.755 | INFO     | llmc.models.base_model:replace_module_all:383 - Replace block index: 25/28
2026-07-26 14:09:22.784 | INFO     | llmc.models.base_model:replace_module_subset:432 - replace >>> self_attn.q_proj in 25-th block
2026-07-26 14:09:22.784 | INFO     | llmc.models.base_model:replace_module_subset:432 - replace >>> self_attn.q_proj in 25-th block
2026-07-26 14:09:22.784 | INFO     | llmc.models.base_model:replace_module_subset:432 - replace >>> self_attn.k_proj in 25-th block
2026-07-26 14:09:22.784 | INFO     | llmc.models.base_model:replace_module_subset:432 - replace >>> self_attn.k_proj in 25-th block
2026-07-26 14:09:22.784 | INFO     | llmc.models.base_model:replace_module_subset:432 - replace >>> self_attn.v_proj in 25-th block
2026-07-26 14:09:22.784 | INFO     | llmc.models.base_model:replace_module_subset:432 - replace >>> self_attn.v_proj in 25-th block
2026-07-26 14:09:22.785 | INFO     | llmc.models.base_model:replace_module_subset:432 - replace >>> self_attn.o_proj in 25-th block
2026-07-26 14:09:22.785 | INFO     | llmc.models.base_model:replace_module_subset:432 - replace >>> self_attn.o_proj in 25-th block
2026-07-26 14:09:22.788 | INFO     | llmc.models.base_model:replace_module_subset:432 - replace >>> mlp.gate_proj in 25-th block
2026-07-26 14:09:22.788 | INFO     | llmc.models.base_model:replace_module_subset:432 - replace >>> mlp.gate_proj in 25-th block
2026-07-26 14:09:22.789 | INFO     | llmc.models.base_model:replace_module_subset:432 - replace >>> mlp.up_proj in 25-th block
2026-07-26 14:09:22.789 | INFO     | llmc.models.base_model:replace_module_subset:432 - replace >>> mlp.up_proj in 25-th block
2026-07-26 14:09:22.790 | INFO     | llmc.models.base_model:replace_module_subset:432 - replace >>> mlp.down_proj in 25-th block
2026-07-26 14:09:22.790 | INFO     | llmc.models.base_model:replace_module_subset:432 - replace >>> mlp.down_proj in 25-th block
2026-07-26 14:09:23.078 | INFO     | llmc.models.base_model:replace_module_all:383 - Replace block index: 26/28
2026-07-26 14:09:23.078 | INFO     | llmc.models.base_model:replace_module_all:383 - Replace block index: 26/28
2026-07-26 14:09:23.107 | INFO     | llmc.models.base_model:replace_module_subset:432 - replace >>> self_attn.q_proj in 26-th block
2026-07-26 14:09:23.107 | INFO     | llmc.models.base_model:replace_module_subset:432 - replace >>> self_attn.q_proj in 26-th block
2026-07-26 14:09:23.107 | INFO     | llmc.models.base_model:replace_module_subset:432 - replace >>> self_attn.k_proj in 26-th block
2026-07-26 14:09:23.107 | INFO     | llmc.models.base_model:replace_module_subset:432 - replace >>> self_attn.k_proj in 26-th block
2026-07-26 14:09:23.108 | INFO     | llmc.models.base_model:replace_module_subset:432 - replace >>> self_attn.v_proj in 26-th block
2026-07-26 14:09:23.108 | INFO     | llmc.models.base_model:replace_module_subset:432 - replace >>> self_attn.v_proj in 26-th block
2026-07-26 14:09:23.108 | INFO     | llmc.models.base_model:replace_module_subset:432 - replace >>> self_attn.o_proj in 26-th block
2026-07-26 14:09:23.108 | INFO     | llmc.models.base_model:replace_module_subset:432 - replace >>> self_attn.o_proj in 26-th block
2026-07-26 14:09:23.111 | INFO     | llmc.models.base_model:replace_module_subset:432 - replace >>> mlp.gate_proj in 26-th block
2026-07-26 14:09:23.111 | INFO     | llmc.models.base_model:replace_module_subset:432 - replace >>> mlp.gate_proj in 26-th block
2026-07-26 14:09:23.112 | INFO     | llmc.models.base_model:replace_module_subset:432 - replace >>> mlp.up_proj in 26-th block
2026-07-26 14:09:23.112 | INFO     | llmc.models.base_model:replace_module_subset:432 - replace >>> mlp.up_proj in 26-th block
2026-07-26 14:09:23.113 | INFO     | llmc.models.base_model:replace_module_subset:432 - replace >>> mlp.down_proj in 26-th block
2026-07-26 14:09:23.113 | INFO     | llmc.models.base_model:replace_module_subset:432 - replace >>> mlp.down_proj in 26-th block
2026-07-26 14:09:23.386 | INFO     | llmc.models.base_model:replace_module_all:383 - Replace block index: 27/28
2026-07-26 14:09:23.386 | INFO     | llmc.models.base_model:replace_module_all:383 - Replace block index: 27/28
2026-07-26 14:09:23.415 | INFO     | llmc.models.base_model:replace_module_subset:432 - replace >>> self_attn.q_proj in 27-th block
2026-07-26 14:09:23.415 | INFO     | llmc.models.base_model:replace_module_subset:432 - replace >>> self_attn.q_proj in 27-th block
2026-07-26 14:09:23.415 | INFO     | llmc.models.base_model:replace_module_subset:432 - replace >>> self_attn.k_proj in 27-th block
2026-07-26 14:09:23.415 | INFO     | llmc.models.base_model:replace_module_subset:432 - replace >>> self_attn.k_proj in 27-th block
2026-07-26 14:09:23.416 | INFO     | llmc.models.base_model:replace_module_subset:432 - replace >>> self_attn.v_proj in 27-th block
2026-07-26 14:09:23.416 | INFO     | llmc.models.base_model:replace_module_subset:432 - replace >>> self_attn.v_proj in 27-th block
2026-07-26 14:09:23.416 | INFO     | llmc.models.base_model:replace_module_subset:432 - replace >>> self_attn.o_proj in 27-th block
2026-07-26 14:09:23.416 | INFO     | llmc.models.base_model:replace_module_subset:432 - replace >>> self_attn.o_proj in 27-th block
2026-07-26 14:09:23.419 | INFO     | llmc.models.base_model:replace_module_subset:432 - replace >>> mlp.gate_proj in 27-th block
2026-07-26 14:09:23.419 | INFO     | llmc.models.base_model:replace_module_subset:432 - replace >>> mlp.gate_proj in 27-th block
2026-07-26 14:09:23.420 | INFO     | llmc.models.base_model:replace_module_subset:432 - replace >>> mlp.up_proj in 27-th block
2026-07-26 14:09:23.420 | INFO     | llmc.models.base_model:replace_module_subset:432 - replace >>> mlp.up_proj in 27-th block
2026-07-26 14:09:23.421 | INFO     | llmc.models.base_model:replace_module_subset:432 - replace >>> mlp.down_proj in 27-th block
2026-07-26 14:09:23.421 | INFO     | llmc.models.base_model:replace_module_subset:432 - replace >>> mlp.down_proj in 27-th block
2026-07-26 14:09:23.703 | INFO     | llmc.compression.quantization.base_blockwise_quantization:deploy:1014 - -- deploy_fake_quant_model done --
2026-07-26 14:09:23.703 | INFO     | llmc.compression.quantization.base_blockwise_quantization:deploy:1014 - -- deploy_fake_quant_model done --
2026-07-26 14:10:07.345 | INFO     | llmc.compression.quantization.base_blockwise_quantization:save_model:1079 - save model done --
2026-07-26 14:10:07.345 | INFO     | llmc.compression.quantization.base_blockwise_quantization:save_model:1079 - save model done --
2026-07-26 14:10:07.472 | INFO     | llmc.compression.quantization.base_blockwise_quantization:copy_tokenizer:1020 - copy tokenizer done --
2026-07-26 14:10:07.472 | INFO     | llmc.compression.quantization.base_blockwise_quantization:copy_tokenizer:1020 - copy tokenizer done --
2026-07-26 14:10:07.755 | INFO     | __main__:<module>:291 - llmc_duration_time: 579.5443580150604 s
2026-07-26 14:10:07.755 | INFO     | __main__:<module>:291 - llmc_duration_time: 579.5443580150604 s
2026-07-26 14:10:07.755 | INFO     | __main__:<module>:292 - --- llmc finished ---
2026-07-26 14:10:07.755 | INFO     | __main__:<module>:292 - --- llmc finished ---
