2026-07-26 13:54:03.561 | WARNING  | llmc.utils.visualizer:<module>:13 - Can not import matplotlib. If you need it, please install.
2026-07-26 13:54:19.145 | INFO     | llmc.compression.quantization.module_utils:<module>:16 - Successfully imported Triton kernel.
2026-07-26 13:54:19.147 | WARNING  | llmc.compression.quantization.module_utils:<module>:35 - fast_hadamard_transform not installed. If you need it, please install it firstly.
2026-07-26 13:54:19.147 | INFO     | llmc.compression.quantization.auto_clip:<module>:13 - Successfully imported Triton kernel.
2026-07-26 13:54:19.147 | INFO     | llmc.compression.quantization.base_blockwise_quantization:<module>:24 - Successfully imported Triton kernel.
2026-07-26 13:54:19.256 | WARNING  | llmc.compression.quantization.hadamard_utils:<module>:9 - fast_hadamard_transform not installed.If you need it, please install it firstly.
2026-07-26 13:54:19.989 | WARNING  | llmc.compression.quantization.quant:<module>:13 - qtorch not found, please install qtorch.Please install qtorch (pip install qtorch).
2026-07-26 13:54:19.999 | INFO     | llmc.compression.quantization.awq:<module>:16 - Successfully imported Triton kernel.
2026-07-26 13:54:20.290 | INFO     | llmc.compression.quantization.osplus:<module>:20 - Successfully imported Triton kernel.
2026-07-26 13:54:44.745 | WARNING  | llmc.models.internomni:<module>:14 - InternOmni-internvl not installed. If you need it, please install it.
2026-07-26 13:54:44.754 | WARNING  | llmc.models.internvl2:<module>:22 - InternLM2 conversation.py not be found. If you need it, please copy it from model path to llmc/models.
2026-07-26 13:54:44.764 | WARNING  | llmc.models.internvl3_5:<module>:21 - InternLM2 conversation.py not be found. If you need it, please copy it from model path to llmc/models.
2026-07-26 13:54:44.779 | DEBUG    | llmc.models.llava:<module>:30 - LLaVA is not installed. Please install LLaVA to use this model.
Error: No module named 'llava'
2026-07-26 13:54:44.796 | DEBUG    | llmc.models.llava_onevision:<module>:27 - LLaVA is not installed. Please install LLaVA to use this model.
Error: No module named 'llava'
2026-07-26 13:54:45.395 | WARNING  | llmc.models.vila:<module>:25 - VILA is not installed. Please install VILA to use this model. Error: No module named 'llava'
2026-07-26 13:54:54.119 | INFO     | llmc.utils.utils:check_config:49 - Tokenizer_mode is set to slow.
2026-07-26 13:54:54.119 | INFO     | llmc.utils.utils:check_config:49 - Tokenizer_mode is set to slow.
2026-07-26 13:54:54.119 | INFO     | __main__:<module>:216 - args: Namespace(config='/mnt/d/Abrar/SEQ/seq_v4/runs/final/llmc/Llama-3.2-1B/gptq/config.yml', task_id='gptq_w4_g128_llama32_1b')
2026-07-26 13:54:54.119 | INFO     | __main__:<module>:216 - args: Namespace(config='/mnt/d/Abrar/SEQ/seq_v4/runs/final/llmc/Llama-3.2-1B/gptq/config.yml', task_id='gptq_w4_g128_llama32_1b')
2026-07-26 13:54:54.119 | INFO     | __main__:<module>:217 - config:
{
    "base": {
        "seed": 42
    },
    "model": {
        "type": "Llama",
        "path": "meta-llama/Llama-3.2-1B",
        "torch_dtype": "auto",
        "tokenizer_mode": "slow"
    },
    "calib": {
        "name": "wikitext2",
        "download": true,
        "n_samples": 128,
        "bs": 1,
        "seq_len": 2048,
        "preproc": "wikitext2_gptq",
        "seed": 0
    },
    "eval": {
        "eval_pos": [
            "fake_quant"
        ],
        "name": "wikitext2",
        "download": true,
        "bs": 1,
        "seq_len": 2048,
        "inference_per_block": false
    },
    "quant": {
        "method": "GPTQ",
        "weight": {
            "bit": 4,
            "symmetric": false,
            "granularity": "per_group",
            "group_size": 128
        },
        "special": {
            "actorder": true,
            "static_groups": false,
            "percdamp": 0.01,
            "blocksize": 128,
            "true_sequential": true
        },
        "quant_out": true
    },
    "save": {
        "save_trans": false,
        "save_fake": true,
        "save_vllm": false,
        "save_path": "/mnt/d/Abrar/SEQ/seq_v4/runs/final/llmc/Llama-3.2-1B/gptq/artifacts"
    }
}
2026-07-26 13:54:54.119 | INFO     | __main__:<module>:217 - config:
{
    "base": {
        "seed": 42
    },
    "model": {
        "type": "Llama",
        "path": "meta-llama/Llama-3.2-1B",
        "torch_dtype": "auto",
        "tokenizer_mode": "slow"
    },
    "calib": {
        "name": "wikitext2",
        "download": true,
        "n_samples": 128,
        "bs": 1,
        "seq_len": 2048,
        "preproc": "wikitext2_gptq",
        "seed": 0
    },
    "eval": {
        "eval_pos": [
            "fake_quant"
        ],
        "name": "wikitext2",
        "download": true,
        "bs": 1,
        "seq_len": 2048,
        "inference_per_block": false
    },
    "quant": {
        "method": "GPTQ",
        "weight": {
            "bit": 4,
            "symmetric": false,
            "granularity": "per_group",
            "group_size": 128
        },
        "special": {
            "actorder": true,
            "static_groups": false,
            "percdamp": 0.01,
            "blocksize": 128,
            "true_sequential": true
        },
        "quant_out": true
    },
    "save": {
        "save_trans": false,
        "save_fake": true,
        "save_vllm": false,
        "save_path": "/mnt/d/Abrar/SEQ/seq_v4/runs/final/llmc/Llama-3.2-1B/gptq/artifacts"
    }
}
2026-07-26 13:54:54.122 | INFO     | llmc.utils.utils:print_important_package_version:73 - torch : 2.13.0
2026-07-26 13:54:54.122 | INFO     | llmc.utils.utils:print_important_package_version:73 - torch : 2.13.0
2026-07-26 13:54:54.125 | INFO     | llmc.utils.utils:print_important_package_version:74 - transformers : 4.57.6
2026-07-26 13:54:54.125 | INFO     | llmc.utils.utils:print_important_package_version:74 - transformers : 4.57.6
2026-07-26 13:54:54.128 | INFO     | llmc.utils.utils:print_important_package_version:75 - tokenizers : 0.22.2
2026-07-26 13:54:54.128 | INFO     | llmc.utils.utils:print_important_package_version:75 - tokenizers : 0.22.2
2026-07-26 13:54:54.131 | INFO     | llmc.utils.utils:print_important_package_version:76 - huggingface-hub : 0.36.2
2026-07-26 13:54:54.131 | INFO     | llmc.utils.utils:print_important_package_version:76 - huggingface-hub : 0.36.2
2026-07-26 13:54:54.133 | INFO     | llmc.utils.utils:print_important_package_version:77 - datasets : 2.16.1
2026-07-26 13:54:54.133 | INFO     | llmc.utils.utils:print_important_package_version:77 - datasets : 2.16.1
2026-07-26 13:54:54.134 | INFO     | __main__:<module>:221 - WORLD_SIZE : 1
2026-07-26 13:54:54.134 | INFO     | __main__:<module>:221 - WORLD_SIZE : 1
/mnt/d/LightCompress/.venv-llmc/lib/python3.11/site-packages/torch/distributed/c10d_logger.py:83: UserWarning: barrier(): using the device under current context. You can specify `device_id` in `init_process_group` to mute this warning.
  return func(*args, **kwargs)
[rank0]:[W726 13:54:54.331687718 ProcessGroupNCCL.cpp:5276] Guessing device ID based on global rank. This can cause a hang if rank to GPU mapping is heterogeneous. You can specify device_id in init_process_group()
2026-07-26 13:54:56.555 | INFO     | llmc.models.base_model:build_model:204 - self.model_config : LlamaConfig {
  "architectures": [
    "LlamaForCausalLM"
  ],
  "attention_bias": false,
  "attention_dropout": 0.0,
  "bos_token_id": 128000,
  "dtype": "bfloat16",
  "eos_token_id": 128001,
  "head_dim": 64,
  "hidden_act": "silu",
  "hidden_size": 2048,
  "initializer_range": 0.02,
  "intermediate_size": 8192,
  "max_position_embeddings": 131072,
  "mlp_bias": false,
  "model_type": "llama",
  "num_attention_heads": 32,
  "num_hidden_layers": 16,
  "num_key_value_heads": 8,
  "pretraining_tp": 1,
  "rms_norm_eps": 1e-05,
  "rope_scaling": {
    "factor": 32.0,
    "high_freq_factor": 4.0,
    "low_freq_factor": 1.0,
    "original_max_position_embeddings": 8192,
    "rope_type": "llama3"
  },
  "rope_theta": 500000.0,
  "tie_word_embeddings": true,
  "transformers_version": "4.57.6",
  "use_cache": false,
  "vocab_size": 128256
}

2026-07-26 13:54:56.555 | INFO     | llmc.models.base_model:build_model:204 - self.model_config : LlamaConfig {
  "architectures": [
    "LlamaForCausalLM"
  ],
  "attention_bias": false,
  "attention_dropout": 0.0,
  "bos_token_id": 128000,
  "dtype": "bfloat16",
  "eos_token_id": 128001,
  "head_dim": 64,
  "hidden_act": "silu",
  "hidden_size": 2048,
  "initializer_range": 0.02,
  "intermediate_size": 8192,
  "max_position_embeddings": 131072,
  "mlp_bias": false,
  "model_type": "llama",
  "num_attention_heads": 32,
  "num_hidden_layers": 16,
  "num_key_value_heads": 8,
  "pretraining_tp": 1,
  "rms_norm_eps": 1e-05,
  "rope_scaling": {
    "factor": 32.0,
    "high_freq_factor": 4.0,
    "low_freq_factor": 1.0,
    "original_max_position_embeddings": 8192,
    "rope_type": "llama3"
  },
  "rope_theta": 500000.0,
  "tie_word_embeddings": true,
  "transformers_version": "4.57.6",
  "use_cache": false,
  "vocab_size": 128256
}

`torch_dtype` is deprecated! Use `dtype` instead!
2026-07-26 13:54:57.526 | INFO     | llmc.models.base_model:build_model:242 - self.model : LlamaForCausalLM(
  (model): LlamaModel(
    (embed_tokens): Embedding(128256, 2048)
    (layers): ModuleList(
      (0-15): 16 x LlamaDecoderLayer(
        (self_attn): LlamaAttention(
          (q_proj): Linear(in_features=2048, out_features=2048, bias=False)
          (k_proj): Linear(in_features=2048, out_features=512, bias=False)
          (v_proj): Linear(in_features=2048, out_features=512, bias=False)
          (o_proj): Linear(in_features=2048, out_features=2048, bias=False)
        )
        (mlp): LlamaMLP(
          (gate_proj): Linear(in_features=2048, out_features=8192, bias=False)
          (up_proj): Linear(in_features=2048, out_features=8192, bias=False)
          (down_proj): Linear(in_features=8192, out_features=2048, bias=False)
          (act_fn): SiLUActivation()
        )
        (input_layernorm): LlamaRMSNorm((2048,), eps=1e-05)
        (post_attention_layernorm): LlamaRMSNorm((2048,), eps=1e-05)
      )
    )
    (norm): LlamaRMSNorm((2048,), eps=1e-05)
    (rotary_emb): LlamaRotaryEmbedding()
  )
  (lm_head): Linear(in_features=2048, out_features=128256, bias=False)
)
2026-07-26 13:54:57.526 | INFO     | llmc.models.base_model:build_model:242 - self.model : LlamaForCausalLM(
  (model): LlamaModel(
    (embed_tokens): Embedding(128256, 2048)
    (layers): ModuleList(
      (0-15): 16 x LlamaDecoderLayer(
        (self_attn): LlamaAttention(
          (q_proj): Linear(in_features=2048, out_features=2048, bias=False)
          (k_proj): Linear(in_features=2048, out_features=512, bias=False)
          (v_proj): Linear(in_features=2048, out_features=512, bias=False)
          (o_proj): Linear(in_features=2048, out_features=2048, bias=False)
        )
        (mlp): LlamaMLP(
          (gate_proj): Linear(in_features=2048, out_features=8192, bias=False)
          (up_proj): Linear(in_features=2048, out_features=8192, bias=False)
          (down_proj): Linear(in_features=8192, out_features=2048, bias=False)
          (act_fn): SiLUActivation()
        )
        (input_layernorm): LlamaRMSNorm((2048,), eps=1e-05)
        (post_attention_layernorm): LlamaRMSNorm((2048,), eps=1e-05)
      )
    )
    (norm): LlamaRMSNorm((2048,), eps=1e-05)
    (rotary_emb): LlamaRotaryEmbedding()
  )
  (lm_head): Linear(in_features=2048, out_features=128256, bias=False)
)
2026-07-26 13:54:57.528 | INFO     | llmc.models.base_model:add_layernorms_class:277 - _TRANSFORMERS_LN_TYPES_ : [<class 'torch.nn.modules.normalization.LayerNorm'>, <class 'transformers.models.llama.modeling_llama.LlamaRMSNorm'>]
2026-07-26 13:54:57.528 | INFO     | llmc.models.base_model:add_layernorms_class:277 - _TRANSFORMERS_LN_TYPES_ : [<class 'torch.nn.modules.normalization.LayerNorm'>, <class 'transformers.models.llama.modeling_llama.LlamaRMSNorm'>]
2026-07-26 13:54:57.530 | INFO     | __main__:main:32 - model: 
Config: 
LlamaConfig {
  "architectures": [
    "LlamaForCausalLM"
  ],
  "attention_bias": false,
  "attention_dropout": 0.0,
  "bos_token_id": 128000,
  "dtype": "bfloat16",
  "eos_token_id": 128001,
  "head_dim": 64,
  "hidden_act": "silu",
  "hidden_size": 2048,
  "initializer_range": 0.02,
  "intermediate_size": 8192,
  "max_position_embeddings": 131072,
  "mlp_bias": false,
  "model_type": "llama",
  "num_attention_heads": 32,
  "num_hidden_layers": 16,
  "num_key_value_heads": 8,
  "pretraining_tp": 1,
  "rms_norm_eps": 1e-05,
  "rope_scaling": {
    "factor": 32.0,
    "high_freq_factor": 4.0,
    "low_freq_factor": 1.0,
    "original_max_position_embeddings": 8192,
    "rope_type": "llama3"
  },
  "rope_theta": 500000.0,
  "tie_word_embeddings": true,
  "transformers_version": "4.57.6",
  "use_cache": false,
  "vocab_size": 128256
}
 
Model: 
LlamaForCausalLM(
  (model): LlamaModel(
    (embed_tokens): Embedding(128256, 2048)
    (layers): ModuleList(
      (0-15): 16 x LlamaDecoderLayer(
        (self_attn): LlamaAttention(
          (q_proj): Linear(in_features=2048, out_features=2048, bias=False)
          (k_proj): Linear(in_features=2048, out_features=512, bias=False)
          (v_proj): Linear(in_features=2048, out_features=512, bias=False)
          (o_proj): Linear(in_features=2048, out_features=2048, bias=False)
        )
        (mlp): LlamaMLP(
          (gate_proj): Linear(in_features=2048, out_features=8192, bias=False)
          (up_proj): Linear(in_features=2048, out_features=8192, bias=False)
          (down_proj): Linear(in_features=8192, out_features=2048, bias=False)
          (act_fn): SiLUActivation()
        )
        (input_layernorm): LlamaRMSNorm((2048,), eps=1e-05)
        (post_attention_layernorm): LlamaRMSNorm((2048,), eps=1e-05)
      )
    )
    (norm): LlamaRMSNorm((2048,), eps=1e-05)
    (rotary_emb): LlamaRotaryEmbedding()
  )
  (lm_head): Linear(in_features=2048, out_features=128256, bias=False)
)
2026-07-26 13:54:57.530 | INFO     | __main__:main:32 - model: 
Config: 
LlamaConfig {
  "architectures": [
    "LlamaForCausalLM"
  ],
  "attention_bias": false,
  "attention_dropout": 0.0,
  "bos_token_id": 128000,
  "dtype": "bfloat16",
  "eos_token_id": 128001,
  "head_dim": 64,
  "hidden_act": "silu",
  "hidden_size": 2048,
  "initializer_range": 0.02,
  "intermediate_size": 8192,
  "max_position_embeddings": 131072,
  "mlp_bias": false,
  "model_type": "llama",
  "num_attention_heads": 32,
  "num_hidden_layers": 16,
  "num_key_value_heads": 8,
  "pretraining_tp": 1,
  "rms_norm_eps": 1e-05,
  "rope_scaling": {
    "factor": 32.0,
    "high_freq_factor": 4.0,
    "low_freq_factor": 1.0,
    "original_max_position_embeddings": 8192,
    "rope_type": "llama3"
  },
  "rope_theta": 500000.0,
  "tie_word_embeddings": true,
  "transformers_version": "4.57.6",
  "use_cache": false,
  "vocab_size": 128256
}
 
Model: 
LlamaForCausalLM(
  (model): LlamaModel(
    (embed_tokens): Embedding(128256, 2048)
    (layers): ModuleList(
      (0-15): 16 x LlamaDecoderLayer(
        (self_attn): LlamaAttention(
          (q_proj): Linear(in_features=2048, out_features=2048, bias=False)
          (k_proj): Linear(in_features=2048, out_features=512, bias=False)
          (v_proj): Linear(in_features=2048, out_features=512, bias=False)
          (o_proj): Linear(in_features=2048, out_features=2048, bias=False)
        )
        (mlp): LlamaMLP(
          (gate_proj): Linear(in_features=2048, out_features=8192, bias=False)
          (up_proj): Linear(in_features=2048, out_features=8192, bias=False)
          (down_proj): Linear(in_features=8192, out_features=2048, bias=False)
          (act_fn): SiLUActivation()
        )
        (input_layernorm): LlamaRMSNorm((2048,), eps=1e-05)
        (post_attention_layernorm): LlamaRMSNorm((2048,), eps=1e-05)
      )
    )
    (norm): LlamaRMSNorm((2048,), eps=1e-05)
    (rotary_emb): LlamaRotaryEmbedding()
  )
  (lm_head): Linear(in_features=2048, out_features=128256, bias=False)
)
2026-07-26 13:54:57.530 | INFO     | __main__:main:33 - tokenizer: PreTrainedTokenizerFast(name_or_path='meta-llama/Llama-3.2-1B', vocab_size=128000, model_max_length=131072, is_fast=True, padding_side='right', truncation_side='right', special_tokens={'bos_token': '<|begin_of_text|>', 'eos_token': '<|end_of_text|>', 'pad_token': '<|end_of_text|>'}, clean_up_tokenization_spaces=True, added_tokens_decoder={
	128000: AddedToken("<|begin_of_text|>", rstrip=False, lstrip=False, single_word=False, normalized=False, special=True),
	128001: AddedToken("<|end_of_text|>", rstrip=False, lstrip=False, single_word=False, normalized=False, special=True),
	128002: AddedToken("<|reserved_special_token_0|>", rstrip=False, lstrip=False, single_word=False, normalized=False, special=True),
	128003: AddedToken("<|reserved_special_token_1|>", rstrip=False, lstrip=False, single_word=False, normalized=False, special=True),
	128004: AddedToken("<|finetune_right_pad_id|>", rstrip=False, lstrip=False, single_word=False, normalized=False, special=True),
	128005: AddedToken("<|reserved_special_token_2|>", rstrip=False, lstrip=False, single_word=False, normalized=False, special=True),
	128006: AddedToken("<|start_header_id|>", rstrip=False, lstrip=False, single_word=False, normalized=False, special=True),
	128007: AddedToken("<|end_header_id|>", rstrip=False, lstrip=False, single_word=False, normalized=False, special=True),
	128008: AddedToken("<|eom_id|>", rstrip=False, lstrip=False, single_word=False, normalized=False, special=True),
	128009: AddedToken("<|eot_id|>", rstrip=False, lstrip=False, single_word=False, normalized=False, special=True),
	128010: AddedToken("<|python_tag|>", rstrip=False, lstrip=False, single_word=False, normalized=False, special=True),
	128011: AddedToken("<|reserved_special_token_3|>", rstrip=False, lstrip=False, single_word=False, normalized=False, special=True),
	128012: AddedToken("<|reserved_special_token_4|>", rstrip=False, lstrip=False, single_word=False, normalized=False, special=True),
	128013: AddedToken("<|reserved_special_token_5|>", rstrip=False, lstrip=False, single_word=False, normalized=False, special=True),
	128014: AddedToken("<|reserved_special_token_6|>", rstrip=False, lstrip=False, single_word=False, normalized=False, special=True),
	128015: AddedToken("<|reserved_special_token_7|>", rstrip=False, lstrip=False, single_word=False, normalized=False, special=True),
	128016: AddedToken("<|reserved_special_token_8|>", rstrip=False, lstrip=False, single_word=False, normalized=False, special=True),
	128017: AddedToken("<|reserved_special_token_9|>", rstrip=False, lstrip=False, single_word=False, normalized=False, special=True),
	128018: AddedToken("<|reserved_special_token_10|>", rstrip=False, lstrip=False, single_word=False, normalized=False, special=True),
	128019: AddedToken("<|reserved_special_token_11|>", rstrip=False, lstrip=False, single_word=False, normalized=False, special=True),
	128020: AddedToken("<|reserved_special_token_12|>", rstrip=False, lstrip=False, single_word=False, normalized=False, special=True),
	128021: AddedToken("<|reserved_special_token_13|>", rstrip=False, lstrip=False, single_word=False, normalized=False, special=True),
	128022: AddedToken("<|reserved_special_token_14|>", rstrip=False, lstrip=False, single_word=False, normalized=False, special=True),
	128023: AddedToken("<|reserved_special_token_15|>", rstrip=False, lstrip=False, single_word=False, normalized=False, special=True),
	128024: AddedToken("<|reserved_special_token_16|>", rstrip=False, lstrip=False, single_word=False, normalized=False, special=True),
	128025: AddedToken("<|reserved_special_token_17|>", rstrip=False, lstrip=False, single_word=False, normalized=False, special=True),
	128026: AddedToken("<|reserved_special_token_18|>", rstrip=False, lstrip=False, single_word=False, normalized=False, special=True),
	128027: AddedToken("<|reserved_special_token_19|>", rstrip=False, lstrip=False, single_word=False, normalized=False, special=True),
	128028: AddedToken("<|reserved_special_token_20|>", rstrip=False, lstrip=False, single_word=False, normalized=False, special=True),
	128029: AddedToken("<|reserved_special_token_21|>", rstrip=False, lstrip=False, single_word=False, normalized=False, special=True),
	128030: AddedToken("<|reserved_special_token_22|>", rstrip=False, lstrip=False, single_word=False, normalized=False, special=True),
	128031: AddedToken("<|reserved_special_token_23|>", rstrip=False, lstrip=False, single_word=False, normalized=False, special=True),
	128032: AddedToken("<|reserved_special_token_24|>", rstrip=False, lstrip=False, single_word=False, normalized=False, special=True),
	128033: AddedToken("<|reserved_special_token_25|>", rstrip=False, lstrip=False, single_word=False, normalized=False, special=True),
	128034: AddedToken("<|reserved_special_token_26|>", rstrip=False, lstrip=False, single_word=False, normalized=False, special=True),
	128035: AddedToken("<|reserved_special_token_27|>", rstrip=False, lstrip=False, single_word=False, normalized=False, special=True),
	128036: AddedToken("<|reserved_special_token_28|>", rstrip=False, lstrip=False, single_word=False, normalized=False, special=True),
	128037: AddedToken("<|reserved_special_token_29|>", rstrip=False, lstrip=False, single_word=False, normalized=False, special=True),
	128038: AddedToken("<|reserved_special_token_30|>", rstrip=False, lstrip=False, single_word=False, normalized=False, special=True),
	128039: AddedToken("<|reserved_special_token_31|>", rstrip=False, lstrip=False, single_word=False, normalized=False, special=True),
	128040: AddedToken("<|reserved_special_token_32|>", rstrip=False, lstrip=False, single_word=False, normalized=False, special=True),
	128041: AddedToken("<|reserved_special_token_33|>", rstrip=False, lstrip=False, single_word=False, normalized=False, special=True),
	128042: AddedToken("<|reserved_special_token_34|>", rstrip=False, lstrip=False, single_word=False, normalized=False, special=True),
	128043: AddedToken("<|reserved_special_token_35|>", rstrip=False, lstrip=False, single_word=False, normalized=False, special=True),
	128044: AddedToken("<|reserved_special_token_36|>", rstrip=False, lstrip=False, single_word=False, normalized=False, special=True),
	128045: AddedToken("<|reserved_special_token_37|>", rstrip=False, lstrip=False, single_word=False, normalized=False, special=True),
	128046: AddedToken("<|reserved_special_token_38|>", rstrip=False, lstrip=False, single_word=False, normalized=False, special=True),
	128047: AddedToken("<|reserved_special_token_39|>", rstrip=False, lstrip=False, single_word=False, normalized=False, special=True),
	128048: AddedToken("<|reserved_special_token_40|>", rstrip=False, lstrip=False, single_word=False, normalized=False, special=True),
	128049: AddedToken("<|reserved_special_token_41|>", rstrip=False, lstrip=False, single_word=False, normalized=False, special=True),
	128050: AddedToken("<|reserved_special_token_42|>", rstrip=False, lstrip=False, single_word=False, normalized=False, special=True),
	128051: AddedToken("<|reserved_special_token_43|>", rstrip=False, lstrip=False, single_word=False, normalized=False, special=True),
	128052: AddedToken("<|reserved_special_token_44|>", rstrip=False, lstrip=False, single_word=False, normalized=False, special=True),
	128053: AddedToken("<|reserved_special_token_45|>", rstrip=False, lstrip=False, single_word=False, normalized=False, special=True),
	128054: AddedToken("<|reserved_special_token_46|>", rstrip=False, lstrip=False, single_word=False, normalized=False, special=True),
	128055: AddedToken("<|reserved_special_token_47|>", rstrip=False, lstrip=False, single_word=False, normalized=False, special=True),
	128056: AddedToken("<|reserved_special_token_48|>", rstrip=False, lstrip=False, single_word=False, normalized=False, special=True),
	128057: AddedToken("<|reserved_special_token_49|>", rstrip=False, lstrip=False, single_word=False, normalized=False, special=True),
	128058: AddedToken("<|reserved_special_token_50|>", rstrip=False, lstrip=False, single_word=False, normalized=False, special=True),
	128059: AddedToken("<|reserved_special_token_51|>", rstrip=False, lstrip=False, single_word=False, normalized=False, special=True),
	128060: AddedToken("<|reserved_special_token_52|>", rstrip=False, lstrip=False, single_word=False, normalized=False, special=True),
	128061: AddedToken("<|reserved_special_token_53|>", rstrip=False, lstrip=False, single_word=False, normalized=False, special=True),
	128062: AddedToken("<|reserved_special_token_54|>", rstrip=False, lstrip=False, single_word=False, normalized=False, special=True),
	128063: AddedToken("<|reserved_special_token_55|>", rstrip=False, lstrip=False, single_word=False, normalized=False, special=True),
	128064: AddedToken("<|reserved_special_token_56|>", rstrip=False, lstrip=False, single_word=False, normalized=False, special=True),
	128065: AddedToken("<|reserved_special_token_57|>", rstrip=False, lstrip=False, single_word=False, normalized=False, special=True),
	128066: AddedToken("<|reserved_special_token_58|>", rstrip=False, lstrip=False, single_word=False, normalized=False, special=True),
	128067: AddedToken("<|reserved_special_token_59|>", rstrip=False, lstrip=False, single_word=False, normalized=False, special=True),
	128068: AddedToken("<|reserved_special_token_60|>", rstrip=False, lstrip=False, single_word=False, normalized=False, special=True),
	128069: AddedToken("<|reserved_special_token_61|>", rstrip=False, lstrip=False, single_word=False, normalized=False, special=True),
	128070: AddedToken("<|reserved_special_token_62|>", rstrip=False, lstrip=False, single_word=False, normalized=False, special=True),
	128071: AddedToken("<|reserved_special_token_63|>", rstrip=False, lstrip=False, single_word=False, normalized=False, special=True),
	128072: AddedToken("<|reserved_special_token_64|>", rstrip=False, lstrip=False, single_word=False, normalized=False, special=True),
	128073: AddedToken("<|reserved_special_token_65|>", rstrip=False, lstrip=False, single_word=False, normalized=False, special=True),
	128074: AddedToken("<|reserved_special_token_66|>", rstrip=False, lstrip=False, single_word=False, normalized=False, special=True),
	128075: AddedToken("<|reserved_special_token_67|>", rstrip=False, lstrip=False, single_word=False, normalized=False, special=True),
	128076: AddedToken("<|reserved_special_token_68|>", rstrip=False, lstrip=False, single_word=False, normalized=False, special=True),
	128077: AddedToken("<|reserved_special_token_69|>", rstrip=False, lstrip=False, single_word=False, normalized=False, special=True),
	128078: AddedToken("<|reserved_special_token_70|>", rstrip=False, lstrip=False, single_word=False, normalized=False, special=True),
	128079: AddedToken("<|reserved_special_token_71|>", rstrip=False, lstrip=False, single_word=False, normalized=False, special=True),
	128080: AddedToken("<|reserved_special_token_72|>", rstrip=False, lstrip=False, single_word=False, normalized=False, special=True),
	128081: AddedToken("<|reserved_special_token_73|>", rstrip=False, lstrip=False, single_word=False, normalized=False, special=True),
	128082: AddedToken("<|reserved_special_token_74|>", rstrip=False, lstrip=False, single_word=False, normalized=False, special=True),
	128083: AddedToken("<|reserved_special_token_75|>", rstrip=False, lstrip=False, single_word=False, normalized=False, special=True),
	128084: AddedToken("<|reserved_special_token_76|>", rstrip=False, lstrip=False, single_word=False, normalized=False, special=True),
	128085: AddedToken("<|reserved_special_token_77|>", rstrip=False, lstrip=False, single_word=False, normalized=False, special=True),
	128086: AddedToken("<|reserved_special_token_78|>", rstrip=False, lstrip=False, single_word=False, normalized=False, special=True),
	128087: AddedToken("<|reserved_special_token_79|>", rstrip=False, lstrip=False, single_word=False, normalized=False, special=True),
	128088: AddedToken("<|reserved_special_token_80|>", rstrip=False, lstrip=False, single_word=False, normalized=False, special=True),
	128089: AddedToken("<|reserved_special_token_81|>", rstrip=False, lstrip=False, single_word=False, normalized=False, special=True),
	128090: AddedToken("<|reserved_special_token_82|>", rstrip=False, lstrip=False, single_word=False, normalized=False, special=True),
	128091: AddedToken("<|reserved_special_token_83|>", rstrip=False, lstrip=False, single_word=False, normalized=False, special=True),
	128092: AddedToken("<|reserved_special_token_84|>", rstrip=False, lstrip=False, single_word=False, normalized=False, special=True),
	128093: AddedToken("<|reserved_special_token_85|>", rstrip=False, lstrip=False, single_word=False, normalized=False, special=True),
	128094: AddedToken("<|reserved_special_token_86|>", rstrip=False, lstrip=False, single_word=False, normalized=False, special=True),
	128095: AddedToken("<|reserved_special_token_87|>", rstrip=False, lstrip=False, single_word=False, normalized=False, special=True),
	128096: AddedToken("<|reserved_special_token_88|>", rstrip=False, lstrip=False, single_word=False, normalized=False, special=True),
	128097: AddedToken("<|reserved_special_token_89|>", rstrip=False, lstrip=False, single_word=False, normalized=False, special=True),
	128098: AddedToken("<|reserved_special_token_90|>", rstrip=False, lstrip=False, single_word=False, normalized=False, special=True),
	128099: AddedToken("<|reserved_special_token_91|>", rstrip=False, lstrip=False, single_word=False, normalized=False, special=True),
	128100: AddedToken("<|reserved_special_token_92|>", rstrip=False, lstrip=False, single_word=False, normalized=False, special=True),
	128101: AddedToken("<|reserved_special_token_93|>", rstrip=False, lstrip=False, single_word=False, normalized=False, special=True),
	128102: AddedToken("<|reserved_special_token_94|>", rstrip=False, lstrip=False, single_word=False, normalized=False, special=True),
	128103: AddedToken("<|reserved_special_token_95|>", rstrip=False, lstrip=False, single_word=False, normalized=False, special=True),
	128104: AddedToken("<|reserved_special_token_96|>", rstrip=False, lstrip=False, single_word=False, normalized=False, special=True),
	128105: AddedToken("<|reserved_special_token_97|>", rstrip=False, lstrip=False, single_word=False, normalized=False, special=True),
	128106: AddedToken("<|reserved_special_token_98|>", rstrip=False, lstrip=False, single_word=False, normalized=False, special=True),
	128107: AddedToken("<|reserved_special_token_99|>", rstrip=False, lstrip=False, single_word=False, normalized=False, special=True),
	128108: AddedToken("<|reserved_special_token_100|>", rstrip=False, lstrip=False, single_word=False, normalized=False, special=True),
	128109: AddedToken("<|reserved_special_token_101|>", rstrip=False, lstrip=False, single_word=False, normalized=False, special=True),
	128110: AddedToken("<|reserved_special_token_102|>", rstrip=False, lstrip=False, single_word=False, normalized=False, special=True),
	128111: AddedToken("<|reserved_special_token_103|>", rstrip=False, lstrip=False, single_word=False, normalized=False, special=True),
	128112: AddedToken("<|reserved_special_token_104|>", rstrip=False, lstrip=False, single_word=False, normalized=False, special=True),
	128113: AddedToken("<|reserved_special_token_105|>", rstrip=False, lstrip=False, single_word=False, normalized=False, special=True),
	128114: AddedToken("<|reserved_special_token_106|>", rstrip=False, lstrip=False, single_word=False, normalized=False, special=True),
	128115: AddedToken("<|reserved_special_token_107|>", rstrip=False, lstrip=False, single_word=False, normalized=False, special=True),
	128116: AddedToken("<|reserved_special_token_108|>", rstrip=False, lstrip=False, single_word=False, normalized=False, special=True),
	128117: AddedToken("<|reserved_special_token_109|>", rstrip=False, lstrip=False, single_word=False, normalized=False, special=True),
	128118: AddedToken("<|reserved_special_token_110|>", rstrip=False, lstrip=False, single_word=False, normalized=False, special=True),
	128119: AddedToken("<|reserved_special_token_111|>", rstrip=False, lstrip=False, single_word=False, normalized=False, special=True),
	128120: AddedToken("<|reserved_special_token_112|>", rstrip=False, lstrip=False, single_word=False, normalized=False, special=True),
	128121: AddedToken("<|reserved_special_token_113|>", rstrip=False, lstrip=False, single_word=False, normalized=False, special=True),
	128122: AddedToken("<|reserved_special_token_114|>", rstrip=False, lstrip=False, single_word=False, normalized=False, special=True),
	128123: AddedToken("<|reserved_special_token_115|>", rstrip=False, lstrip=False, single_word=False, normalized=False, special=True),
	128124: AddedToken("<|reserved_special_token_116|>", rstrip=False, lstrip=False, single_word=False, normalized=False, special=True),
	128125: AddedToken("<|reserved_special_token_117|>", rstrip=False, lstrip=False, single_word=False, normalized=False, special=True),
	128126: AddedToken("<|reserved_special_token_118|>", rstrip=False, lstrip=False, single_word=False, normalized=False, special=True),
	128127: AddedToken("<|reserved_special_token_119|>", rstrip=False, lstrip=False, single_word=False, normalized=False, special=True),
	128128: AddedToken("<|reserved_special_token_120|>", rstrip=False, lstrip=False, single_word=False, normalized=False, special=True),
	128129: AddedToken("<|reserved_special_token_121|>", rstrip=False, lstrip=False, single_word=False, normalized=False, special=True),
	128130: AddedToken("<|reserved_special_token_122|>", rstrip=False, lstrip=False, single_word=False, normalized=False, special=True),
	128131: AddedToken("<|reserved_special_token_123|>", rstrip=False, lstrip=False, single_word=False, normalized=False, special=True),
	128132: AddedToken("<|reserved_special_token_124|>", rstrip=False, lstrip=False, single_word=False, normalized=False, special=True),
	128133: AddedToken("<|reserved_special_token_125|>", rstrip=False, lstrip=False, single_word=False, normalized=False, special=True),
	128134: AddedToken("<|reserved_special_token_126|>", rstrip=False, lstrip=False, single_word=False, normalized=False, special=True),
	128135: AddedToken("<|reserved_special_token_127|>", rstrip=False, lstrip=False, single_word=False, normalized=False, special=True),
	128136: AddedToken("<|reserved_special_token_128|>", rstrip=False, lstrip=False, single_word=False, normalized=False, special=True),
	128137: AddedToken("<|reserved_special_token_129|>", rstrip=False, lstrip=False, single_word=False, normalized=False, special=True),
	128138: AddedToken("<|reserved_special_token_130|>", rstrip=False, lstrip=False, single_word=False, normalized=False, special=True),
	128139: AddedToken("<|reserved_special_token_131|>", rstrip=False, lstrip=False, single_word=False, normalized=False, special=True),
	128140: AddedToken("<|reserved_special_token_132|>", rstrip=False, lstrip=False, single_word=False, normalized=False, special=True),
	128141: AddedToken("<|reserved_special_token_133|>", rstrip=False, lstrip=False, single_word=False, normalized=False, special=True),
	128142: AddedToken("<|reserved_special_token_134|>", rstrip=False, lstrip=False, single_word=False, normalized=False, special=True),
	128143: AddedToken("<|reserved_special_token_135|>", rstrip=False, lstrip=False, single_word=False, normalized=False, special=True),
	128144: AddedToken("<|reserved_special_token_136|>", rstrip=False, lstrip=False, single_word=False, normalized=False, special=True),
	128145: AddedToken("<|reserved_special_token_137|>", rstrip=False, lstrip=False, single_word=False, normalized=False, special=True),
	128146: AddedToken("<|reserved_special_token_138|>", rstrip=False, lstrip=False, single_word=False, normalized=False, special=True),
	128147: AddedToken("<|reserved_special_token_139|>", rstrip=False, lstrip=False, single_word=False, normalized=False, special=True),
	128148: AddedToken("<|reserved_special_token_140|>", rstrip=False, lstrip=False, single_word=False, normalized=False, special=True),
	128149: AddedToken("<|reserved_special_token_141|>", rstrip=False, lstrip=False, single_word=False, normalized=False, special=True),
	128150: AddedToken("<|reserved_special_token_142|>", rstrip=False, lstrip=False, single_word=False, normalized=False, special=True),
	128151: AddedToken("<|reserved_special_token_143|>", rstrip=False, lstrip=False, single_word=False, normalized=False, special=True),
	128152: AddedToken("<|reserved_special_token_144|>", rstrip=False, lstrip=False, single_word=False, normalized=False, special=True),
	128153: AddedToken("<|reserved_special_token_145|>", rstrip=False, lstrip=False, single_word=False, normalized=False, special=True),
	128154: AddedToken("<|reserved_special_token_146|>", rstrip=False, lstrip=False, single_word=False, normalized=False, special=True),
	128155: AddedToken("<|reserved_special_token_147|>", rstrip=False, lstrip=False, single_word=False, normalized=False, special=True),
	128156: AddedToken("<|reserved_special_token_148|>", rstrip=False, lstrip=False, single_word=False, normalized=False, special=True),
	128157: AddedToken("<|reserved_special_token_149|>", rstrip=False, lstrip=False, single_word=False, normalized=False, special=True),
	128158: AddedToken("<|reserved_special_token_150|>", rstrip=False, lstrip=False, single_word=False, normalized=False, special=True),
	128159: AddedToken("<|reserved_special_token_151|>", rstrip=False, lstrip=False, single_word=False, normalized=False, special=True),
	128160: AddedToken("<|reserved_special_token_152|>", rstrip=False, lstrip=False, single_word=False, normalized=False, special=True),
	128161: AddedToken("<|reserved_special_token_153|>", rstrip=False, lstrip=False, single_word=False, normalized=False, special=True),
	128162: AddedToken("<|reserved_special_token_154|>", rstrip=False, lstrip=False, single_word=False, normalized=False, special=True),
	128163: AddedToken("<|reserved_special_token_155|>", rstrip=False, lstrip=False, single_word=False, normalized=False, special=True),
	128164: AddedToken("<|reserved_special_token_156|>", rstrip=False, lstrip=False, single_word=False, normalized=False, special=True),
	128165: AddedToken("<|reserved_special_token_157|>", rstrip=False, lstrip=False, single_word=False, normalized=False, special=True),
	128166: AddedToken("<|reserved_special_token_158|>", rstrip=False, lstrip=False, single_word=False, normalized=False, special=True),
	128167: AddedToken("<|reserved_special_token_159|>", rstrip=False, lstrip=False, single_word=False, normalized=False, special=True),
	128168: AddedToken("<|reserved_special_token_160|>", rstrip=False, lstrip=False, single_word=False, normalized=False, special=True),
	128169: AddedToken("<|reserved_special_token_161|>", rstrip=False, lstrip=False, single_word=False, normalized=False, special=True),
	128170: AddedToken("<|reserved_special_token_162|>", rstrip=False, lstrip=False, single_word=False, normalized=False, special=True),
	128171: AddedToken("<|reserved_special_token_163|>", rstrip=False, lstrip=False, single_word=False, normalized=False, special=True),
	128172: AddedToken("<|reserved_special_token_164|>", rstrip=False, lstrip=False, single_word=False, normalized=False, special=True),
	128173: AddedToken("<|reserved_special_token_165|>", rstrip=False, lstrip=False, single_word=False, normalized=False, special=True),
	128174: AddedToken("<|reserved_special_token_166|>", rstrip=False, lstrip=False, single_word=False, normalized=False, special=True),
	128175: AddedToken("<|reserved_special_token_167|>", rstrip=False, lstrip=False, single_word=False, normalized=False, special=True),
	128176: AddedToken("<|reserved_special_token_168|>", rstrip=False, lstrip=False, single_word=False, normalized=False, special=True),
	128177: AddedToken("<|reserved_special_token_169|>", rstrip=False, lstrip=False, single_word=False, normalized=False, special=True),
	128178: AddedToken("<|reserved_special_token_170|>", rstrip=False, lstrip=False, single_word=False, normalized=False, special=True),
	128179: AddedToken("<|reserved_special_token_171|>", rstrip=False, lstrip=False, single_word=False, normalized=False, special=True),
	128180: AddedToken("<|reserved_special_token_172|>", rstrip=False, lstrip=False, single_word=False, normalized=False, special=True),
	128181: AddedToken("<|reserved_special_token_173|>", rstrip=False, lstrip=False, single_word=False, normalized=False, special=True),
	128182: AddedToken("<|reserved_special_token_174|>", rstrip=False, lstrip=False, single_word=False, normalized=False, special=True),
	128183: AddedToken("<|reserved_special_token_175|>", rstrip=False, lstrip=False, single_word=False, normalized=False, special=True),
	128184: AddedToken("<|reserved_special_token_176|>", rstrip=False, lstrip=False, single_word=False, normalized=False, special=True),
	128185: AddedToken("<|reserved_special_token_177|>", rstrip=False, lstrip=False, single_word=False, normalized=False, special=True),
	128186: AddedToken("<|reserved_special_token_178|>", rstrip=False, lstrip=False, single_word=False, normalized=False, special=True),
	128187: AddedToken("<|reserved_special_token_179|>", rstrip=False, lstrip=False, single_word=False, normalized=False, special=True),
	128188: AddedToken("<|reserved_special_token_180|>", rstrip=False, lstrip=False, single_word=False, normalized=False, special=True),
	128189: AddedToken("<|reserved_special_token_181|>", rstrip=False, lstrip=False, single_word=False, normalized=False, special=True),
	128190: AddedToken("<|reserved_special_token_182|>", rstrip=False, lstrip=False, single_word=False, normalized=False, special=True),
	128191: AddedToken("<|reserved_special_token_183|>", rstrip=False, lstrip=False, single_word=False, normalized=False, special=True),
	128192: AddedToken("<|reserved_special_token_184|>", rstrip=False, lstrip=False, single_word=False, normalized=False, special=True),
	128193: AddedToken("<|reserved_special_token_185|>", rstrip=False, lstrip=False, single_word=False, normalized=False, special=True),
	128194: AddedToken("<|reserved_special_token_186|>", rstrip=False, lstrip=False, single_word=False, normalized=False, special=True),
	128195: AddedToken("<|reserved_special_token_187|>", rstrip=False, lstrip=False, single_word=False, normalized=False, special=True),
	128196: AddedToken("<|reserved_special_token_188|>", rstrip=False, lstrip=False, single_word=False, normalized=False, special=True),
	128197: AddedToken("<|reserved_special_token_189|>", rstrip=False, lstrip=False, single_word=False, normalized=False, special=True),
	128198: AddedToken("<|reserved_special_token_190|>", rstrip=False, lstrip=False, single_word=False, normalized=False, special=True),
	128199: AddedToken("<|reserved_special_token_191|>", rstrip=False, lstrip=False, single_word=False, normalized=False, special=True),
	128200: AddedToken("<|reserved_special_token_192|>", rstrip=False, lstrip=False, single_word=False, normalized=False, special=True),
	128201: AddedToken("<|reserved_special_token_193|>", rstrip=False, lstrip=False, single_word=False, normalized=False, special=True),
	128202: AddedToken("<|reserved_special_token_194|>", rstrip=False, lstrip=False, single_word=False, normalized=False, special=True),
	128203: AddedToken("<|reserved_special_token_195|>", rstrip=False, lstrip=False, single_word=False, normalized=False, special=True),
	128204: AddedToken("<|reserved_special_token_196|>", rstrip=False, lstrip=False, single_word=False, normalized=False, special=True),
	128205: AddedToken("<|reserved_special_token_197|>", rstrip=False, lstrip=False, single_word=False, normalized=False, special=True),
	128206: AddedToken("<|reserved_special_token_198|>", rstrip=False, lstrip=False, single_word=False, normalized=False, special=True),
	128207: AddedToken("<|reserved_special_token_199|>", rstrip=False, lstrip=False, single_word=False, normalized=False, special=True),
	128208: AddedToken("<|reserved_special_token_200|>", rstrip=False, lstrip=False, single_word=False, normalized=False, special=True),
	128209: AddedToken("<|reserved_special_token_201|>", rstrip=False, lstrip=False, single_word=False, normalized=False, special=True),
	128210: AddedToken("<|reserved_special_token_202|>", rstrip=False, lstrip=False, single_word=False, normalized=False, special=True),
	128211: AddedToken("<|reserved_special_token_203|>", rstrip=False, lstrip=False, single_word=False, normalized=False, special=True),
	128212: AddedToken("<|reserved_special_token_204|>", rstrip=False, lstrip=False, single_word=False, normalized=False, special=True),
	128213: AddedToken("<|reserved_special_token_205|>", rstrip=False, lstrip=False, single_word=False, normalized=False, special=True),
	128214: AddedToken("<|reserved_special_token_206|>", rstrip=False, lstrip=False, single_word=False, normalized=False, special=True),
	128215: AddedToken("<|reserved_special_token_207|>", rstrip=False, lstrip=False, single_word=False, normalized=False, special=True),
	128216: AddedToken("<|reserved_special_token_208|>", rstrip=False, lstrip=False, single_word=False, normalized=False, special=True),
	128217: AddedToken("<|reserved_special_token_209|>", rstrip=False, lstrip=False, single_word=False, normalized=False, special=True),
	128218: AddedToken("<|reserved_special_token_210|>", rstrip=False, lstrip=False, single_word=False, normalized=False, special=True),
	128219: AddedToken("<|reserved_special_token_211|>", rstrip=False, lstrip=False, single_word=False, normalized=False, special=True),
	128220: AddedToken("<|reserved_special_token_212|>", rstrip=False, lstrip=False, single_word=False, normalized=False, special=True),
	128221: AddedToken("<|reserved_special_token_213|>", rstrip=False, lstrip=False, single_word=False, normalized=False, special=True),
	128222: AddedToken("<|reserved_special_token_214|>", rstrip=False, lstrip=False, single_word=False, normalized=False, special=True),
	128223: AddedToken("<|reserved_special_token_215|>", rstrip=False, lstrip=False, single_word=False, normalized=False, special=True),
	128224: AddedToken("<|reserved_special_token_216|>", rstrip=False, lstrip=False, single_word=False, normalized=False, special=True),
	128225: AddedToken("<|reserved_special_token_217|>", rstrip=False, lstrip=False, single_word=False, normalized=False, special=True),
	128226: AddedToken("<|reserved_special_token_218|>", rstrip=False, lstrip=False, single_word=False, normalized=False, special=True),
	128227: AddedToken("<|reserved_special_token_219|>", rstrip=False, lstrip=False, single_word=False, normalized=False, special=True),
	128228: AddedToken("<|reserved_special_token_220|>", rstrip=False, lstrip=False, single_word=False, normalized=False, special=True),
	128229: AddedToken("<|reserved_special_token_221|>", rstrip=False, lstrip=False, single_word=False, normalized=False, special=True),
	128230: AddedToken("<|reserved_special_token_222|>", rstrip=False, lstrip=False, single_word=False, normalized=False, special=True),
	128231: AddedToken("<|reserved_special_token_223|>", rstrip=False, lstrip=False, single_word=False, normalized=False, special=True),
	128232: AddedToken("<|reserved_special_token_224|>", rstrip=False, lstrip=False, single_word=False, normalized=False, special=True),
	128233: AddedToken("<|reserved_special_token_225|>", rstrip=False, lstrip=False, single_word=False, normalized=False, special=True),
	128234: AddedToken("<|reserved_special_token_226|>", rstrip=False, lstrip=False, single_word=False, normalized=False, special=True),
	128235: AddedToken("<|reserved_special_token_227|>", rstrip=False, lstrip=False, single_word=False, normalized=False, special=True),
	128236: AddedToken("<|reserved_special_token_228|>", rstrip=False, lstrip=False, single_word=False, normalized=False, special=True),
	128237: AddedToken("<|reserved_special_token_229|>", rstrip=False, lstrip=False, single_word=False, normalized=False, special=True),
	128238: AddedToken("<|reserved_special_token_230|>", rstrip=False, lstrip=False, single_word=False, normalized=False, special=True),
	128239: AddedToken("<|reserved_special_token_231|>", rstrip=False, lstrip=False, single_word=False, normalized=False, special=True),
	128240: AddedToken("<|reserved_special_token_232|>", rstrip=False, lstrip=False, single_word=False, normalized=False, special=True),
	128241: AddedToken("<|reserved_special_token_233|>", rstrip=False, lstrip=False, single_word=False, normalized=False, special=True),
	128242: AddedToken("<|reserved_special_token_234|>", rstrip=False, lstrip=False, single_word=False, normalized=False, special=True),
	128243: AddedToken("<|reserved_special_token_235|>", rstrip=False, lstrip=False, single_word=False, normalized=False, special=True),
	128244: AddedToken("<|reserved_special_token_236|>", rstrip=False, lstrip=False, single_word=False, normalized=False, special=True),
	128245: AddedToken("<|reserved_special_token_237|>", rstrip=False, lstrip=False, single_word=False, normalized=False, special=True),
	128246: AddedToken("<|reserved_special_token_238|>", rstrip=False, lstrip=False, single_word=False, normalized=False, special=True),
	128247: AddedToken("<|reserved_special_token_239|>", rstrip=False, lstrip=False, single_word=False, normalized=False, special=True),
	128248: AddedToken("<|reserved_special_token_240|>", rstrip=False, lstrip=False, single_word=False, normalized=False, special=True),
	128249: AddedToken("<|reserved_special_token_241|>", rstrip=False, lstrip=False, single_word=False, normalized=False, special=True),
	128250: AddedToken("<|reserved_special_token_242|>", rstrip=False, lstrip=False, single_word=False, normalized=False, special=True),
	128251: AddedToken("<|reserved_special_token_243|>", rstrip=False, lstrip=False, single_word=False, normalized=False, special=True),
	128252: AddedToken("<|reserved_special_token_244|>", rstrip=False, lstrip=False, single_word=False, normalized=False, special=True),
	128253: AddedToken("<|reserved_special_token_245|>", rstrip=False, lstrip=False, single_word=False, normalized=False, special=True),
	128254: AddedToken("<|reserved_special_token_246|>", rstrip=False, lstrip=False, single_word=False, normalized=False, special=True),
	128255: AddedToken("<|reserved_special_token_247|>", rstrip=False, lstrip=False, single_word=False, normalized=False, special=True),
}
)
2026-07-26 13:54:57.530 | INFO     | __main__:main:33 - tokenizer: PreTrainedTokenizerFast(name_or_path='meta-llama/Llama-3.2-1B', vocab_size=128000, model_max_length=131072, is_fast=True, padding_side='right', truncation_side='right', special_tokens={'bos_token': '<|begin_of_text|>', 'eos_token': '<|end_of_text|>', 'pad_token': '<|end_of_text|>'}, clean_up_tokenization_spaces=True, added_tokens_decoder={
	128000: AddedToken("<|begin_of_text|>", rstrip=False, lstrip=False, single_word=False, normalized=False, special=True),
	128001: AddedToken("<|end_of_text|>", rstrip=False, lstrip=False, single_word=False, normalized=False, special=True),
	128002: AddedToken("<|reserved_special_token_0|>", rstrip=False, lstrip=False, single_word=False, normalized=False, special=True),
	128003: AddedToken("<|reserved_special_token_1|>", rstrip=False, lstrip=False, single_word=False, normalized=False, special=True),
	128004: AddedToken("<|finetune_right_pad_id|>", rstrip=False, lstrip=False, single_word=False, normalized=False, special=True),
	128005: AddedToken("<|reserved_special_token_2|>", rstrip=False, lstrip=False, single_word=False, normalized=False, special=True),
	128006: AddedToken("<|start_header_id|>", rstrip=False, lstrip=False, single_word=False, normalized=False, special=True),
	128007: AddedToken("<|end_header_id|>", rstrip=False, lstrip=False, single_word=False, normalized=False, special=True),
	128008: AddedToken("<|eom_id|>", rstrip=False, lstrip=False, single_word=False, normalized=False, special=True),
	128009: AddedToken("<|eot_id|>", rstrip=False, lstrip=False, single_word=False, normalized=False, special=True),
	128010: AddedToken("<|python_tag|>", rstrip=False, lstrip=False, single_word=False, normalized=False, special=True),
	128011: AddedToken("<|reserved_special_token_3|>", rstrip=False, lstrip=False, single_word=False, normalized=False, special=True),
	128012: AddedToken("<|reserved_special_token_4|>", rstrip=False, lstrip=False, single_word=False, normalized=False, special=True),
	128013: AddedToken("<|reserved_special_token_5|>", rstrip=False, lstrip=False, single_word=False, normalized=False, special=True),
	128014: AddedToken("<|reserved_special_token_6|>", rstrip=False, lstrip=False, single_word=False, normalized=False, special=True),
	128015: AddedToken("<|reserved_special_token_7|>", rstrip=False, lstrip=False, single_word=False, normalized=False, special=True),
	128016: AddedToken("<|reserved_special_token_8|>", rstrip=False, lstrip=False, single_word=False, normalized=False, special=True),
	128017: AddedToken("<|reserved_special_token_9|>", rstrip=False, lstrip=False, single_word=False, normalized=False, special=True),
	128018: AddedToken("<|reserved_special_token_10|>", rstrip=False, lstrip=False, single_word=False, normalized=False, special=True),
	128019: AddedToken("<|reserved_special_token_11|>", rstrip=False, lstrip=False, single_word=False, normalized=False, special=True),
	128020: AddedToken("<|reserved_special_token_12|>", rstrip=False, lstrip=False, single_word=False, normalized=False, special=True),
	128021: AddedToken("<|reserved_special_token_13|>", rstrip=False, lstrip=False, single_word=False, normalized=False, special=True),
	128022: AddedToken("<|reserved_special_token_14|>", rstrip=False, lstrip=False, single_word=False, normalized=False, special=True),
	128023: AddedToken("<|reserved_special_token_15|>", rstrip=False, lstrip=False, single_word=False, normalized=False, special=True),
	128024: AddedToken("<|reserved_special_token_16|>", rstrip=False, lstrip=False, single_word=False, normalized=False, special=True),
	128025: AddedToken("<|reserved_special_token_17|>", rstrip=False, lstrip=False, single_word=False, normalized=False, special=True),
	128026: AddedToken("<|reserved_special_token_18|>", rstrip=False, lstrip=False, single_word=False, normalized=False, special=True),
	128027: AddedToken("<|reserved_special_token_19|>", rstrip=False, lstrip=False, single_word=False, normalized=False, special=True),
	128028: AddedToken("<|reserved_special_token_20|>", rstrip=False, lstrip=False, single_word=False, normalized=False, special=True),
	128029: AddedToken("<|reserved_special_token_21|>", rstrip=False, lstrip=False, single_word=False, normalized=False, special=True),
	128030: AddedToken("<|reserved_special_token_22|>", rstrip=False, lstrip=False, single_word=False, normalized=False, special=True),
	128031: AddedToken("<|reserved_special_token_23|>", rstrip=False, lstrip=False, single_word=False, normalized=False, special=True),
	128032: AddedToken("<|reserved_special_token_24|>", rstrip=False, lstrip=False, single_word=False, normalized=False, special=True),
	128033: AddedToken("<|reserved_special_token_25|>", rstrip=False, lstrip=False, single_word=False, normalized=False, special=True),
	128034: AddedToken("<|reserved_special_token_26|>", rstrip=False, lstrip=False, single_word=False, normalized=False, special=True),
	128035: AddedToken("<|reserved_special_token_27|>", rstrip=False, lstrip=False, single_word=False, normalized=False, special=True),
	128036: AddedToken("<|reserved_special_token_28|>", rstrip=False, lstrip=False, single_word=False, normalized=False, special=True),
	128037: AddedToken("<|reserved_special_token_29|>", rstrip=False, lstrip=False, single_word=False, normalized=False, special=True),
	128038: AddedToken("<|reserved_special_token_30|>", rstrip=False, lstrip=False, single_word=False, normalized=False, special=True),
	128039: AddedToken("<|reserved_special_token_31|>", rstrip=False, lstrip=False, single_word=False, normalized=False, special=True),
	128040: AddedToken("<|reserved_special_token_32|>", rstrip=False, lstrip=False, single_word=False, normalized=False, special=True),
	128041: AddedToken("<|reserved_special_token_33|>", rstrip=False, lstrip=False, single_word=False, normalized=False, special=True),
	128042: AddedToken("<|reserved_special_token_34|>", rstrip=False, lstrip=False, single_word=False, normalized=False, special=True),
	128043: AddedToken("<|reserved_special_token_35|>", rstrip=False, lstrip=False, single_word=False, normalized=False, special=True),
	128044: AddedToken("<|reserved_special_token_36|>", rstrip=False, lstrip=False, single_word=False, normalized=False, special=True),
	128045: AddedToken("<|reserved_special_token_37|>", rstrip=False, lstrip=False, single_word=False, normalized=False, special=True),
	128046: AddedToken("<|reserved_special_token_38|>", rstrip=False, lstrip=False, single_word=False, normalized=False, special=True),
	128047: AddedToken("<|reserved_special_token_39|>", rstrip=False, lstrip=False, single_word=False, normalized=False, special=True),
	128048: AddedToken("<|reserved_special_token_40|>", rstrip=False, lstrip=False, single_word=False, normalized=False, special=True),
	128049: AddedToken("<|reserved_special_token_41|>", rstrip=False, lstrip=False, single_word=False, normalized=False, special=True),
	128050: AddedToken("<|reserved_special_token_42|>", rstrip=False, lstrip=False, single_word=False, normalized=False, special=True),
	128051: AddedToken("<|reserved_special_token_43|>", rstrip=False, lstrip=False, single_word=False, normalized=False, special=True),
	128052: AddedToken("<|reserved_special_token_44|>", rstrip=False, lstrip=False, single_word=False, normalized=False, special=True),
	128053: AddedToken("<|reserved_special_token_45|>", rstrip=False, lstrip=False, single_word=False, normalized=False, special=True),
	128054: AddedToken("<|reserved_special_token_46|>", rstrip=False, lstrip=False, single_word=False, normalized=False, special=True),
	128055: AddedToken("<|reserved_special_token_47|>", rstrip=False, lstrip=False, single_word=False, normalized=False, special=True),
	128056: AddedToken("<|reserved_special_token_48|>", rstrip=False, lstrip=False, single_word=False, normalized=False, special=True),
	128057: AddedToken("<|reserved_special_token_49|>", rstrip=False, lstrip=False, single_word=False, normalized=False, special=True),
	128058: AddedToken("<|reserved_special_token_50|>", rstrip=False, lstrip=False, single_word=False, normalized=False, special=True),
	128059: AddedToken("<|reserved_special_token_51|>", rstrip=False, lstrip=False, single_word=False, normalized=False, special=True),
	128060: AddedToken("<|reserved_special_token_52|>", rstrip=False, lstrip=False, single_word=False, normalized=False, special=True),
	128061: AddedToken("<|reserved_special_token_53|>", rstrip=False, lstrip=False, single_word=False, normalized=False, special=True),
	128062: AddedToken("<|reserved_special_token_54|>", rstrip=False, lstrip=False, single_word=False, normalized=False, special=True),
	128063: AddedToken("<|reserved_special_token_55|>", rstrip=False, lstrip=False, single_word=False, normalized=False, special=True),
	128064: AddedToken("<|reserved_special_token_56|>", rstrip=False, lstrip=False, single_word=False, normalized=False, special=True),
	128065: AddedToken("<|reserved_special_token_57|>", rstrip=False, lstrip=False, single_word=False, normalized=False, special=True),
	128066: AddedToken("<|reserved_special_token_58|>", rstrip=False, lstrip=False, single_word=False, normalized=False, special=True),
	128067: AddedToken("<|reserved_special_token_59|>", rstrip=False, lstrip=False, single_word=False, normalized=False, special=True),
	128068: AddedToken("<|reserved_special_token_60|>", rstrip=False, lstrip=False, single_word=False, normalized=False, special=True),
	128069: AddedToken("<|reserved_special_token_61|>", rstrip=False, lstrip=False, single_word=False, normalized=False, special=True),
	128070: AddedToken("<|reserved_special_token_62|>", rstrip=False, lstrip=False, single_word=False, normalized=False, special=True),
	128071: AddedToken("<|reserved_special_token_63|>", rstrip=False, lstrip=False, single_word=False, normalized=False, special=True),
	128072: AddedToken("<|reserved_special_token_64|>", rstrip=False, lstrip=False, single_word=False, normalized=False, special=True),
	128073: AddedToken("<|reserved_special_token_65|>", rstrip=False, lstrip=False, single_word=False, normalized=False, special=True),
	128074: AddedToken("<|reserved_special_token_66|>", rstrip=False, lstrip=False, single_word=False, normalized=False, special=True),
	128075: AddedToken("<|reserved_special_token_67|>", rstrip=False, lstrip=False, single_word=False, normalized=False, special=True),
	128076: AddedToken("<|reserved_special_token_68|>", rstrip=False, lstrip=False, single_word=False, normalized=False, special=True),
	128077: AddedToken("<|reserved_special_token_69|>", rstrip=False, lstrip=False, single_word=False, normalized=False, special=True),
	128078: AddedToken("<|reserved_special_token_70|>", rstrip=False, lstrip=False, single_word=False, normalized=False, special=True),
	128079: AddedToken("<|reserved_special_token_71|>", rstrip=False, lstrip=False, single_word=False, normalized=False, special=True),
	128080: AddedToken("<|reserved_special_token_72|>", rstrip=False, lstrip=False, single_word=False, normalized=False, special=True),
	128081: AddedToken("<|reserved_special_token_73|>", rstrip=False, lstrip=False, single_word=False, normalized=False, special=True),
	128082: AddedToken("<|reserved_special_token_74|>", rstrip=False, lstrip=False, single_word=False, normalized=False, special=True),
	128083: AddedToken("<|reserved_special_token_75|>", rstrip=False, lstrip=False, single_word=False, normalized=False, special=True),
	128084: AddedToken("<|reserved_special_token_76|>", rstrip=False, lstrip=False, single_word=False, normalized=False, special=True),
	128085: AddedToken("<|reserved_special_token_77|>", rstrip=False, lstrip=False, single_word=False, normalized=False, special=True),
	128086: AddedToken("<|reserved_special_token_78|>", rstrip=False, lstrip=False, single_word=False, normalized=False, special=True),
	128087: AddedToken("<|reserved_special_token_79|>", rstrip=False, lstrip=False, single_word=False, normalized=False, special=True),
	128088: AddedToken("<|reserved_special_token_80|>", rstrip=False, lstrip=False, single_word=False, normalized=False, special=True),
	128089: AddedToken("<|reserved_special_token_81|>", rstrip=False, lstrip=False, single_word=False, normalized=False, special=True),
	128090: AddedToken("<|reserved_special_token_82|>", rstrip=False, lstrip=False, single_word=False, normalized=False, special=True),
	128091: AddedToken("<|reserved_special_token_83|>", rstrip=False, lstrip=False, single_word=False, normalized=False, special=True),
	128092: AddedToken("<|reserved_special_token_84|>", rstrip=False, lstrip=False, single_word=False, normalized=False, special=True),
	128093: AddedToken("<|reserved_special_token_85|>", rstrip=False, lstrip=False, single_word=False, normalized=False, special=True),
	128094: AddedToken("<|reserved_special_token_86|>", rstrip=False, lstrip=False, single_word=False, normalized=False, special=True),
	128095: AddedToken("<|reserved_special_token_87|>", rstrip=False, lstrip=False, single_word=False, normalized=False, special=True),
	128096: AddedToken("<|reserved_special_token_88|>", rstrip=False, lstrip=False, single_word=False, normalized=False, special=True),
	128097: AddedToken("<|reserved_special_token_89|>", rstrip=False, lstrip=False, single_word=False, normalized=False, special=True),
	128098: AddedToken("<|reserved_special_token_90|>", rstrip=False, lstrip=False, single_word=False, normalized=False, special=True),
	128099: AddedToken("<|reserved_special_token_91|>", rstrip=False, lstrip=False, single_word=False, normalized=False, special=True),
	128100: AddedToken("<|reserved_special_token_92|>", rstrip=False, lstrip=False, single_word=False, normalized=False, special=True),
	128101: AddedToken("<|reserved_special_token_93|>", rstrip=False, lstrip=False, single_word=False, normalized=False, special=True),
	128102: AddedToken("<|reserved_special_token_94|>", rstrip=False, lstrip=False, single_word=False, normalized=False, special=True),
	128103: AddedToken("<|reserved_special_token_95|>", rstrip=False, lstrip=False, single_word=False, normalized=False, special=True),
	128104: AddedToken("<|reserved_special_token_96|>", rstrip=False, lstrip=False, single_word=False, normalized=False, special=True),
	128105: AddedToken("<|reserved_special_token_97|>", rstrip=False, lstrip=False, single_word=False, normalized=False, special=True),
	128106: AddedToken("<|reserved_special_token_98|>", rstrip=False, lstrip=False, single_word=False, normalized=False, special=True),
	128107: AddedToken("<|reserved_special_token_99|>", rstrip=False, lstrip=False, single_word=False, normalized=False, special=True),
	128108: AddedToken("<|reserved_special_token_100|>", rstrip=False, lstrip=False, single_word=False, normalized=False, special=True),
	128109: AddedToken("<|reserved_special_token_101|>", rstrip=False, lstrip=False, single_word=False, normalized=False, special=True),
	128110: AddedToken("<|reserved_special_token_102|>", rstrip=False, lstrip=False, single_word=False, normalized=False, special=True),
	128111: AddedToken("<|reserved_special_token_103|>", rstrip=False, lstrip=False, single_word=False, normalized=False, special=True),
	128112: AddedToken("<|reserved_special_token_104|>", rstrip=False, lstrip=False, single_word=False, normalized=False, special=True),
	128113: AddedToken("<|reserved_special_token_105|>", rstrip=False, lstrip=False, single_word=False, normalized=False, special=True),
	128114: AddedToken("<|reserved_special_token_106|>", rstrip=False, lstrip=False, single_word=False, normalized=False, special=True),
	128115: AddedToken("<|reserved_special_token_107|>", rstrip=False, lstrip=False, single_word=False, normalized=False, special=True),
	128116: AddedToken("<|reserved_special_token_108|>", rstrip=False, lstrip=False, single_word=False, normalized=False, special=True),
	128117: AddedToken("<|reserved_special_token_109|>", rstrip=False, lstrip=False, single_word=False, normalized=False, special=True),
	128118: AddedToken("<|reserved_special_token_110|>", rstrip=False, lstrip=False, single_word=False, normalized=False, special=True),
	128119: AddedToken("<|reserved_special_token_111|>", rstrip=False, lstrip=False, single_word=False, normalized=False, special=True),
	128120: AddedToken("<|reserved_special_token_112|>", rstrip=False, lstrip=False, single_word=False, normalized=False, special=True),
	128121: AddedToken("<|reserved_special_token_113|>", rstrip=False, lstrip=False, single_word=False, normalized=False, special=True),
	128122: AddedToken("<|reserved_special_token_114|>", rstrip=False, lstrip=False, single_word=False, normalized=False, special=True),
	128123: AddedToken("<|reserved_special_token_115|>", rstrip=False, lstrip=False, single_word=False, normalized=False, special=True),
	128124: AddedToken("<|reserved_special_token_116|>", rstrip=False, lstrip=False, single_word=False, normalized=False, special=True),
	128125: AddedToken("<|reserved_special_token_117|>", rstrip=False, lstrip=False, single_word=False, normalized=False, special=True),
	128126: AddedToken("<|reserved_special_token_118|>", rstrip=False, lstrip=False, single_word=False, normalized=False, special=True),
	128127: AddedToken("<|reserved_special_token_119|>", rstrip=False, lstrip=False, single_word=False, normalized=False, special=True),
	128128: AddedToken("<|reserved_special_token_120|>", rstrip=False, lstrip=False, single_word=False, normalized=False, special=True),
	128129: AddedToken("<|reserved_special_token_121|>", rstrip=False, lstrip=False, single_word=False, normalized=False, special=True),
	128130: AddedToken("<|reserved_special_token_122|>", rstrip=False, lstrip=False, single_word=False, normalized=False, special=True),
	128131: AddedToken("<|reserved_special_token_123|>", rstrip=False, lstrip=False, single_word=False, normalized=False, special=True),
	128132: AddedToken("<|reserved_special_token_124|>", rstrip=False, lstrip=False, single_word=False, normalized=False, special=True),
	128133: AddedToken("<|reserved_special_token_125|>", rstrip=False, lstrip=False, single_word=False, normalized=False, special=True),
	128134: AddedToken("<|reserved_special_token_126|>", rstrip=False, lstrip=False, single_word=False, normalized=False, special=True),
	128135: AddedToken("<|reserved_special_token_127|>", rstrip=False, lstrip=False, single_word=False, normalized=False, special=True),
	128136: AddedToken("<|reserved_special_token_128|>", rstrip=False, lstrip=False, single_word=False, normalized=False, special=True),
	128137: AddedToken("<|reserved_special_token_129|>", rstrip=False, lstrip=False, single_word=False, normalized=False, special=True),
	128138: AddedToken("<|reserved_special_token_130|>", rstrip=False, lstrip=False, single_word=False, normalized=False, special=True),
	128139: AddedToken("<|reserved_special_token_131|>", rstrip=False, lstrip=False, single_word=False, normalized=False, special=True),
	128140: AddedToken("<|reserved_special_token_132|>", rstrip=False, lstrip=False, single_word=False, normalized=False, special=True),
	128141: AddedToken("<|reserved_special_token_133|>", rstrip=False, lstrip=False, single_word=False, normalized=False, special=True),
	128142: AddedToken("<|reserved_special_token_134|>", rstrip=False, lstrip=False, single_word=False, normalized=False, special=True),
	128143: AddedToken("<|reserved_special_token_135|>", rstrip=False, lstrip=False, single_word=False, normalized=False, special=True),
	128144: AddedToken("<|reserved_special_token_136|>", rstrip=False, lstrip=False, single_word=False, normalized=False, special=True),
	128145: AddedToken("<|reserved_special_token_137|>", rstrip=False, lstrip=False, single_word=False, normalized=False, special=True),
	128146: AddedToken("<|reserved_special_token_138|>", rstrip=False, lstrip=False, single_word=False, normalized=False, special=True),
	128147: AddedToken("<|reserved_special_token_139|>", rstrip=False, lstrip=False, single_word=False, normalized=False, special=True),
	128148: AddedToken("<|reserved_special_token_140|>", rstrip=False, lstrip=False, single_word=False, normalized=False, special=True),
	128149: AddedToken("<|reserved_special_token_141|>", rstrip=False, lstrip=False, single_word=False, normalized=False, special=True),
	128150: AddedToken("<|reserved_special_token_142|>", rstrip=False, lstrip=False, single_word=False, normalized=False, special=True),
	128151: AddedToken("<|reserved_special_token_143|>", rstrip=False, lstrip=False, single_word=False, normalized=False, special=True),
	128152: AddedToken("<|reserved_special_token_144|>", rstrip=False, lstrip=False, single_word=False, normalized=False, special=True),
	128153: AddedToken("<|reserved_special_token_145|>", rstrip=False, lstrip=False, single_word=False, normalized=False, special=True),
	128154: AddedToken("<|reserved_special_token_146|>", rstrip=False, lstrip=False, single_word=False, normalized=False, special=True),
	128155: AddedToken("<|reserved_special_token_147|>", rstrip=False, lstrip=False, single_word=False, normalized=False, special=True),
	128156: AddedToken("<|reserved_special_token_148|>", rstrip=False, lstrip=False, single_word=False, normalized=False, special=True),
	128157: AddedToken("<|reserved_special_token_149|>", rstrip=False, lstrip=False, single_word=False, normalized=False, special=True),
	128158: AddedToken("<|reserved_special_token_150|>", rstrip=False, lstrip=False, single_word=False, normalized=False, special=True),
	128159: AddedToken("<|reserved_special_token_151|>", rstrip=False, lstrip=False, single_word=False, normalized=False, special=True),
	128160: AddedToken("<|reserved_special_token_152|>", rstrip=False, lstrip=False, single_word=False, normalized=False, special=True),
	128161: AddedToken("<|reserved_special_token_153|>", rstrip=False, lstrip=False, single_word=False, normalized=False, special=True),
	128162: AddedToken("<|reserved_special_token_154|>", rstrip=False, lstrip=False, single_word=False, normalized=False, special=True),
	128163: AddedToken("<|reserved_special_token_155|>", rstrip=False, lstrip=False, single_word=False, normalized=False, special=True),
	128164: AddedToken("<|reserved_special_token_156|>", rstrip=False, lstrip=False, single_word=False, normalized=False, special=True),
	128165: AddedToken("<|reserved_special_token_157|>", rstrip=False, lstrip=False, single_word=False, normalized=False, special=True),
	128166: AddedToken("<|reserved_special_token_158|>", rstrip=False, lstrip=False, single_word=False, normalized=False, special=True),
	128167: AddedToken("<|reserved_special_token_159|>", rstrip=False, lstrip=False, single_word=False, normalized=False, special=True),
	128168: AddedToken("<|reserved_special_token_160|>", rstrip=False, lstrip=False, single_word=False, normalized=False, special=True),
	128169: AddedToken("<|reserved_special_token_161|>", rstrip=False, lstrip=False, single_word=False, normalized=False, special=True),
	128170: AddedToken("<|reserved_special_token_162|>", rstrip=False, lstrip=False, single_word=False, normalized=False, special=True),
	128171: AddedToken("<|reserved_special_token_163|>", rstrip=False, lstrip=False, single_word=False, normalized=False, special=True),
	128172: AddedToken("<|reserved_special_token_164|>", rstrip=False, lstrip=False, single_word=False, normalized=False, special=True),
	128173: AddedToken("<|reserved_special_token_165|>", rstrip=False, lstrip=False, single_word=False, normalized=False, special=True),
	128174: AddedToken("<|reserved_special_token_166|>", rstrip=False, lstrip=False, single_word=False, normalized=False, special=True),
	128175: AddedToken("<|reserved_special_token_167|>", rstrip=False, lstrip=False, single_word=False, normalized=False, special=True),
	128176: AddedToken("<|reserved_special_token_168|>", rstrip=False, lstrip=False, single_word=False, normalized=False, special=True),
	128177: AddedToken("<|reserved_special_token_169|>", rstrip=False, lstrip=False, single_word=False, normalized=False, special=True),
	128178: AddedToken("<|reserved_special_token_170|>", rstrip=False, lstrip=False, single_word=False, normalized=False, special=True),
	128179: AddedToken("<|reserved_special_token_171|>", rstrip=False, lstrip=False, single_word=False, normalized=False, special=True),
	128180: AddedToken("<|reserved_special_token_172|>", rstrip=False, lstrip=False, single_word=False, normalized=False, special=True),
	128181: AddedToken("<|reserved_special_token_173|>", rstrip=False, lstrip=False, single_word=False, normalized=False, special=True),
	128182: AddedToken("<|reserved_special_token_174|>", rstrip=False, lstrip=False, single_word=False, normalized=False, special=True),
	128183: AddedToken("<|reserved_special_token_175|>", rstrip=False, lstrip=False, single_word=False, normalized=False, special=True),
	128184: AddedToken("<|reserved_special_token_176|>", rstrip=False, lstrip=False, single_word=False, normalized=False, special=True),
	128185: AddedToken("<|reserved_special_token_177|>", rstrip=False, lstrip=False, single_word=False, normalized=False, special=True),
	128186: AddedToken("<|reserved_special_token_178|>", rstrip=False, lstrip=False, single_word=False, normalized=False, special=True),
	128187: AddedToken("<|reserved_special_token_179|>", rstrip=False, lstrip=False, single_word=False, normalized=False, special=True),
	128188: AddedToken("<|reserved_special_token_180|>", rstrip=False, lstrip=False, single_word=False, normalized=False, special=True),
	128189: AddedToken("<|reserved_special_token_181|>", rstrip=False, lstrip=False, single_word=False, normalized=False, special=True),
	128190: AddedToken("<|reserved_special_token_182|>", rstrip=False, lstrip=False, single_word=False, normalized=False, special=True),
	128191: AddedToken("<|reserved_special_token_183|>", rstrip=False, lstrip=False, single_word=False, normalized=False, special=True),
	128192: AddedToken("<|reserved_special_token_184|>", rstrip=False, lstrip=False, single_word=False, normalized=False, special=True),
	128193: AddedToken("<|reserved_special_token_185|>", rstrip=False, lstrip=False, single_word=False, normalized=False, special=True),
	128194: AddedToken("<|reserved_special_token_186|>", rstrip=False, lstrip=False, single_word=False, normalized=False, special=True),
	128195: AddedToken("<|reserved_special_token_187|>", rstrip=False, lstrip=False, single_word=False, normalized=False, special=True),
	128196: AddedToken("<|reserved_special_token_188|>", rstrip=False, lstrip=False, single_word=False, normalized=False, special=True),
	128197: AddedToken("<|reserved_special_token_189|>", rstrip=False, lstrip=False, single_word=False, normalized=False, special=True),
	128198: AddedToken("<|reserved_special_token_190|>", rstrip=False, lstrip=False, single_word=False, normalized=False, special=True),
	128199: AddedToken("<|reserved_special_token_191|>", rstrip=False, lstrip=False, single_word=False, normalized=False, special=True),
	128200: AddedToken("<|reserved_special_token_192|>", rstrip=False, lstrip=False, single_word=False, normalized=False, special=True),
	128201: AddedToken("<|reserved_special_token_193|>", rstrip=False, lstrip=False, single_word=False, normalized=False, special=True),
	128202: AddedToken("<|reserved_special_token_194|>", rstrip=False, lstrip=False, single_word=False, normalized=False, special=True),
	128203: AddedToken("<|reserved_special_token_195|>", rstrip=False, lstrip=False, single_word=False, normalized=False, special=True),
	128204: AddedToken("<|reserved_special_token_196|>", rstrip=False, lstrip=False, single_word=False, normalized=False, special=True),
	128205: AddedToken("<|reserved_special_token_197|>", rstrip=False, lstrip=False, single_word=False, normalized=False, special=True),
	128206: AddedToken("<|reserved_special_token_198|>", rstrip=False, lstrip=False, single_word=False, normalized=False, special=True),
	128207: AddedToken("<|reserved_special_token_199|>", rstrip=False, lstrip=False, single_word=False, normalized=False, special=True),
	128208: AddedToken("<|reserved_special_token_200|>", rstrip=False, lstrip=False, single_word=False, normalized=False, special=True),
	128209: AddedToken("<|reserved_special_token_201|>", rstrip=False, lstrip=False, single_word=False, normalized=False, special=True),
	128210: AddedToken("<|reserved_special_token_202|>", rstrip=False, lstrip=False, single_word=False, normalized=False, special=True),
	128211: AddedToken("<|reserved_special_token_203|>", rstrip=False, lstrip=False, single_word=False, normalized=False, special=True),
	128212: AddedToken("<|reserved_special_token_204|>", rstrip=False, lstrip=False, single_word=False, normalized=False, special=True),
	128213: AddedToken("<|reserved_special_token_205|>", rstrip=False, lstrip=False, single_word=False, normalized=False, special=True),
	128214: AddedToken("<|reserved_special_token_206|>", rstrip=False, lstrip=False, single_word=False, normalized=False, special=True),
	128215: AddedToken("<|reserved_special_token_207|>", rstrip=False, lstrip=False, single_word=False, normalized=False, special=True),
	128216: AddedToken("<|reserved_special_token_208|>", rstrip=False, lstrip=False, single_word=False, normalized=False, special=True),
	128217: AddedToken("<|reserved_special_token_209|>", rstrip=False, lstrip=False, single_word=False, normalized=False, special=True),
	128218: AddedToken("<|reserved_special_token_210|>", rstrip=False, lstrip=False, single_word=False, normalized=False, special=True),
	128219: AddedToken("<|reserved_special_token_211|>", rstrip=False, lstrip=False, single_word=False, normalized=False, special=True),
	128220: AddedToken("<|reserved_special_token_212|>", rstrip=False, lstrip=False, single_word=False, normalized=False, special=True),
	128221: AddedToken("<|reserved_special_token_213|>", rstrip=False, lstrip=False, single_word=False, normalized=False, special=True),
	128222: AddedToken("<|reserved_special_token_214|>", rstrip=False, lstrip=False, single_word=False, normalized=False, special=True),
	128223: AddedToken("<|reserved_special_token_215|>", rstrip=False, lstrip=False, single_word=False, normalized=False, special=True),
	128224: AddedToken("<|reserved_special_token_216|>", rstrip=False, lstrip=False, single_word=False, normalized=False, special=True),
	128225: AddedToken("<|reserved_special_token_217|>", rstrip=False, lstrip=False, single_word=False, normalized=False, special=True),
	128226: AddedToken("<|reserved_special_token_218|>", rstrip=False, lstrip=False, single_word=False, normalized=False, special=True),
	128227: AddedToken("<|reserved_special_token_219|>", rstrip=False, lstrip=False, single_word=False, normalized=False, special=True),
	128228: AddedToken("<|reserved_special_token_220|>", rstrip=False, lstrip=False, single_word=False, normalized=False, special=True),
	128229: AddedToken("<|reserved_special_token_221|>", rstrip=False, lstrip=False, single_word=False, normalized=False, special=True),
	128230: AddedToken("<|reserved_special_token_222|>", rstrip=False, lstrip=False, single_word=False, normalized=False, special=True),
	128231: AddedToken("<|reserved_special_token_223|>", rstrip=False, lstrip=False, single_word=False, normalized=False, special=True),
	128232: AddedToken("<|reserved_special_token_224|>", rstrip=False, lstrip=False, single_word=False, normalized=False, special=True),
	128233: AddedToken("<|reserved_special_token_225|>", rstrip=False, lstrip=False, single_word=False, normalized=False, special=True),
	128234: AddedToken("<|reserved_special_token_226|>", rstrip=False, lstrip=False, single_word=False, normalized=False, special=True),
	128235: AddedToken("<|reserved_special_token_227|>", rstrip=False, lstrip=False, single_word=False, normalized=False, special=True),
	128236: AddedToken("<|reserved_special_token_228|>", rstrip=False, lstrip=False, single_word=False, normalized=False, special=True),
	128237: AddedToken("<|reserved_special_token_229|>", rstrip=False, lstrip=False, single_word=False, normalized=False, special=True),
	128238: AddedToken("<|reserved_special_token_230|>", rstrip=False, lstrip=False, single_word=False, normalized=False, special=True),
	128239: AddedToken("<|reserved_special_token_231|>", rstrip=False, lstrip=False, single_word=False, normalized=False, special=True),
	128240: AddedToken("<|reserved_special_token_232|>", rstrip=False, lstrip=False, single_word=False, normalized=False, special=True),
	128241: AddedToken("<|reserved_special_token_233|>", rstrip=False, lstrip=False, single_word=False, normalized=False, special=True),
	128242: AddedToken("<|reserved_special_token_234|>", rstrip=False, lstrip=False, single_word=False, normalized=False, special=True),
	128243: AddedToken("<|reserved_special_token_235|>", rstrip=False, lstrip=False, single_word=False, normalized=False, special=True),
	128244: AddedToken("<|reserved_special_token_236|>", rstrip=False, lstrip=False, single_word=False, normalized=False, special=True),
	128245: AddedToken("<|reserved_special_token_237|>", rstrip=False, lstrip=False, single_word=False, normalized=False, special=True),
	128246: AddedToken("<|reserved_special_token_238|>", rstrip=False, lstrip=False, single_word=False, normalized=False, special=True),
	128247: AddedToken("<|reserved_special_token_239|>", rstrip=False, lstrip=False, single_word=False, normalized=False, special=True),
	128248: AddedToken("<|reserved_special_token_240|>", rstrip=False, lstrip=False, single_word=False, normalized=False, special=True),
	128249: AddedToken("<|reserved_special_token_241|>", rstrip=False, lstrip=False, single_word=False, normalized=False, special=True),
	128250: AddedToken("<|reserved_special_token_242|>", rstrip=False, lstrip=False, single_word=False, normalized=False, special=True),
	128251: AddedToken("<|reserved_special_token_243|>", rstrip=False, lstrip=False, single_word=False, normalized=False, special=True),
	128252: AddedToken("<|reserved_special_token_244|>", rstrip=False, lstrip=False, single_word=False, normalized=False, special=True),
	128253: AddedToken("<|reserved_special_token_245|>", rstrip=False, lstrip=False, single_word=False, normalized=False, special=True),
	128254: AddedToken("<|reserved_special_token_246|>", rstrip=False, lstrip=False, single_word=False, normalized=False, special=True),
	128255: AddedToken("<|reserved_special_token_247|>", rstrip=False, lstrip=False, single_word=False, normalized=False, special=True),
}
)
2026-07-26 13:54:57.580 | INFO     | llmc.eval.eval_base:__init__:21 - eval_cfg : {'eval_pos': ['fake_quant'], 'name': 'wikitext2', 'download': True, 'bs': 1, 'seq_len': 2048, 'inference_per_block': False, 'type': 'ppl'}
2026-07-26 13:54:57.580 | INFO     | llmc.eval.eval_base:__init__:21 - eval_cfg : {'eval_pos': ['fake_quant'], 'name': 'wikitext2', 'download': True, 'bs': 1, 'seq_len': 2048, 'inference_per_block': False, 'type': 'ppl'}

Downloading readme: 0.00B [00:00, ?B/s]
Downloading readme: 10.5kB [00:00, 14.0MB/s]

Downloading data:   0%|          | 0.00/733k [00:00<?, ?B/s]
Downloading data: 100%|██████████| 733k/733k [00:01<00:00, 600kB/s]
Downloading data: 100%|██████████| 733k/733k [00:01<00:00, 599kB/s]

Downloading data:   0%|          | 0.00/6.36M [00:00<?, ?B/s]
Downloading data: 100%|██████████| 6.36M/6.36M [00:00<00:00, 6.78MB/s]
Downloading data: 100%|██████████| 6.36M/6.36M [00:00<00:00, 6.75MB/s]

Downloading data:   0%|          | 0.00/657k [00:00<?, ?B/s]
Downloading data: 100%|██████████| 657k/657k [00:00<00:00, 766kB/s]
Downloading data: 100%|██████████| 657k/657k [00:00<00:00, 764kB/s]

Generating test split:   0%|          | 0/4358 [00:00<?, ? examples/s]
Generating test split: 100%|██████████| 4358/4358 [00:00<00:00, 160471.06 examples/s]

Generating train split:   0%|          | 0/36718 [00:00<?, ? examples/s]
Generating train split: 100%|██████████| 36718/36718 [00:00<00:00, 1066718.76 examples/s]

Generating validation split:   0%|          | 0/3760 [00:00<?, ? examples/s]
Generating validation split: 100%|██████████| 3760/3760 [00:00<00:00, 1407585.06 examples/s]
Token indices sequence length is longer than the specified maximum sequence length for this model (289077 > 131072). Running this sequence through the model will result in indexing errors
2026-07-26 13:55:11.200 | INFO     | llmc.models.base_model:add_layernorms_class:277 - _TRANSFORMERS_LN_TYPES_ : [<class 'torch.nn.modules.normalization.LayerNorm'>, <class 'transformers.models.llama.modeling_llama.LlamaRMSNorm'>]
2026-07-26 13:55:11.200 | INFO     | llmc.models.base_model:add_layernorms_class:277 - _TRANSFORMERS_LN_TYPES_ : [<class 'torch.nn.modules.normalization.LayerNorm'>, <class 'transformers.models.llama.modeling_llama.LlamaRMSNorm'>]
2026-07-26 13:55:11.200 | INFO     | llmc.data.dataset.base_dataset:__init__:17 - calib_cfg : {'name': 'wikitext2', 'download': True, 'n_samples': 128, 'bs': 1, 'seq_len': 2048, 'preproc': 'wikitext2_gptq', 'seed': 0}
2026-07-26 13:55:11.200 | INFO     | llmc.data.dataset.base_dataset:__init__:17 - calib_cfg : {'name': 'wikitext2', 'download': True, 'n_samples': 128, 'bs': 1, 'seq_len': 2048, 'preproc': 'wikitext2_gptq', 'seed': 0}
2026-07-26 13:55:15.767 | INFO     | llmc.data.dataset.base_dataset:get_calib_dataset:179 - len(samples) rank : 36718
2026-07-26 13:55:15.767 | INFO     | llmc.data.dataset.base_dataset:get_calib_dataset:179 - len(samples) rank : 36718
2026-07-26 13:55:20.683 | INFO     | llmc.data.dataset.base_dataset:get_calib_dataset:182 - len(calib_model_inputs) : 128
2026-07-26 13:55:20.683 | INFO     | llmc.data.dataset.base_dataset:get_calib_dataset:182 - len(calib_model_inputs) : 128
In file included from /home/user3/.local/share/uv/python/cpython-3.11.15-linux-x86_64-gnu/include/python3.11/Python.h:12,
                 from /tmp/tmp03mvd11_/cuda_utils.c:9:
/home/user3/.local/share/uv/python/cpython-3.11.15-linux-x86_64-gnu/include/python3.11/pyconfig.h:1796:9: warning: ‘_POSIX_C_SOURCE’ redefined
 1796 | #define _POSIX_C_SOURCE 200809L
      |         ^~~~~~~~~~~~~~~
In file included from /usr/include/x86_64-linux-gnu/bits/libc-header-start.h:33,
                 from /usr/include/stdlib.h:26,
                 from /mnt/d/LightCompress/.venv-llmc/lib/python3.11/site-packages/triton/backends/nvidia/include/cuda.h:56,
                 from /tmp/tmp03mvd11_/cuda_utils.c:1:
/usr/include/features.h:319:10: note: this is the location of the previous definition
  319 | # define _POSIX_C_SOURCE        202405L
      |          ^~~~~~~~~~~~~~~
2026-07-26 13:55:24.555 | INFO     | llmc.compression.quantization.base_blockwise_quantization:set_quant_config:144 - mixed_precision = False
2026-07-26 13:55:24.555 | INFO     | llmc.compression.quantization.base_blockwise_quantization:set_quant_config:144 - mixed_precision = False
2026-07-26 13:55:24.555 | INFO     | llmc.compression.quantization.base_blockwise_quantization:set_quant_config:160 - The used Weight Quant Module is <class 'llmc.compression.quantization.quant.IntegerQuantizer'>
2026-07-26 13:55:24.555 | INFO     | llmc.compression.quantization.base_blockwise_quantization:set_quant_config:160 - The used Weight Quant Module is <class 'llmc.compression.quantization.quant.IntegerQuantizer'>
2026-07-26 13:55:24.556 | INFO     | llmc.compression.quantization.base_blockwise_quantization:set_quant_config:265 - self.quant_objects : language
2026-07-26 13:55:24.556 | INFO     | llmc.compression.quantization.base_blockwise_quantization:set_quant_config:265 - self.quant_objects : language
2026-07-26 13:55:24.556 | INFO     | llmc.compression.quantization.base_blockwise_quantization:set_quant_config:275 - self.do_gqa_trans : False
2026-07-26 13:55:24.556 | INFO     | llmc.compression.quantization.base_blockwise_quantization:set_quant_config:275 - self.do_gqa_trans : False
/mnt/d/LightCompress/llmc/compression/quantization/base_blockwise_quantization.py:371: UserWarning: To copy construct from a tensor, it is recommended to use sourceTensor.detach().clone() or sourceTensor.detach().clone().requires_grad_(True), rather than torch.tensor(sourceTensor).
  m.register_buffer('buf_qmax', torch.tensor(max_int).to(self.dev))
/mnt/d/LightCompress/llmc/compression/quantization/base_blockwise_quantization.py:372: UserWarning: To copy construct from a tensor, it is recommended to use sourceTensor.detach().clone() or sourceTensor.detach().clone().requires_grad_(True), rather than torch.tensor(sourceTensor).
  m.register_buffer('buf_qmin', torch.tensor(min_int).to(self.dev))
2026-07-26 13:55:25.841 | INFO     | llmc.compression.blockwise_optimization:run_block_loop:36 - 
block index: 0/16 
block: LlamaDecoderLayer(
  (self_attn): LlamaAttention(
    (q_proj): Linear(in_features=2048, out_features=2048, bias=False)
    (k_proj): Linear(in_features=2048, out_features=512, bias=False)
    (v_proj): Linear(in_features=2048, out_features=512, bias=False)
    (o_proj): Linear(in_features=2048, out_features=2048, bias=False)
  )
  (mlp): LlamaMLP(
    (gate_proj): Linear(in_features=2048, out_features=8192, bias=False)
    (up_proj): Linear(in_features=2048, out_features=8192, bias=False)
    (down_proj): Linear(in_features=8192, out_features=2048, bias=False)
    (act_fn): SiLUActivation()
  )
  (input_layernorm): LlamaRMSNorm((2048,), eps=1e-05)
  (post_attention_layernorm): LlamaRMSNorm((2048,), eps=1e-05)
)
2026-07-26 13:55:25.841 | INFO     | llmc.compression.blockwise_optimization:run_block_loop:36 - 
block index: 0/16 
block: LlamaDecoderLayer(
  (self_attn): LlamaAttention(
    (q_proj): Linear(in_features=2048, out_features=2048, bias=False)
    (k_proj): Linear(in_features=2048, out_features=512, bias=False)
    (v_proj): Linear(in_features=2048, out_features=512, bias=False)
    (o_proj): Linear(in_features=2048, out_features=2048, bias=False)
  )
  (mlp): LlamaMLP(
    (gate_proj): Linear(in_features=2048, out_features=8192, bias=False)
    (up_proj): Linear(in_features=2048, out_features=8192, bias=False)
    (down_proj): Linear(in_features=8192, out_features=2048, bias=False)
    (act_fn): SiLUActivation()
  )
  (input_layernorm): LlamaRMSNorm((2048,), eps=1e-05)
  (post_attention_layernorm): LlamaRMSNorm((2048,), eps=1e-05)
)
2026-07-26 13:55:25.857 | INFO     | llmc.compression.quantization.base_blockwise_quantization:block_opt:416 - input_feat_modules: {'self_attn.q_proj': Linear(in_features=2048, out_features=2048, bias=False), 'self_attn.k_proj': Linear(in_features=2048, out_features=512, bias=False), 'self_attn.v_proj': Linear(in_features=2048, out_features=512, bias=False), 'self_attn.o_proj': Linear(in_features=2048, out_features=2048, bias=False), 'mlp.gate_proj': Linear(in_features=2048, out_features=8192, bias=False), 'mlp.up_proj': Linear(in_features=2048, out_features=8192, bias=False), 'mlp.down_proj': Linear(in_features=8192, out_features=2048, bias=False)}
2026-07-26 13:55:25.857 | INFO     | llmc.compression.quantization.base_blockwise_quantization:block_opt:416 - input_feat_modules: {'self_attn.q_proj': Linear(in_features=2048, out_features=2048, bias=False), 'self_attn.k_proj': Linear(in_features=2048, out_features=512, bias=False), 'self_attn.v_proj': Linear(in_features=2048, out_features=512, bias=False), 'self_attn.o_proj': Linear(in_features=2048, out_features=2048, bias=False), 'mlp.gate_proj': Linear(in_features=2048, out_features=8192, bias=False), 'mlp.up_proj': Linear(in_features=2048, out_features=8192, bias=False), 'mlp.down_proj': Linear(in_features=8192, out_features=2048, bias=False)}
2026-07-26 13:55:28.533 | INFO     | llmc.compression.quantization.base_blockwise_quantization:block_transform:484 - Start transform the 0-th block
2026-07-26 13:55:28.533 | INFO     | llmc.compression.quantization.base_blockwise_quantization:block_transform:484 - Start transform the 0-th block
2026-07-26 13:55:28.533 | INFO     | llmc.compression.quantization.base_blockwise_quantization:block_transform:493 - subset: {'layers': {'self_attn.q_proj': Linear(in_features=2048, out_features=2048, bias=False), 'self_attn.k_proj': Linear(in_features=2048, out_features=512, bias=False), 'self_attn.v_proj': Linear(in_features=2048, out_features=512, bias=False)}, 'prev_op': [LlamaRMSNorm((2048,), eps=1e-05)], 'input': ['self_attn.q_proj'], 'inspect': LlamaAttention(
  (q_proj): Linear(in_features=2048, out_features=2048, bias=False)
  (k_proj): Linear(in_features=2048, out_features=512, bias=False)
  (v_proj): Linear(in_features=2048, out_features=512, bias=False)
  (o_proj): Linear(in_features=2048, out_features=2048, bias=False)
), 'has_kwargs': True}
2026-07-26 13:55:28.533 | INFO     | llmc.compression.quantization.base_blockwise_quantization:block_transform:493 - subset: {'layers': {'self_attn.q_proj': Linear(in_features=2048, out_features=2048, bias=False), 'self_attn.k_proj': Linear(in_features=2048, out_features=512, bias=False), 'self_attn.v_proj': Linear(in_features=2048, out_features=512, bias=False)}, 'prev_op': [LlamaRMSNorm((2048,), eps=1e-05)], 'input': ['self_attn.q_proj'], 'inspect': LlamaAttention(
  (q_proj): Linear(in_features=2048, out_features=2048, bias=False)
  (k_proj): Linear(in_features=2048, out_features=512, bias=False)
  (v_proj): Linear(in_features=2048, out_features=512, bias=False)
  (o_proj): Linear(in_features=2048, out_features=2048, bias=False)
), 'has_kwargs': True}
2026-07-26 13:55:29.529 | INFO     | llmc.compression.quantization.gptq:update_layer_with_transformed_weights:184 - error 2106.4306640625
2026-07-26 13:55:29.529 | INFO     | llmc.compression.quantization.gptq:update_layer_with_transformed_weights:184 - error 2106.4306640625
2026-07-26 13:55:30.426 | INFO     | llmc.compression.quantization.gptq:update_layer_with_transformed_weights:184 - error 1020.8793334960938
2026-07-26 13:55:30.426 | INFO     | llmc.compression.quantization.gptq:update_layer_with_transformed_weights:184 - error 1020.8793334960938
2026-07-26 13:55:31.305 | INFO     | llmc.compression.quantization.gptq:update_layer_with_transformed_weights:184 - error 25.317777633666992
2026-07-26 13:55:31.305 | INFO     | llmc.compression.quantization.gptq:update_layer_with_transformed_weights:184 - error 25.317777633666992
2026-07-26 13:55:31.306 | INFO     | llmc.models.base_model:replace_module_subset:432 - replace >>> self_attn.q_proj in 0-th block
2026-07-26 13:55:31.306 | INFO     | llmc.models.base_model:replace_module_subset:432 - replace >>> self_attn.q_proj in 0-th block
2026-07-26 13:55:31.307 | INFO     | llmc.models.base_model:replace_module_subset:432 - replace >>> self_attn.k_proj in 0-th block
2026-07-26 13:55:31.307 | INFO     | llmc.models.base_model:replace_module_subset:432 - replace >>> self_attn.k_proj in 0-th block
2026-07-26 13:55:31.307 | INFO     | llmc.models.base_model:replace_module_subset:432 - replace >>> self_attn.v_proj in 0-th block
2026-07-26 13:55:31.307 | INFO     | llmc.models.base_model:replace_module_subset:432 - replace >>> self_attn.v_proj in 0-th block
2026-07-26 13:55:32.169 | INFO     | llmc.compression.quantization.base_blockwise_quantization:block_transform:493 - subset: {'layers': {'self_attn.o_proj': Linear(in_features=2048, out_features=2048, bias=False)}, 'prev_op': [Linear(in_features=2048, out_features=512, bias=False)], 'input': ['self_attn.o_proj'], 'inspect': Linear(in_features=2048, out_features=2048, bias=False), 'has_kwargs': False}
2026-07-26 13:55:32.169 | INFO     | llmc.compression.quantization.base_blockwise_quantization:block_transform:493 - subset: {'layers': {'self_attn.o_proj': Linear(in_features=2048, out_features=2048, bias=False)}, 'prev_op': [Linear(in_features=2048, out_features=512, bias=False)], 'input': ['self_attn.o_proj'], 'inspect': Linear(in_features=2048, out_features=2048, bias=False), 'has_kwargs': False}
2026-07-26 13:55:33.057 | INFO     | llmc.compression.quantization.gptq:update_layer_with_transformed_weights:184 - error 2.4974722862243652
2026-07-26 13:55:33.057 | INFO     | llmc.compression.quantization.gptq:update_layer_with_transformed_weights:184 - error 2.4974722862243652
2026-07-26 13:55:33.071 | INFO     | llmc.models.base_model:replace_module_subset:432 - replace >>> self_attn.o_proj in 0-th block
2026-07-26 13:55:33.071 | INFO     | llmc.models.base_model:replace_module_subset:432 - replace >>> self_attn.o_proj in 0-th block
2026-07-26 13:55:33.851 | INFO     | llmc.compression.quantization.base_blockwise_quantization:block_transform:493 - subset: {'layers': {'mlp.gate_proj': Linear(in_features=2048, out_features=8192, bias=False), 'mlp.up_proj': Linear(in_features=2048, out_features=8192, bias=False)}, 'prev_op': [LlamaRMSNorm((2048,), eps=1e-05)], 'input': ['mlp.gate_proj'], 'inspect': LlamaMLP(
  (gate_proj): Linear(in_features=2048, out_features=8192, bias=False)
  (up_proj): Linear(in_features=2048, out_features=8192, bias=False)
  (down_proj): Linear(in_features=8192, out_features=2048, bias=False)
  (act_fn): SiLUActivation()
), 'has_kwargs': False, 'is_mlp': True}
2026-07-26 13:55:33.851 | INFO     | llmc.compression.quantization.base_blockwise_quantization:block_transform:493 - subset: {'layers': {'mlp.gate_proj': Linear(in_features=2048, out_features=8192, bias=False), 'mlp.up_proj': Linear(in_features=2048, out_features=8192, bias=False)}, 'prev_op': [LlamaRMSNorm((2048,), eps=1e-05)], 'input': ['mlp.gate_proj'], 'inspect': LlamaMLP(
  (gate_proj): Linear(in_features=2048, out_features=8192, bias=False)
  (up_proj): Linear(in_features=2048, out_features=8192, bias=False)
  (down_proj): Linear(in_features=8192, out_features=2048, bias=False)
  (act_fn): SiLUActivation()
), 'has_kwargs': False, 'is_mlp': True}
2026-07-26 13:55:34.431 | INFO     | llmc.compression.quantization.gptq:update_layer_with_transformed_weights:184 - error 2379.779296875
2026-07-26 13:55:34.431 | INFO     | llmc.compression.quantization.gptq:update_layer_with_transformed_weights:184 - error 2379.779296875
2026-07-26 13:55:34.878 | INFO     | llmc.compression.quantization.gptq:update_layer_with_transformed_weights:184 - error 1885.051025390625
2026-07-26 13:55:34.878 | INFO     | llmc.compression.quantization.gptq:update_layer_with_transformed_weights:184 - error 1885.051025390625
2026-07-26 13:55:34.882 | INFO     | llmc.models.base_model:replace_module_subset:432 - replace >>> mlp.gate_proj in 0-th block
2026-07-26 13:55:34.882 | INFO     | llmc.models.base_model:replace_module_subset:432 - replace >>> mlp.gate_proj in 0-th block
2026-07-26 13:55:34.882 | INFO     | llmc.models.base_model:replace_module_subset:432 - replace >>> mlp.up_proj in 0-th block
2026-07-26 13:55:34.882 | INFO     | llmc.models.base_model:replace_module_subset:432 - replace >>> mlp.up_proj in 0-th block
2026-07-26 13:55:36.804 | INFO     | llmc.compression.quantization.base_blockwise_quantization:block_transform:493 - subset: {'layers': {'mlp.down_proj': Linear(in_features=8192, out_features=2048, bias=False)}, 'prev_op': [Linear(in_features=2048, out_features=8192, bias=False)], 'input': ['mlp.down_proj'], 'inspect': Linear(in_features=8192, out_features=2048, bias=False), 'has_kwargs': False, 'is_mlp': True}
2026-07-26 13:55:36.804 | INFO     | llmc.compression.quantization.base_blockwise_quantization:block_transform:493 - subset: {'layers': {'mlp.down_proj': Linear(in_features=8192, out_features=2048, bias=False)}, 'prev_op': [Linear(in_features=2048, out_features=8192, bias=False)], 'input': ['mlp.down_proj'], 'inspect': Linear(in_features=8192, out_features=2048, bias=False), 'has_kwargs': False, 'is_mlp': True}
2026-07-26 13:55:39.769 | INFO     | llmc.compression.quantization.gptq:update_layer_with_transformed_weights:184 - error 13.364212036132812
2026-07-26 13:55:39.769 | INFO     | llmc.compression.quantization.gptq:update_layer_with_transformed_weights:184 - error 13.364212036132812
2026-07-26 13:55:39.787 | INFO     | llmc.compression.quantization.base_blockwise_quantization:block_transform:523 - End transform the 0-th block
2026-07-26 13:55:39.787 | INFO     | llmc.compression.quantization.base_blockwise_quantization:block_transform:523 - End transform the 0-th block
2026-07-26 13:55:39.787 | INFO     | llmc.models.base_model:replace_module_subset:432 - replace >>> self_attn.q_proj in 0-th block
2026-07-26 13:55:39.787 | INFO     | llmc.models.base_model:replace_module_subset:432 - replace >>> self_attn.q_proj in 0-th block
2026-07-26 13:55:39.787 | INFO     | llmc.models.base_model:replace_module_subset:432 - replace >>> self_attn.k_proj in 0-th block
2026-07-26 13:55:39.787 | INFO     | llmc.models.base_model:replace_module_subset:432 - replace >>> self_attn.k_proj in 0-th block
2026-07-26 13:55:39.787 | INFO     | llmc.models.base_model:replace_module_subset:432 - replace >>> self_attn.v_proj in 0-th block
2026-07-26 13:55:39.787 | INFO     | llmc.models.base_model:replace_module_subset:432 - replace >>> self_attn.v_proj in 0-th block
2026-07-26 13:55:39.787 | INFO     | llmc.models.base_model:replace_module_subset:432 - replace >>> self_attn.o_proj in 0-th block
2026-07-26 13:55:39.787 | INFO     | llmc.models.base_model:replace_module_subset:432 - replace >>> self_attn.o_proj in 0-th block
2026-07-26 13:55:39.787 | INFO     | llmc.models.base_model:replace_module_subset:432 - replace >>> mlp.gate_proj in 0-th block
2026-07-26 13:55:39.787 | INFO     | llmc.models.base_model:replace_module_subset:432 - replace >>> mlp.gate_proj in 0-th block
2026-07-26 13:55:39.788 | INFO     | llmc.models.base_model:replace_module_subset:432 - replace >>> mlp.up_proj in 0-th block
2026-07-26 13:55:39.788 | INFO     | llmc.models.base_model:replace_module_subset:432 - replace >>> mlp.up_proj in 0-th block
2026-07-26 13:55:39.788 | INFO     | llmc.models.base_model:replace_module_subset:432 - replace >>> mlp.down_proj in 0-th block
2026-07-26 13:55:39.788 | INFO     | llmc.models.base_model:replace_module_subset:432 - replace >>> mlp.down_proj in 0-th block
2026-07-26 13:55:40.840 | INFO     | llmc.compression.blockwise_optimization:run_block_loop:36 - 
block index: 1/16 
block: LlamaDecoderLayer(
  (self_attn): LlamaAttention(
    (q_proj): Linear(in_features=2048, out_features=2048, bias=False)
    (k_proj): Linear(in_features=2048, out_features=512, bias=False)
    (v_proj): Linear(in_features=2048, out_features=512, bias=False)
    (o_proj): Linear(in_features=2048, out_features=2048, bias=False)
  )
  (mlp): LlamaMLP(
    (gate_proj): Linear(in_features=2048, out_features=8192, bias=False)
    (up_proj): Linear(in_features=2048, out_features=8192, bias=False)
    (down_proj): Linear(in_features=8192, out_features=2048, bias=False)
    (act_fn): SiLUActivation()
  )
  (input_layernorm): LlamaRMSNorm((2048,), eps=1e-05)
  (post_attention_layernorm): LlamaRMSNorm((2048,), eps=1e-05)
)
2026-07-26 13:55:40.840 | INFO     | llmc.compression.blockwise_optimization:run_block_loop:36 - 
block index: 1/16 
block: LlamaDecoderLayer(
  (self_attn): LlamaAttention(
    (q_proj): Linear(in_features=2048, out_features=2048, bias=False)
    (k_proj): Linear(in_features=2048, out_features=512, bias=False)
    (v_proj): Linear(in_features=2048, out_features=512, bias=False)
    (o_proj): Linear(in_features=2048, out_features=2048, bias=False)
  )
  (mlp): LlamaMLP(
    (gate_proj): Linear(in_features=2048, out_features=8192, bias=False)
    (up_proj): Linear(in_features=2048, out_features=8192, bias=False)
    (down_proj): Linear(in_features=8192, out_features=2048, bias=False)
    (act_fn): SiLUActivation()
  )
  (input_layernorm): LlamaRMSNorm((2048,), eps=1e-05)
  (post_attention_layernorm): LlamaRMSNorm((2048,), eps=1e-05)
)
2026-07-26 13:55:40.858 | INFO     | llmc.compression.quantization.base_blockwise_quantization:block_opt:416 - input_feat_modules: {'self_attn.q_proj': Linear(in_features=2048, out_features=2048, bias=False), 'self_attn.k_proj': Linear(in_features=2048, out_features=512, bias=False), 'self_attn.v_proj': Linear(in_features=2048, out_features=512, bias=False), 'self_attn.o_proj': Linear(in_features=2048, out_features=2048, bias=False), 'mlp.gate_proj': Linear(in_features=2048, out_features=8192, bias=False), 'mlp.up_proj': Linear(in_features=2048, out_features=8192, bias=False), 'mlp.down_proj': Linear(in_features=8192, out_features=2048, bias=False)}
2026-07-26 13:55:40.858 | INFO     | llmc.compression.quantization.base_blockwise_quantization:block_opt:416 - input_feat_modules: {'self_attn.q_proj': Linear(in_features=2048, out_features=2048, bias=False), 'self_attn.k_proj': Linear(in_features=2048, out_features=512, bias=False), 'self_attn.v_proj': Linear(in_features=2048, out_features=512, bias=False), 'self_attn.o_proj': Linear(in_features=2048, out_features=2048, bias=False), 'mlp.gate_proj': Linear(in_features=2048, out_features=8192, bias=False), 'mlp.up_proj': Linear(in_features=2048, out_features=8192, bias=False), 'mlp.down_proj': Linear(in_features=8192, out_features=2048, bias=False)}
2026-07-26 13:55:43.265 | INFO     | llmc.compression.quantization.base_blockwise_quantization:block_transform:484 - Start transform the 1-th block
2026-07-26 13:55:43.265 | INFO     | llmc.compression.quantization.base_blockwise_quantization:block_transform:484 - Start transform the 1-th block
2026-07-26 13:55:43.265 | INFO     | llmc.compression.quantization.base_blockwise_quantization:block_transform:493 - subset: {'layers': {'self_attn.q_proj': Linear(in_features=2048, out_features=2048, bias=False), 'self_attn.k_proj': Linear(in_features=2048, out_features=512, bias=False), 'self_attn.v_proj': Linear(in_features=2048, out_features=512, bias=False)}, 'prev_op': [LlamaRMSNorm((2048,), eps=1e-05)], 'input': ['self_attn.q_proj'], 'inspect': LlamaAttention(
  (q_proj): Linear(in_features=2048, out_features=2048, bias=False)
  (k_proj): Linear(in_features=2048, out_features=512, bias=False)
  (v_proj): Linear(in_features=2048, out_features=512, bias=False)
  (o_proj): Linear(in_features=2048, out_features=2048, bias=False)
), 'has_kwargs': True}
2026-07-26 13:55:43.265 | INFO     | llmc.compression.quantization.base_blockwise_quantization:block_transform:493 - subset: {'layers': {'self_attn.q_proj': Linear(in_features=2048, out_features=2048, bias=False), 'self_attn.k_proj': Linear(in_features=2048, out_features=512, bias=False), 'self_attn.v_proj': Linear(in_features=2048, out_features=512, bias=False)}, 'prev_op': [LlamaRMSNorm((2048,), eps=1e-05)], 'input': ['self_attn.q_proj'], 'inspect': LlamaAttention(
  (q_proj): Linear(in_features=2048, out_features=2048, bias=False)
  (k_proj): Linear(in_features=2048, out_features=512, bias=False)
  (v_proj): Linear(in_features=2048, out_features=512, bias=False)
  (o_proj): Linear(in_features=2048, out_features=2048, bias=False)
), 'has_kwargs': True}
2026-07-26 13:55:44.081 | INFO     | llmc.compression.quantization.gptq:update_layer_with_transformed_weights:184 - error 3203.5380859375
2026-07-26 13:55:44.081 | INFO     | llmc.compression.quantization.gptq:update_layer_with_transformed_weights:184 - error 3203.5380859375
2026-07-26 13:55:44.852 | INFO     | llmc.compression.quantization.gptq:update_layer_with_transformed_weights:184 - error 1706.8941650390625
2026-07-26 13:55:44.852 | INFO     | llmc.compression.quantization.gptq:update_layer_with_transformed_weights:184 - error 1706.8941650390625
2026-07-26 13:55:45.710 | INFO     | llmc.compression.quantization.gptq:update_layer_with_transformed_weights:184 - error 96.92921447753906
2026-07-26 13:55:45.710 | INFO     | llmc.compression.quantization.gptq:update_layer_with_transformed_weights:184 - error 96.92921447753906
2026-07-26 13:55:45.711 | INFO     | llmc.models.base_model:replace_module_subset:432 - replace >>> self_attn.q_proj in 1-th block
2026-07-26 13:55:45.711 | INFO     | llmc.models.base_model:replace_module_subset:432 - replace >>> self_attn.q_proj in 1-th block
2026-07-26 13:55:45.711 | INFO     | llmc.models.base_model:replace_module_subset:432 - replace >>> self_attn.k_proj in 1-th block
2026-07-26 13:55:45.711 | INFO     | llmc.models.base_model:replace_module_subset:432 - replace >>> self_attn.k_proj in 1-th block
2026-07-26 13:55:45.711 | INFO     | llmc.models.base_model:replace_module_subset:432 - replace >>> self_attn.v_proj in 1-th block
2026-07-26 13:55:45.711 | INFO     | llmc.models.base_model:replace_module_subset:432 - replace >>> self_attn.v_proj in 1-th block
2026-07-26 13:55:46.525 | INFO     | llmc.compression.quantization.base_blockwise_quantization:block_transform:493 - subset: {'layers': {'self_attn.o_proj': Linear(in_features=2048, out_features=2048, bias=False)}, 'prev_op': [Linear(in_features=2048, out_features=512, bias=False)], 'input': ['self_attn.o_proj'], 'inspect': Linear(in_features=2048, out_features=2048, bias=False), 'has_kwargs': False}
2026-07-26 13:55:46.525 | INFO     | llmc.compression.quantization.base_blockwise_quantization:block_transform:493 - subset: {'layers': {'self_attn.o_proj': Linear(in_features=2048, out_features=2048, bias=False)}, 'prev_op': [Linear(in_features=2048, out_features=512, bias=False)], 'input': ['self_attn.o_proj'], 'inspect': Linear(in_features=2048, out_features=2048, bias=False), 'has_kwargs': False}
2026-07-26 13:55:47.423 | INFO     | llmc.compression.quantization.gptq:update_layer_with_transformed_weights:184 - error 7.83711051940918
2026-07-26 13:55:47.423 | INFO     | llmc.compression.quantization.gptq:update_layer_with_transformed_weights:184 - error 7.83711051940918
2026-07-26 13:55:47.426 | INFO     | llmc.models.base_model:replace_module_subset:432 - replace >>> self_attn.o_proj in 1-th block
2026-07-26 13:55:47.426 | INFO     | llmc.models.base_model:replace_module_subset:432 - replace >>> self_attn.o_proj in 1-th block
2026-07-26 13:55:48.211 | INFO     | llmc.compression.quantization.base_blockwise_quantization:block_transform:493 - subset: {'layers': {'mlp.gate_proj': Linear(in_features=2048, out_features=8192, bias=False), 'mlp.up_proj': Linear(in_features=2048, out_features=8192, bias=False)}, 'prev_op': [LlamaRMSNorm((2048,), eps=1e-05)], 'input': ['mlp.gate_proj'], 'inspect': LlamaMLP(
  (gate_proj): Linear(in_features=2048, out_features=8192, bias=False)
  (up_proj): Linear(in_features=2048, out_features=8192, bias=False)
  (down_proj): Linear(in_features=8192, out_features=2048, bias=False)
  (act_fn): SiLUActivation()
), 'has_kwargs': False, 'is_mlp': True}
2026-07-26 13:55:48.211 | INFO     | llmc.compression.quantization.base_blockwise_quantization:block_transform:493 - subset: {'layers': {'mlp.gate_proj': Linear(in_features=2048, out_features=8192, bias=False), 'mlp.up_proj': Linear(in_features=2048, out_features=8192, bias=False)}, 'prev_op': [LlamaRMSNorm((2048,), eps=1e-05)], 'input': ['mlp.gate_proj'], 'inspect': LlamaMLP(
  (gate_proj): Linear(in_features=2048, out_features=8192, bias=False)
  (up_proj): Linear(in_features=2048, out_features=8192, bias=False)
  (down_proj): Linear(in_features=8192, out_features=2048, bias=False)
  (act_fn): SiLUActivation()
), 'has_kwargs': False, 'is_mlp': True}
2026-07-26 13:55:49.004 | INFO     | llmc.compression.quantization.gptq:update_layer_with_transformed_weights:184 - error 3640.729248046875
2026-07-26 13:55:49.004 | INFO     | llmc.compression.quantization.gptq:update_layer_with_transformed_weights:184 - error 3640.729248046875
2026-07-26 13:55:49.853 | INFO     | llmc.compression.quantization.gptq:update_layer_with_transformed_weights:184 - error 2638.3046875
2026-07-26 13:55:49.853 | INFO     | llmc.compression.quantization.gptq:update_layer_with_transformed_weights:184 - error 2638.3046875
2026-07-26 13:55:49.857 | INFO     | llmc.models.base_model:replace_module_subset:432 - replace >>> mlp.gate_proj in 1-th block
2026-07-26 13:55:49.857 | INFO     | llmc.models.base_model:replace_module_subset:432 - replace >>> mlp.gate_proj in 1-th block
2026-07-26 13:55:49.857 | INFO     | llmc.models.base_model:replace_module_subset:432 - replace >>> mlp.up_proj in 1-th block
2026-07-26 13:55:49.857 | INFO     | llmc.models.base_model:replace_module_subset:432 - replace >>> mlp.up_proj in 1-th block
2026-07-26 13:55:51.878 | INFO     | llmc.compression.quantization.base_blockwise_quantization:block_transform:493 - subset: {'layers': {'mlp.down_proj': Linear(in_features=8192, out_features=2048, bias=False)}, 'prev_op': [Linear(in_features=2048, out_features=8192, bias=False)], 'input': ['mlp.down_proj'], 'inspect': Linear(in_features=8192, out_features=2048, bias=False), 'has_kwargs': False, 'is_mlp': True}
2026-07-26 13:55:51.878 | INFO     | llmc.compression.quantization.base_blockwise_quantization:block_transform:493 - subset: {'layers': {'mlp.down_proj': Linear(in_features=8192, out_features=2048, bias=False)}, 'prev_op': [Linear(in_features=2048, out_features=8192, bias=False)], 'input': ['mlp.down_proj'], 'inspect': Linear(in_features=8192, out_features=2048, bias=False), 'has_kwargs': False, 'is_mlp': True}
2026-07-26 13:55:55.393 | INFO     | llmc.compression.quantization.gptq:update_layer_with_transformed_weights:184 - error 404.9457702636719
2026-07-26 13:55:55.393 | INFO     | llmc.compression.quantization.gptq:update_layer_with_transformed_weights:184 - error 404.9457702636719
2026-07-26 13:55:55.407 | INFO     | llmc.compression.quantization.base_blockwise_quantization:block_transform:523 - End transform the 1-th block
2026-07-26 13:55:55.407 | INFO     | llmc.compression.quantization.base_blockwise_quantization:block_transform:523 - End transform the 1-th block
2026-07-26 13:55:55.407 | INFO     | llmc.models.base_model:replace_module_subset:432 - replace >>> self_attn.q_proj in 1-th block
2026-07-26 13:55:55.407 | INFO     | llmc.models.base_model:replace_module_subset:432 - replace >>> self_attn.q_proj in 1-th block
2026-07-26 13:55:55.407 | INFO     | llmc.models.base_model:replace_module_subset:432 - replace >>> self_attn.k_proj in 1-th block
2026-07-26 13:55:55.407 | INFO     | llmc.models.base_model:replace_module_subset:432 - replace >>> self_attn.k_proj in 1-th block
2026-07-26 13:55:55.407 | INFO     | llmc.models.base_model:replace_module_subset:432 - replace >>> self_attn.v_proj in 1-th block
2026-07-26 13:55:55.407 | INFO     | llmc.models.base_model:replace_module_subset:432 - replace >>> self_attn.v_proj in 1-th block
2026-07-26 13:55:55.407 | INFO     | llmc.models.base_model:replace_module_subset:432 - replace >>> self_attn.o_proj in 1-th block
2026-07-26 13:55:55.407 | INFO     | llmc.models.base_model:replace_module_subset:432 - replace >>> self_attn.o_proj in 1-th block
2026-07-26 13:55:55.407 | INFO     | llmc.models.base_model:replace_module_subset:432 - replace >>> mlp.gate_proj in 1-th block
2026-07-26 13:55:55.407 | INFO     | llmc.models.base_model:replace_module_subset:432 - replace >>> mlp.gate_proj in 1-th block
2026-07-26 13:55:55.407 | INFO     | llmc.models.base_model:replace_module_subset:432 - replace >>> mlp.up_proj in 1-th block
2026-07-26 13:55:55.407 | INFO     | llmc.models.base_model:replace_module_subset:432 - replace >>> mlp.up_proj in 1-th block
2026-07-26 13:55:55.407 | INFO     | llmc.models.base_model:replace_module_subset:432 - replace >>> mlp.down_proj in 1-th block
2026-07-26 13:55:55.407 | INFO     | llmc.models.base_model:replace_module_subset:432 - replace >>> mlp.down_proj in 1-th block
2026-07-26 13:55:56.498 | INFO     | llmc.compression.blockwise_optimization:run_block_loop:36 - 
block index: 2/16 
block: LlamaDecoderLayer(
  (self_attn): LlamaAttention(
    (q_proj): Linear(in_features=2048, out_features=2048, bias=False)
    (k_proj): Linear(in_features=2048, out_features=512, bias=False)
    (v_proj): Linear(in_features=2048, out_features=512, bias=False)
    (o_proj): Linear(in_features=2048, out_features=2048, bias=False)
  )
  (mlp): LlamaMLP(
    (gate_proj): Linear(in_features=2048, out_features=8192, bias=False)
    (up_proj): Linear(in_features=2048, out_features=8192, bias=False)
    (down_proj): Linear(in_features=8192, out_features=2048, bias=False)
    (act_fn): SiLUActivation()
  )
  (input_layernorm): LlamaRMSNorm((2048,), eps=1e-05)
  (post_attention_layernorm): LlamaRMSNorm((2048,), eps=1e-05)
)
2026-07-26 13:55:56.498 | INFO     | llmc.compression.blockwise_optimization:run_block_loop:36 - 
block index: 2/16 
block: LlamaDecoderLayer(
  (self_attn): LlamaAttention(
    (q_proj): Linear(in_features=2048, out_features=2048, bias=False)
    (k_proj): Linear(in_features=2048, out_features=512, bias=False)
    (v_proj): Linear(in_features=2048, out_features=512, bias=False)
    (o_proj): Linear(in_features=2048, out_features=2048, bias=False)
  )
  (mlp): LlamaMLP(
    (gate_proj): Linear(in_features=2048, out_features=8192, bias=False)
    (up_proj): Linear(in_features=2048, out_features=8192, bias=False)
    (down_proj): Linear(in_features=8192, out_features=2048, bias=False)
    (act_fn): SiLUActivation()
  )
  (input_layernorm): LlamaRMSNorm((2048,), eps=1e-05)
  (post_attention_layernorm): LlamaRMSNorm((2048,), eps=1e-05)
)
2026-07-26 13:55:56.515 | INFO     | llmc.compression.quantization.base_blockwise_quantization:block_opt:416 - input_feat_modules: {'self_attn.q_proj': Linear(in_features=2048, out_features=2048, bias=False), 'self_attn.k_proj': Linear(in_features=2048, out_features=512, bias=False), 'self_attn.v_proj': Linear(in_features=2048, out_features=512, bias=False), 'self_attn.o_proj': Linear(in_features=2048, out_features=2048, bias=False), 'mlp.gate_proj': Linear(in_features=2048, out_features=8192, bias=False), 'mlp.up_proj': Linear(in_features=2048, out_features=8192, bias=False), 'mlp.down_proj': Linear(in_features=8192, out_features=2048, bias=False)}
2026-07-26 13:55:56.515 | INFO     | llmc.compression.quantization.base_blockwise_quantization:block_opt:416 - input_feat_modules: {'self_attn.q_proj': Linear(in_features=2048, out_features=2048, bias=False), 'self_attn.k_proj': Linear(in_features=2048, out_features=512, bias=False), 'self_attn.v_proj': Linear(in_features=2048, out_features=512, bias=False), 'self_attn.o_proj': Linear(in_features=2048, out_features=2048, bias=False), 'mlp.gate_proj': Linear(in_features=2048, out_features=8192, bias=False), 'mlp.up_proj': Linear(in_features=2048, out_features=8192, bias=False), 'mlp.down_proj': Linear(in_features=8192, out_features=2048, bias=False)}
2026-07-26 13:55:58.937 | INFO     | llmc.compression.quantization.base_blockwise_quantization:block_transform:484 - Start transform the 2-th block
2026-07-26 13:55:58.937 | INFO     | llmc.compression.quantization.base_blockwise_quantization:block_transform:484 - Start transform the 2-th block
2026-07-26 13:55:58.937 | INFO     | llmc.compression.quantization.base_blockwise_quantization:block_transform:493 - subset: {'layers': {'self_attn.q_proj': Linear(in_features=2048, out_features=2048, bias=False), 'self_attn.k_proj': Linear(in_features=2048, out_features=512, bias=False), 'self_attn.v_proj': Linear(in_features=2048, out_features=512, bias=False)}, 'prev_op': [LlamaRMSNorm((2048,), eps=1e-05)], 'input': ['self_attn.q_proj'], 'inspect': LlamaAttention(
  (q_proj): Linear(in_features=2048, out_features=2048, bias=False)
  (k_proj): Linear(in_features=2048, out_features=512, bias=False)
  (v_proj): Linear(in_features=2048, out_features=512, bias=False)
  (o_proj): Linear(in_features=2048, out_features=2048, bias=False)
), 'has_kwargs': True}
2026-07-26 13:55:58.937 | INFO     | llmc.compression.quantization.base_blockwise_quantization:block_transform:493 - subset: {'layers': {'self_attn.q_proj': Linear(in_features=2048, out_features=2048, bias=False), 'self_attn.k_proj': Linear(in_features=2048, out_features=512, bias=False), 'self_attn.v_proj': Linear(in_features=2048, out_features=512, bias=False)}, 'prev_op': [LlamaRMSNorm((2048,), eps=1e-05)], 'input': ['self_attn.q_proj'], 'inspect': LlamaAttention(
  (q_proj): Linear(in_features=2048, out_features=2048, bias=False)
  (k_proj): Linear(in_features=2048, out_features=512, bias=False)
  (v_proj): Linear(in_features=2048, out_features=512, bias=False)
  (o_proj): Linear(in_features=2048, out_features=2048, bias=False)
), 'has_kwargs': True}
2026-07-26 13:55:59.552 | INFO     | llmc.compression.quantization.gptq:update_layer_with_transformed_weights:184 - error 6711.92041015625
2026-07-26 13:55:59.552 | INFO     | llmc.compression.quantization.gptq:update_layer_with_transformed_weights:184 - error 6711.92041015625
2026-07-26 13:56:00.179 | INFO     | llmc.compression.quantization.gptq:update_layer_with_transformed_weights:184 - error 3438.54931640625
2026-07-26 13:56:00.179 | INFO     | llmc.compression.quantization.gptq:update_layer_with_transformed_weights:184 - error 3438.54931640625
2026-07-26 13:56:00.752 | INFO     | llmc.compression.quantization.gptq:update_layer_with_transformed_weights:184 - error 239.3280029296875
2026-07-26 13:56:00.752 | INFO     | llmc.compression.quantization.gptq:update_layer_with_transformed_weights:184 - error 239.3280029296875
2026-07-26 13:56:00.754 | INFO     | llmc.models.base_model:replace_module_subset:432 - replace >>> self_attn.q_proj in 2-th block
2026-07-26 13:56:00.754 | INFO     | llmc.models.base_model:replace_module_subset:432 - replace >>> self_attn.q_proj in 2-th block
2026-07-26 13:56:00.754 | INFO     | llmc.models.base_model:replace_module_subset:432 - replace >>> self_attn.k_proj in 2-th block
2026-07-26 13:56:00.754 | INFO     | llmc.models.base_model:replace_module_subset:432 - replace >>> self_attn.k_proj in 2-th block
2026-07-26 13:56:00.754 | INFO     | llmc.models.base_model:replace_module_subset:432 - replace >>> self_attn.v_proj in 2-th block
2026-07-26 13:56:00.754 | INFO     | llmc.models.base_model:replace_module_subset:432 - replace >>> self_attn.v_proj in 2-th block
2026-07-26 13:56:01.550 | INFO     | llmc.compression.quantization.base_blockwise_quantization:block_transform:493 - subset: {'layers': {'self_attn.o_proj': Linear(in_features=2048, out_features=2048, bias=False)}, 'prev_op': [Linear(in_features=2048, out_features=512, bias=False)], 'input': ['self_attn.o_proj'], 'inspect': Linear(in_features=2048, out_features=2048, bias=False), 'has_kwargs': False}
2026-07-26 13:56:01.550 | INFO     | llmc.compression.quantization.base_blockwise_quantization:block_transform:493 - subset: {'layers': {'self_attn.o_proj': Linear(in_features=2048, out_features=2048, bias=False)}, 'prev_op': [Linear(in_features=2048, out_features=512, bias=False)], 'input': ['self_attn.o_proj'], 'inspect': Linear(in_features=2048, out_features=2048, bias=False), 'has_kwargs': False}
2026-07-26 13:56:02.094 | INFO     | llmc.compression.quantization.gptq:update_layer_with_transformed_weights:184 - error 10.628829002380371
2026-07-26 13:56:02.094 | INFO     | llmc.compression.quantization.gptq:update_layer_with_transformed_weights:184 - error 10.628829002380371
2026-07-26 13:56:02.107 | INFO     | llmc.models.base_model:replace_module_subset:432 - replace >>> self_attn.o_proj in 2-th block
2026-07-26 13:56:02.107 | INFO     | llmc.models.base_model:replace_module_subset:432 - replace >>> self_attn.o_proj in 2-th block
2026-07-26 13:56:02.885 | INFO     | llmc.compression.quantization.base_blockwise_quantization:block_transform:493 - subset: {'layers': {'mlp.gate_proj': Linear(in_features=2048, out_features=8192, bias=False), 'mlp.up_proj': Linear(in_features=2048, out_features=8192, bias=False)}, 'prev_op': [LlamaRMSNorm((2048,), eps=1e-05)], 'input': ['mlp.gate_proj'], 'inspect': LlamaMLP(
  (gate_proj): Linear(in_features=2048, out_features=8192, bias=False)
  (up_proj): Linear(in_features=2048, out_features=8192, bias=False)
  (down_proj): Linear(in_features=8192, out_features=2048, bias=False)
  (act_fn): SiLUActivation()
), 'has_kwargs': False, 'is_mlp': True}
2026-07-26 13:56:02.885 | INFO     | llmc.compression.quantization.base_blockwise_quantization:block_transform:493 - subset: {'layers': {'mlp.gate_proj': Linear(in_features=2048, out_features=8192, bias=False), 'mlp.up_proj': Linear(in_features=2048, out_features=8192, bias=False)}, 'prev_op': [LlamaRMSNorm((2048,), eps=1e-05)], 'input': ['mlp.gate_proj'], 'inspect': LlamaMLP(
  (gate_proj): Linear(in_features=2048, out_features=8192, bias=False)
  (up_proj): Linear(in_features=2048, out_features=8192, bias=False)
  (down_proj): Linear(in_features=8192, out_features=2048, bias=False)
  (act_fn): SiLUActivation()
), 'has_kwargs': False, 'is_mlp': True}
2026-07-26 13:56:03.455 | INFO     | llmc.compression.quantization.gptq:update_layer_with_transformed_weights:184 - error 5511.85546875
2026-07-26 13:56:03.455 | INFO     | llmc.compression.quantization.gptq:update_layer_with_transformed_weights:184 - error 5511.85546875
2026-07-26 13:56:04.143 | INFO     | llmc.compression.quantization.gptq:update_layer_with_transformed_weights:184 - error 3426.3515625
2026-07-26 13:56:04.143 | INFO     | llmc.compression.quantization.gptq:update_layer_with_transformed_weights:184 - error 3426.3515625
2026-07-26 13:56:04.146 | INFO     | llmc.models.base_model:replace_module_subset:432 - replace >>> mlp.gate_proj in 2-th block
2026-07-26 13:56:04.146 | INFO     | llmc.models.base_model:replace_module_subset:432 - replace >>> mlp.gate_proj in 2-th block
2026-07-26 13:56:04.146 | INFO     | llmc.models.base_model:replace_module_subset:432 - replace >>> mlp.up_proj in 2-th block
2026-07-26 13:56:04.146 | INFO     | llmc.models.base_model:replace_module_subset:432 - replace >>> mlp.up_proj in 2-th block
2026-07-26 13:56:06.089 | INFO     | llmc.compression.quantization.base_blockwise_quantization:block_transform:493 - subset: {'layers': {'mlp.down_proj': Linear(in_features=8192, out_features=2048, bias=False)}, 'prev_op': [Linear(in_features=2048, out_features=8192, bias=False)], 'input': ['mlp.down_proj'], 'inspect': Linear(in_features=8192, out_features=2048, bias=False), 'has_kwargs': False, 'is_mlp': True}
2026-07-26 13:56:06.089 | INFO     | llmc.compression.quantization.base_blockwise_quantization:block_transform:493 - subset: {'layers': {'mlp.down_proj': Linear(in_features=8192, out_features=2048, bias=False)}, 'prev_op': [Linear(in_features=2048, out_features=8192, bias=False)], 'input': ['mlp.down_proj'], 'inspect': Linear(in_features=8192, out_features=2048, bias=False), 'has_kwargs': False, 'is_mlp': True}
2026-07-26 13:56:08.745 | INFO     | llmc.compression.quantization.gptq:update_layer_with_transformed_weights:184 - error 45.451904296875
2026-07-26 13:56:08.745 | INFO     | llmc.compression.quantization.gptq:update_layer_with_transformed_weights:184 - error 45.451904296875
2026-07-26 13:56:08.763 | INFO     | llmc.compression.quantization.base_blockwise_quantization:block_transform:523 - End transform the 2-th block
2026-07-26 13:56:08.763 | INFO     | llmc.compression.quantization.base_blockwise_quantization:block_transform:523 - End transform the 2-th block
2026-07-26 13:56:08.763 | INFO     | llmc.models.base_model:replace_module_subset:432 - replace >>> self_attn.q_proj in 2-th block
2026-07-26 13:56:08.763 | INFO     | llmc.models.base_model:replace_module_subset:432 - replace >>> self_attn.q_proj in 2-th block
2026-07-26 13:56:08.763 | INFO     | llmc.models.base_model:replace_module_subset:432 - replace >>> self_attn.k_proj in 2-th block
2026-07-26 13:56:08.763 | INFO     | llmc.models.base_model:replace_module_subset:432 - replace >>> self_attn.k_proj in 2-th block
2026-07-26 13:56:08.763 | INFO     | llmc.models.base_model:replace_module_subset:432 - replace >>> self_attn.v_proj in 2-th block
2026-07-26 13:56:08.763 | INFO     | llmc.models.base_model:replace_module_subset:432 - replace >>> self_attn.v_proj in 2-th block
2026-07-26 13:56:08.763 | INFO     | llmc.models.base_model:replace_module_subset:432 - replace >>> self_attn.o_proj in 2-th block
2026-07-26 13:56:08.763 | INFO     | llmc.models.base_model:replace_module_subset:432 - replace >>> self_attn.o_proj in 2-th block
2026-07-26 13:56:08.763 | INFO     | llmc.models.base_model:replace_module_subset:432 - replace >>> mlp.gate_proj in 2-th block
2026-07-26 13:56:08.763 | INFO     | llmc.models.base_model:replace_module_subset:432 - replace >>> mlp.gate_proj in 2-th block
2026-07-26 13:56:08.763 | INFO     | llmc.models.base_model:replace_module_subset:432 - replace >>> mlp.up_proj in 2-th block
2026-07-26 13:56:08.763 | INFO     | llmc.models.base_model:replace_module_subset:432 - replace >>> mlp.up_proj in 2-th block
2026-07-26 13:56:08.763 | INFO     | llmc.models.base_model:replace_module_subset:432 - replace >>> mlp.down_proj in 2-th block
2026-07-26 13:56:08.763 | INFO     | llmc.models.base_model:replace_module_subset:432 - replace >>> mlp.down_proj in 2-th block
2026-07-26 13:56:09.811 | INFO     | llmc.compression.blockwise_optimization:run_block_loop:36 - 
block index: 3/16 
block: LlamaDecoderLayer(
  (self_attn): LlamaAttention(
    (q_proj): Linear(in_features=2048, out_features=2048, bias=False)
    (k_proj): Linear(in_features=2048, out_features=512, bias=False)
    (v_proj): Linear(in_features=2048, out_features=512, bias=False)
    (o_proj): Linear(in_features=2048, out_features=2048, bias=False)
  )
  (mlp): LlamaMLP(
    (gate_proj): Linear(in_features=2048, out_features=8192, bias=False)
    (up_proj): Linear(in_features=2048, out_features=8192, bias=False)
    (down_proj): Linear(in_features=8192, out_features=2048, bias=False)
    (act_fn): SiLUActivation()
  )
  (input_layernorm): LlamaRMSNorm((2048,), eps=1e-05)
  (post_attention_layernorm): LlamaRMSNorm((2048,), eps=1e-05)
)
2026-07-26 13:56:09.811 | INFO     | llmc.compression.blockwise_optimization:run_block_loop:36 - 
block index: 3/16 
block: LlamaDecoderLayer(
  (self_attn): LlamaAttention(
    (q_proj): Linear(in_features=2048, out_features=2048, bias=False)
    (k_proj): Linear(in_features=2048, out_features=512, bias=False)
    (v_proj): Linear(in_features=2048, out_features=512, bias=False)
    (o_proj): Linear(in_features=2048, out_features=2048, bias=False)
  )
  (mlp): LlamaMLP(
    (gate_proj): Linear(in_features=2048, out_features=8192, bias=False)
    (up_proj): Linear(in_features=2048, out_features=8192, bias=False)
    (down_proj): Linear(in_features=8192, out_features=2048, bias=False)
    (act_fn): SiLUActivation()
  )
  (input_layernorm): LlamaRMSNorm((2048,), eps=1e-05)
  (post_attention_layernorm): LlamaRMSNorm((2048,), eps=1e-05)
)
2026-07-26 13:56:09.829 | INFO     | llmc.compression.quantization.base_blockwise_quantization:block_opt:416 - input_feat_modules: {'self_attn.q_proj': Linear(in_features=2048, out_features=2048, bias=False), 'self_attn.k_proj': Linear(in_features=2048, out_features=512, bias=False), 'self_attn.v_proj': Linear(in_features=2048, out_features=512, bias=False), 'self_attn.o_proj': Linear(in_features=2048, out_features=2048, bias=False), 'mlp.gate_proj': Linear(in_features=2048, out_features=8192, bias=False), 'mlp.up_proj': Linear(in_features=2048, out_features=8192, bias=False), 'mlp.down_proj': Linear(in_features=8192, out_features=2048, bias=False)}
2026-07-26 13:56:09.829 | INFO     | llmc.compression.quantization.base_blockwise_quantization:block_opt:416 - input_feat_modules: {'self_attn.q_proj': Linear(in_features=2048, out_features=2048, bias=False), 'self_attn.k_proj': Linear(in_features=2048, out_features=512, bias=False), 'self_attn.v_proj': Linear(in_features=2048, out_features=512, bias=False), 'self_attn.o_proj': Linear(in_features=2048, out_features=2048, bias=False), 'mlp.gate_proj': Linear(in_features=2048, out_features=8192, bias=False), 'mlp.up_proj': Linear(in_features=2048, out_features=8192, bias=False), 'mlp.down_proj': Linear(in_features=8192, out_features=2048, bias=False)}
2026-07-26 13:56:12.219 | INFO     | llmc.compression.quantization.base_blockwise_quantization:block_transform:484 - Start transform the 3-th block
2026-07-26 13:56:12.219 | INFO     | llmc.compression.quantization.base_blockwise_quantization:block_transform:484 - Start transform the 3-th block
2026-07-26 13:56:12.219 | INFO     | llmc.compression.quantization.base_blockwise_quantization:block_transform:493 - subset: {'layers': {'self_attn.q_proj': Linear(in_features=2048, out_features=2048, bias=False), 'self_attn.k_proj': Linear(in_features=2048, out_features=512, bias=False), 'self_attn.v_proj': Linear(in_features=2048, out_features=512, bias=False)}, 'prev_op': [LlamaRMSNorm((2048,), eps=1e-05)], 'input': ['self_attn.q_proj'], 'inspect': LlamaAttention(
  (q_proj): Linear(in_features=2048, out_features=2048, bias=False)
  (k_proj): Linear(in_features=2048, out_features=512, bias=False)
  (v_proj): Linear(in_features=2048, out_features=512, bias=False)
  (o_proj): Linear(in_features=2048, out_features=2048, bias=False)
), 'has_kwargs': True}
2026-07-26 13:56:12.219 | INFO     | llmc.compression.quantization.base_blockwise_quantization:block_transform:493 - subset: {'layers': {'self_attn.q_proj': Linear(in_features=2048, out_features=2048, bias=False), 'self_attn.k_proj': Linear(in_features=2048, out_features=512, bias=False), 'self_attn.v_proj': Linear(in_features=2048, out_features=512, bias=False)}, 'prev_op': [LlamaRMSNorm((2048,), eps=1e-05)], 'input': ['self_attn.q_proj'], 'inspect': LlamaAttention(
  (q_proj): Linear(in_features=2048, out_features=2048, bias=False)
  (k_proj): Linear(in_features=2048, out_features=512, bias=False)
  (v_proj): Linear(in_features=2048, out_features=512, bias=False)
  (o_proj): Linear(in_features=2048, out_features=2048, bias=False)
), 'has_kwargs': True}
2026-07-26 13:56:12.942 | INFO     | llmc.compression.quantization.gptq:update_layer_with_transformed_weights:184 - error 4766.4873046875
2026-07-26 13:56:12.942 | INFO     | llmc.compression.quantization.gptq:update_layer_with_transformed_weights:184 - error 4766.4873046875
2026-07-26 13:56:13.704 | INFO     | llmc.compression.quantization.gptq:update_layer_with_transformed_weights:184 - error 2171.73193359375
2026-07-26 13:56:13.704 | INFO     | llmc.compression.quantization.gptq:update_layer_with_transformed_weights:184 - error 2171.73193359375
2026-07-26 13:56:14.394 | INFO     | llmc.compression.quantization.gptq:update_layer_with_transformed_weights:184 - error 297.8628845214844
2026-07-26 13:56:14.394 | INFO     | llmc.compression.quantization.gptq:update_layer_with_transformed_weights:184 - error 297.8628845214844
2026-07-26 13:56:14.396 | INFO     | llmc.models.base_model:replace_module_subset:432 - replace >>> self_attn.q_proj in 3-th block
2026-07-26 13:56:14.396 | INFO     | llmc.models.base_model:replace_module_subset:432 - replace >>> self_attn.q_proj in 3-th block
2026-07-26 13:56:14.396 | INFO     | llmc.models.base_model:replace_module_subset:432 - replace >>> self_attn.k_proj in 3-th block
2026-07-26 13:56:14.396 | INFO     | llmc.models.base_model:replace_module_subset:432 - replace >>> self_attn.k_proj in 3-th block
2026-07-26 13:56:14.396 | INFO     | llmc.models.base_model:replace_module_subset:432 - replace >>> self_attn.v_proj in 3-th block
2026-07-26 13:56:14.396 | INFO     | llmc.models.base_model:replace_module_subset:432 - replace >>> self_attn.v_proj in 3-th block
2026-07-26 13:56:15.225 | INFO     | llmc.compression.quantization.base_blockwise_quantization:block_transform:493 - subset: {'layers': {'self_attn.o_proj': Linear(in_features=2048, out_features=2048, bias=False)}, 'prev_op': [Linear(in_features=2048, out_features=512, bias=False)], 'input': ['self_attn.o_proj'], 'inspect': Linear(in_features=2048, out_features=2048, bias=False), 'has_kwargs': False}
2026-07-26 13:56:15.225 | INFO     | llmc.compression.quantization.base_blockwise_quantization:block_transform:493 - subset: {'layers': {'self_attn.o_proj': Linear(in_features=2048, out_features=2048, bias=False)}, 'prev_op': [Linear(in_features=2048, out_features=512, bias=False)], 'input': ['self_attn.o_proj'], 'inspect': Linear(in_features=2048, out_features=2048, bias=False), 'has_kwargs': False}
2026-07-26 13:56:15.997 | INFO     | llmc.compression.quantization.gptq:update_layer_with_transformed_weights:184 - error 22.85363006591797
2026-07-26 13:56:15.997 | INFO     | llmc.compression.quantization.gptq:update_layer_with_transformed_weights:184 - error 22.85363006591797
2026-07-26 13:56:16.000 | INFO     | llmc.models.base_model:replace_module_subset:432 - replace >>> self_attn.o_proj in 3-th block
2026-07-26 13:56:16.000 | INFO     | llmc.models.base_model:replace_module_subset:432 - replace >>> self_attn.o_proj in 3-th block
2026-07-26 13:56:16.784 | INFO     | llmc.compression.quantization.base_blockwise_quantization:block_transform:493 - subset: {'layers': {'mlp.gate_proj': Linear(in_features=2048, out_features=8192, bias=False), 'mlp.up_proj': Linear(in_features=2048, out_features=8192, bias=False)}, 'prev_op': [LlamaRMSNorm((2048,), eps=1e-05)], 'input': ['mlp.gate_proj'], 'inspect': LlamaMLP(
  (gate_proj): Linear(in_features=2048, out_features=8192, bias=False)
  (up_proj): Linear(in_features=2048, out_features=8192, bias=False)
  (down_proj): Linear(in_features=8192, out_features=2048, bias=False)
  (act_fn): SiLUActivation()
), 'has_kwargs': False, 'is_mlp': True}
2026-07-26 13:56:16.784 | INFO     | llmc.compression.quantization.base_blockwise_quantization:block_transform:493 - subset: {'layers': {'mlp.gate_proj': Linear(in_features=2048, out_features=8192, bias=False), 'mlp.up_proj': Linear(in_features=2048, out_features=8192, bias=False)}, 'prev_op': [LlamaRMSNorm((2048,), eps=1e-05)], 'input': ['mlp.gate_proj'], 'inspect': LlamaMLP(
  (gate_proj): Linear(in_features=2048, out_features=8192, bias=False)
  (up_proj): Linear(in_features=2048, out_features=8192, bias=False)
  (down_proj): Linear(in_features=8192, out_features=2048, bias=False)
  (act_fn): SiLUActivation()
), 'has_kwargs': False, 'is_mlp': True}
2026-07-26 13:56:17.468 | INFO     | llmc.compression.quantization.gptq:update_layer_with_transformed_weights:184 - error 7982.12109375
2026-07-26 13:56:17.468 | INFO     | llmc.compression.quantization.gptq:update_layer_with_transformed_weights:184 - error 7982.12109375
2026-07-26 13:56:18.036 | INFO     | llmc.compression.quantization.gptq:update_layer_with_transformed_weights:184 - error 3957.549072265625
2026-07-26 13:56:18.036 | INFO     | llmc.compression.quantization.gptq:update_layer_with_transformed_weights:184 - error 3957.549072265625
2026-07-26 13:56:18.041 | INFO     | llmc.models.base_model:replace_module_subset:432 - replace >>> mlp.gate_proj in 3-th block
2026-07-26 13:56:18.041 | INFO     | llmc.models.base_model:replace_module_subset:432 - replace >>> mlp.gate_proj in 3-th block
2026-07-26 13:56:18.041 | INFO     | llmc.models.base_model:replace_module_subset:432 - replace >>> mlp.up_proj in 3-th block
2026-07-26 13:56:18.041 | INFO     | llmc.models.base_model:replace_module_subset:432 - replace >>> mlp.up_proj in 3-th block
2026-07-26 13:56:19.970 | INFO     | llmc.compression.quantization.base_blockwise_quantization:block_transform:493 - subset: {'layers': {'mlp.down_proj': Linear(in_features=8192, out_features=2048, bias=False)}, 'prev_op': [Linear(in_features=2048, out_features=8192, bias=False)], 'input': ['mlp.down_proj'], 'inspect': Linear(in_features=8192, out_features=2048, bias=False), 'has_kwargs': False, 'is_mlp': True}
2026-07-26 13:56:19.970 | INFO     | llmc.compression.quantization.base_blockwise_quantization:block_transform:493 - subset: {'layers': {'mlp.down_proj': Linear(in_features=8192, out_features=2048, bias=False)}, 'prev_op': [Linear(in_features=2048, out_features=8192, bias=False)], 'input': ['mlp.down_proj'], 'inspect': Linear(in_features=8192, out_features=2048, bias=False), 'has_kwargs': False, 'is_mlp': True}
2026-07-26 13:56:22.428 | INFO     | llmc.compression.quantization.gptq:update_layer_with_transformed_weights:184 - error 62.70934295654297
2026-07-26 13:56:22.428 | INFO     | llmc.compression.quantization.gptq:update_layer_with_transformed_weights:184 - error 62.70934295654297
2026-07-26 13:56:22.442 | INFO     | llmc.compression.quantization.base_blockwise_quantization:block_transform:523 - End transform the 3-th block
2026-07-26 13:56:22.442 | INFO     | llmc.compression.quantization.base_blockwise_quantization:block_transform:523 - End transform the 3-th block
2026-07-26 13:56:22.442 | INFO     | llmc.models.base_model:replace_module_subset:432 - replace >>> self_attn.q_proj in 3-th block
2026-07-26 13:56:22.442 | INFO     | llmc.models.base_model:replace_module_subset:432 - replace >>> self_attn.q_proj in 3-th block
2026-07-26 13:56:22.442 | INFO     | llmc.models.base_model:replace_module_subset:432 - replace >>> self_attn.k_proj in 3-th block
2026-07-26 13:56:22.442 | INFO     | llmc.models.base_model:replace_module_subset:432 - replace >>> self_attn.k_proj in 3-th block
2026-07-26 13:56:22.442 | INFO     | llmc.models.base_model:replace_module_subset:432 - replace >>> self_attn.v_proj in 3-th block
2026-07-26 13:56:22.442 | INFO     | llmc.models.base_model:replace_module_subset:432 - replace >>> self_attn.v_proj in 3-th block
2026-07-26 13:56:22.442 | INFO     | llmc.models.base_model:replace_module_subset:432 - replace >>> self_attn.o_proj in 3-th block
2026-07-26 13:56:22.442 | INFO     | llmc.models.base_model:replace_module_subset:432 - replace >>> self_attn.o_proj in 3-th block
2026-07-26 13:56:22.442 | INFO     | llmc.models.base_model:replace_module_subset:432 - replace >>> mlp.gate_proj in 3-th block
2026-07-26 13:56:22.442 | INFO     | llmc.models.base_model:replace_module_subset:432 - replace >>> mlp.gate_proj in 3-th block
2026-07-26 13:56:22.442 | INFO     | llmc.models.base_model:replace_module_subset:432 - replace >>> mlp.up_proj in 3-th block
2026-07-26 13:56:22.442 | INFO     | llmc.models.base_model:replace_module_subset:432 - replace >>> mlp.up_proj in 3-th block
2026-07-26 13:56:22.442 | INFO     | llmc.models.base_model:replace_module_subset:432 - replace >>> mlp.down_proj in 3-th block
2026-07-26 13:56:22.442 | INFO     | llmc.models.base_model:replace_module_subset:432 - replace >>> mlp.down_proj in 3-th block
2026-07-26 13:56:23.452 | INFO     | llmc.compression.blockwise_optimization:run_block_loop:36 - 
block index: 4/16 
block: LlamaDecoderLayer(
  (self_attn): LlamaAttention(
    (q_proj): Linear(in_features=2048, out_features=2048, bias=False)
    (k_proj): Linear(in_features=2048, out_features=512, bias=False)
    (v_proj): Linear(in_features=2048, out_features=512, bias=False)
    (o_proj): Linear(in_features=2048, out_features=2048, bias=False)
  )
  (mlp): LlamaMLP(
    (gate_proj): Linear(in_features=2048, out_features=8192, bias=False)
    (up_proj): Linear(in_features=2048, out_features=8192, bias=False)
    (down_proj): Linear(in_features=8192, out_features=2048, bias=False)
    (act_fn): SiLUActivation()
  )
  (input_layernorm): LlamaRMSNorm((2048,), eps=1e-05)
  (post_attention_layernorm): LlamaRMSNorm((2048,), eps=1e-05)
)
2026-07-26 13:56:23.452 | INFO     | llmc.compression.blockwise_optimization:run_block_loop:36 - 
block index: 4/16 
block: LlamaDecoderLayer(
  (self_attn): LlamaAttention(
    (q_proj): Linear(in_features=2048, out_features=2048, bias=False)
    (k_proj): Linear(in_features=2048, out_features=512, bias=False)
    (v_proj): Linear(in_features=2048, out_features=512, bias=False)
    (o_proj): Linear(in_features=2048, out_features=2048, bias=False)
  )
  (mlp): LlamaMLP(
    (gate_proj): Linear(in_features=2048, out_features=8192, bias=False)
    (up_proj): Linear(in_features=2048, out_features=8192, bias=False)
    (down_proj): Linear(in_features=8192, out_features=2048, bias=False)
    (act_fn): SiLUActivation()
  )
  (input_layernorm): LlamaRMSNorm((2048,), eps=1e-05)
  (post_attention_layernorm): LlamaRMSNorm((2048,), eps=1e-05)
)
2026-07-26 13:56:23.472 | INFO     | llmc.compression.quantization.base_blockwise_quantization:block_opt:416 - input_feat_modules: {'self_attn.q_proj': Linear(in_features=2048, out_features=2048, bias=False), 'self_attn.k_proj': Linear(in_features=2048, out_features=512, bias=False), 'self_attn.v_proj': Linear(in_features=2048, out_features=512, bias=False), 'self_attn.o_proj': Linear(in_features=2048, out_features=2048, bias=False), 'mlp.gate_proj': Linear(in_features=2048, out_features=8192, bias=False), 'mlp.up_proj': Linear(in_features=2048, out_features=8192, bias=False), 'mlp.down_proj': Linear(in_features=8192, out_features=2048, bias=False)}
2026-07-26 13:56:23.472 | INFO     | llmc.compression.quantization.base_blockwise_quantization:block_opt:416 - input_feat_modules: {'self_attn.q_proj': Linear(in_features=2048, out_features=2048, bias=False), 'self_attn.k_proj': Linear(in_features=2048, out_features=512, bias=False), 'self_attn.v_proj': Linear(in_features=2048, out_features=512, bias=False), 'self_attn.o_proj': Linear(in_features=2048, out_features=2048, bias=False), 'mlp.gate_proj': Linear(in_features=2048, out_features=8192, bias=False), 'mlp.up_proj': Linear(in_features=2048, out_features=8192, bias=False), 'mlp.down_proj': Linear(in_features=8192, out_features=2048, bias=False)}
2026-07-26 13:56:25.865 | INFO     | llmc.compression.quantization.base_blockwise_quantization:block_transform:484 - Start transform the 4-th block
2026-07-26 13:56:25.865 | INFO     | llmc.compression.quantization.base_blockwise_quantization:block_transform:484 - Start transform the 4-th block
2026-07-26 13:56:25.865 | INFO     | llmc.compression.quantization.base_blockwise_quantization:block_transform:493 - subset: {'layers': {'self_attn.q_proj': Linear(in_features=2048, out_features=2048, bias=False), 'self_attn.k_proj': Linear(in_features=2048, out_features=512, bias=False), 'self_attn.v_proj': Linear(in_features=2048, out_features=512, bias=False)}, 'prev_op': [LlamaRMSNorm((2048,), eps=1e-05)], 'input': ['self_attn.q_proj'], 'inspect': LlamaAttention(
  (q_proj): Linear(in_features=2048, out_features=2048, bias=False)
  (k_proj): Linear(in_features=2048, out_features=512, bias=False)
  (v_proj): Linear(in_features=2048, out_features=512, bias=False)
  (o_proj): Linear(in_features=2048, out_features=2048, bias=False)
), 'has_kwargs': True}
2026-07-26 13:56:25.865 | INFO     | llmc.compression.quantization.base_blockwise_quantization:block_transform:493 - subset: {'layers': {'self_attn.q_proj': Linear(in_features=2048, out_features=2048, bias=False), 'self_attn.k_proj': Linear(in_features=2048, out_features=512, bias=False), 'self_attn.v_proj': Linear(in_features=2048, out_features=512, bias=False)}, 'prev_op': [LlamaRMSNorm((2048,), eps=1e-05)], 'input': ['self_attn.q_proj'], 'inspect': LlamaAttention(
  (q_proj): Linear(in_features=2048, out_features=2048, bias=False)
  (k_proj): Linear(in_features=2048, out_features=512, bias=False)
  (v_proj): Linear(in_features=2048, out_features=512, bias=False)
  (o_proj): Linear(in_features=2048, out_features=2048, bias=False)
), 'has_kwargs': True}
2026-07-26 13:56:26.551 | INFO     | llmc.compression.quantization.gptq:update_layer_with_transformed_weights:184 - error 4592.6806640625
2026-07-26 13:56:26.551 | INFO     | llmc.compression.quantization.gptq:update_layer_with_transformed_weights:184 - error 4592.6806640625
2026-07-26 13:56:27.306 | INFO     | llmc.compression.quantization.gptq:update_layer_with_transformed_weights:184 - error 2225.134765625
2026-07-26 13:56:27.306 | INFO     | llmc.compression.quantization.gptq:update_layer_with_transformed_weights:184 - error 2225.134765625
2026-07-26 13:56:28.072 | INFO     | llmc.compression.quantization.gptq:update_layer_with_transformed_weights:184 - error 266.93341064453125
2026-07-26 13:56:28.072 | INFO     | llmc.compression.quantization.gptq:update_layer_with_transformed_weights:184 - error 266.93341064453125
2026-07-26 13:56:28.074 | INFO     | llmc.models.base_model:replace_module_subset:432 - replace >>> self_attn.q_proj in 4-th block
2026-07-26 13:56:28.074 | INFO     | llmc.models.base_model:replace_module_subset:432 - replace >>> self_attn.q_proj in 4-th block
2026-07-26 13:56:28.074 | INFO     | llmc.models.base_model:replace_module_subset:432 - replace >>> self_attn.k_proj in 4-th block
2026-07-26 13:56:28.074 | INFO     | llmc.models.base_model:replace_module_subset:432 - replace >>> self_attn.k_proj in 4-th block
2026-07-26 13:56:28.074 | INFO     | llmc.models.base_model:replace_module_subset:432 - replace >>> self_attn.v_proj in 4-th block
2026-07-26 13:56:28.074 | INFO     | llmc.models.base_model:replace_module_subset:432 - replace >>> self_attn.v_proj in 4-th block
2026-07-26 13:56:28.882 | INFO     | llmc.compression.quantization.base_blockwise_quantization:block_transform:493 - subset: {'layers': {'self_attn.o_proj': Linear(in_features=2048, out_features=2048, bias=False)}, 'prev_op': [Linear(in_features=2048, out_features=512, bias=False)], 'input': ['self_attn.o_proj'], 'inspect': Linear(in_features=2048, out_features=2048, bias=False), 'has_kwargs': False}
2026-07-26 13:56:28.882 | INFO     | llmc.compression.quantization.base_blockwise_quantization:block_transform:493 - subset: {'layers': {'self_attn.o_proj': Linear(in_features=2048, out_features=2048, bias=False)}, 'prev_op': [Linear(in_features=2048, out_features=512, bias=False)], 'input': ['self_attn.o_proj'], 'inspect': Linear(in_features=2048, out_features=2048, bias=False), 'has_kwargs': False}
2026-07-26 13:56:29.694 | INFO     | llmc.compression.quantization.gptq:update_layer_with_transformed_weights:184 - error 32.37321472167969
2026-07-26 13:56:29.694 | INFO     | llmc.compression.quantization.gptq:update_layer_with_transformed_weights:184 - error 32.37321472167969
2026-07-26 13:56:29.705 | INFO     | llmc.models.base_model:replace_module_subset:432 - replace >>> self_attn.o_proj in 4-th block
2026-07-26 13:56:29.705 | INFO     | llmc.models.base_model:replace_module_subset:432 - replace >>> self_attn.o_proj in 4-th block
2026-07-26 13:56:30.487 | INFO     | llmc.compression.quantization.base_blockwise_quantization:block_transform:493 - subset: {'layers': {'mlp.gate_proj': Linear(in_features=2048, out_features=8192, bias=False), 'mlp.up_proj': Linear(in_features=2048, out_features=8192, bias=False)}, 'prev_op': [LlamaRMSNorm((2048,), eps=1e-05)], 'input': ['mlp.gate_proj'], 'inspect': LlamaMLP(
  (gate_proj): Linear(in_features=2048, out_features=8192, bias=False)
  (up_proj): Linear(in_features=2048, out_features=8192, bias=False)
  (down_proj): Linear(in_features=8192, out_features=2048, bias=False)
  (act_fn): SiLUActivation()
), 'has_kwargs': False, 'is_mlp': True}
2026-07-26 13:56:30.487 | INFO     | llmc.compression.quantization.base_blockwise_quantization:block_transform:493 - subset: {'layers': {'mlp.gate_proj': Linear(in_features=2048, out_features=8192, bias=False), 'mlp.up_proj': Linear(in_features=2048, out_features=8192, bias=False)}, 'prev_op': [LlamaRMSNorm((2048,), eps=1e-05)], 'input': ['mlp.gate_proj'], 'inspect': LlamaMLP(
  (gate_proj): Linear(in_features=2048, out_features=8192, bias=False)
  (up_proj): Linear(in_features=2048, out_features=8192, bias=False)
  (down_proj): Linear(in_features=8192, out_features=2048, bias=False)
  (act_fn): SiLUActivation()
), 'has_kwargs': False, 'is_mlp': True}
2026-07-26 13:56:31.227 | INFO     | llmc.compression.quantization.gptq:update_layer_with_transformed_weights:184 - error 8499.72265625
2026-07-26 13:56:31.227 | INFO     | llmc.compression.quantization.gptq:update_layer_with_transformed_weights:184 - error 8499.72265625
2026-07-26 13:56:32.101 | INFO     | llmc.compression.quantization.gptq:update_layer_with_transformed_weights:184 - error 3874.4052734375
2026-07-26 13:56:32.101 | INFO     | llmc.compression.quantization.gptq:update_layer_with_transformed_weights:184 - error 3874.4052734375
2026-07-26 13:56:32.106 | INFO     | llmc.models.base_model:replace_module_subset:432 - replace >>> mlp.gate_proj in 4-th block
2026-07-26 13:56:32.106 | INFO     | llmc.models.base_model:replace_module_subset:432 - replace >>> mlp.gate_proj in 4-th block
2026-07-26 13:56:32.106 | INFO     | llmc.models.base_model:replace_module_subset:432 - replace >>> mlp.up_proj in 4-th block
2026-07-26 13:56:32.106 | INFO     | llmc.models.base_model:replace_module_subset:432 - replace >>> mlp.up_proj in 4-th block
2026-07-26 13:56:34.042 | INFO     | llmc.compression.quantization.base_blockwise_quantization:block_transform:493 - subset: {'layers': {'mlp.down_proj': Linear(in_features=8192, out_features=2048, bias=False)}, 'prev_op': [Linear(in_features=2048, out_features=8192, bias=False)], 'input': ['mlp.down_proj'], 'inspect': Linear(in_features=8192, out_features=2048, bias=False), 'has_kwargs': False, 'is_mlp': True}
2026-07-26 13:56:34.042 | INFO     | llmc.compression.quantization.base_blockwise_quantization:block_transform:493 - subset: {'layers': {'mlp.down_proj': Linear(in_features=8192, out_features=2048, bias=False)}, 'prev_op': [Linear(in_features=2048, out_features=8192, bias=False)], 'input': ['mlp.down_proj'], 'inspect': Linear(in_features=8192, out_features=2048, bias=False), 'has_kwargs': False, 'is_mlp': True}
2026-07-26 13:56:36.104 | INFO     | llmc.compression.quantization.gptq:update_layer_with_transformed_weights:184 - error 68.2822265625
2026-07-26 13:56:36.104 | INFO     | llmc.compression.quantization.gptq:update_layer_with_transformed_weights:184 - error 68.2822265625
2026-07-26 13:56:36.123 | INFO     | llmc.compression.quantization.base_blockwise_quantization:block_transform:523 - End transform the 4-th block
2026-07-26 13:56:36.123 | INFO     | llmc.compression.quantization.base_blockwise_quantization:block_transform:523 - End transform the 4-th block
2026-07-26 13:56:36.123 | INFO     | llmc.models.base_model:replace_module_subset:432 - replace >>> self_attn.q_proj in 4-th block
2026-07-26 13:56:36.123 | INFO     | llmc.models.base_model:replace_module_subset:432 - replace >>> self_attn.q_proj in 4-th block
2026-07-26 13:56:36.123 | INFO     | llmc.models.base_model:replace_module_subset:432 - replace >>> self_attn.k_proj in 4-th block
2026-07-26 13:56:36.123 | INFO     | llmc.models.base_model:replace_module_subset:432 - replace >>> self_attn.k_proj in 4-th block
2026-07-26 13:56:36.123 | INFO     | llmc.models.base_model:replace_module_subset:432 - replace >>> self_attn.v_proj in 4-th block
2026-07-26 13:56:36.123 | INFO     | llmc.models.base_model:replace_module_subset:432 - replace >>> self_attn.v_proj in 4-th block
2026-07-26 13:56:36.123 | INFO     | llmc.models.base_model:replace_module_subset:432 - replace >>> self_attn.o_proj in 4-th block
2026-07-26 13:56:36.123 | INFO     | llmc.models.base_model:replace_module_subset:432 - replace >>> self_attn.o_proj in 4-th block
2026-07-26 13:56:36.123 | INFO     | llmc.models.base_model:replace_module_subset:432 - replace >>> mlp.gate_proj in 4-th block
2026-07-26 13:56:36.123 | INFO     | llmc.models.base_model:replace_module_subset:432 - replace >>> mlp.gate_proj in 4-th block
2026-07-26 13:56:36.123 | INFO     | llmc.models.base_model:replace_module_subset:432 - replace >>> mlp.up_proj in 4-th block
2026-07-26 13:56:36.123 | INFO     | llmc.models.base_model:replace_module_subset:432 - replace >>> mlp.up_proj in 4-th block
2026-07-26 13:56:36.123 | INFO     | llmc.models.base_model:replace_module_subset:432 - replace >>> mlp.down_proj in 4-th block
2026-07-26 13:56:36.123 | INFO     | llmc.models.base_model:replace_module_subset:432 - replace >>> mlp.down_proj in 4-th block
2026-07-26 13:56:37.092 | INFO     | llmc.compression.blockwise_optimization:run_block_loop:36 - 
block index: 5/16 
block: LlamaDecoderLayer(
  (self_attn): LlamaAttention(
    (q_proj): Linear(in_features=2048, out_features=2048, bias=False)
    (k_proj): Linear(in_features=2048, out_features=512, bias=False)
    (v_proj): Linear(in_features=2048, out_features=512, bias=False)
    (o_proj): Linear(in_features=2048, out_features=2048, bias=False)
  )
  (mlp): LlamaMLP(
    (gate_proj): Linear(in_features=2048, out_features=8192, bias=False)
    (up_proj): Linear(in_features=2048, out_features=8192, bias=False)
    (down_proj): Linear(in_features=8192, out_features=2048, bias=False)
    (act_fn): SiLUActivation()
  )
  (input_layernorm): LlamaRMSNorm((2048,), eps=1e-05)
  (post_attention_layernorm): LlamaRMSNorm((2048,), eps=1e-05)
)
2026-07-26 13:56:37.092 | INFO     | llmc.compression.blockwise_optimization:run_block_loop:36 - 
block index: 5/16 
block: LlamaDecoderLayer(
  (self_attn): LlamaAttention(
    (q_proj): Linear(in_features=2048, out_features=2048, bias=False)
    (k_proj): Linear(in_features=2048, out_features=512, bias=False)
    (v_proj): Linear(in_features=2048, out_features=512, bias=False)
    (o_proj): Linear(in_features=2048, out_features=2048, bias=False)
  )
  (mlp): LlamaMLP(
    (gate_proj): Linear(in_features=2048, out_features=8192, bias=False)
    (up_proj): Linear(in_features=2048, out_features=8192, bias=False)
    (down_proj): Linear(in_features=8192, out_features=2048, bias=False)
    (act_fn): SiLUActivation()
  )
  (input_layernorm): LlamaRMSNorm((2048,), eps=1e-05)
  (post_attention_layernorm): LlamaRMSNorm((2048,), eps=1e-05)
)
2026-07-26 13:56:37.110 | INFO     | llmc.compression.quantization.base_blockwise_quantization:block_opt:416 - input_feat_modules: {'self_attn.q_proj': Linear(in_features=2048, out_features=2048, bias=False), 'self_attn.k_proj': Linear(in_features=2048, out_features=512, bias=False), 'self_attn.v_proj': Linear(in_features=2048, out_features=512, bias=False), 'self_attn.o_proj': Linear(in_features=2048, out_features=2048, bias=False), 'mlp.gate_proj': Linear(in_features=2048, out_features=8192, bias=False), 'mlp.up_proj': Linear(in_features=2048, out_features=8192, bias=False), 'mlp.down_proj': Linear(in_features=8192, out_features=2048, bias=False)}
2026-07-26 13:56:37.110 | INFO     | llmc.compression.quantization.base_blockwise_quantization:block_opt:416 - input_feat_modules: {'self_attn.q_proj': Linear(in_features=2048, out_features=2048, bias=False), 'self_attn.k_proj': Linear(in_features=2048, out_features=512, bias=False), 'self_attn.v_proj': Linear(in_features=2048, out_features=512, bias=False), 'self_attn.o_proj': Linear(in_features=2048, out_features=2048, bias=False), 'mlp.gate_proj': Linear(in_features=2048, out_features=8192, bias=False), 'mlp.up_proj': Linear(in_features=2048, out_features=8192, bias=False), 'mlp.down_proj': Linear(in_features=8192, out_features=2048, bias=False)}
2026-07-26 13:56:39.518 | INFO     | llmc.compression.quantization.base_blockwise_quantization:block_transform:484 - Start transform the 5-th block
2026-07-26 13:56:39.518 | INFO     | llmc.compression.quantization.base_blockwise_quantization:block_transform:484 - Start transform the 5-th block
2026-07-26 13:56:39.519 | INFO     | llmc.compression.quantization.base_blockwise_quantization:block_transform:493 - subset: {'layers': {'self_attn.q_proj': Linear(in_features=2048, out_features=2048, bias=False), 'self_attn.k_proj': Linear(in_features=2048, out_features=512, bias=False), 'self_attn.v_proj': Linear(in_features=2048, out_features=512, bias=False)}, 'prev_op': [LlamaRMSNorm((2048,), eps=1e-05)], 'input': ['self_attn.q_proj'], 'inspect': LlamaAttention(
  (q_proj): Linear(in_features=2048, out_features=2048, bias=False)
  (k_proj): Linear(in_features=2048, out_features=512, bias=False)
  (v_proj): Linear(in_features=2048, out_features=512, bias=False)
  (o_proj): Linear(in_features=2048, out_features=2048, bias=False)
), 'has_kwargs': True}
2026-07-26 13:56:39.519 | INFO     | llmc.compression.quantization.base_blockwise_quantization:block_transform:493 - subset: {'layers': {'self_attn.q_proj': Linear(in_features=2048, out_features=2048, bias=False), 'self_attn.k_proj': Linear(in_features=2048, out_features=512, bias=False), 'self_attn.v_proj': Linear(in_features=2048, out_features=512, bias=False)}, 'prev_op': [LlamaRMSNorm((2048,), eps=1e-05)], 'input': ['self_attn.q_proj'], 'inspect': LlamaAttention(
  (q_proj): Linear(in_features=2048, out_features=2048, bias=False)
  (k_proj): Linear(in_features=2048, out_features=512, bias=False)
  (v_proj): Linear(in_features=2048, out_features=512, bias=False)
  (o_proj): Linear(in_features=2048, out_features=2048, bias=False)
), 'has_kwargs': True}
2026-07-26 13:56:39.992 | INFO     | llmc.compression.quantization.gptq:update_layer_with_transformed_weights:184 - error 5736.4833984375
2026-07-26 13:56:39.992 | INFO     | llmc.compression.quantization.gptq:update_layer_with_transformed_weights:184 - error 5736.4833984375
2026-07-26 13:56:40.468 | INFO     | llmc.compression.quantization.gptq:update_layer_with_transformed_weights:184 - error 3186.352294921875
2026-07-26 13:56:40.468 | INFO     | llmc.compression.quantization.gptq:update_layer_with_transformed_weights:184 - error 3186.352294921875
2026-07-26 13:56:40.956 | INFO     | llmc.compression.quantization.gptq:update_layer_with_transformed_weights:184 - error 225.5591278076172
2026-07-26 13:56:40.956 | INFO     | llmc.compression.quantization.gptq:update_layer_with_transformed_weights:184 - error 225.5591278076172
2026-07-26 13:56:40.958 | INFO     | llmc.models.base_model:replace_module_subset:432 - replace >>> self_attn.q_proj in 5-th block
2026-07-26 13:56:40.958 | INFO     | llmc.models.base_model:replace_module_subset:432 - replace >>> self_attn.q_proj in 5-th block
2026-07-26 13:56:40.958 | INFO     | llmc.models.base_model:replace_module_subset:432 - replace >>> self_attn.k_proj in 5-th block
2026-07-26 13:56:40.958 | INFO     | llmc.models.base_model:replace_module_subset:432 - replace >>> self_attn.k_proj in 5-th block
2026-07-26 13:56:40.958 | INFO     | llmc.models.base_model:replace_module_subset:432 - replace >>> self_attn.v_proj in 5-th block
2026-07-26 13:56:40.958 | INFO     | llmc.models.base_model:replace_module_subset:432 - replace >>> self_attn.v_proj in 5-th block
2026-07-26 13:56:41.658 | INFO     | llmc.compression.quantization.base_blockwise_quantization:block_transform:493 - subset: {'layers': {'self_attn.o_proj': Linear(in_features=2048, out_features=2048, bias=False)}, 'prev_op': [Linear(in_features=2048, out_features=512, bias=False)], 'input': ['self_attn.o_proj'], 'inspect': Linear(in_features=2048, out_features=2048, bias=False), 'has_kwargs': False}
2026-07-26 13:56:41.658 | INFO     | llmc.compression.quantization.base_blockwise_quantization:block_transform:493 - subset: {'layers': {'self_attn.o_proj': Linear(in_features=2048, out_features=2048, bias=False)}, 'prev_op': [Linear(in_features=2048, out_features=512, bias=False)], 'input': ['self_attn.o_proj'], 'inspect': Linear(in_features=2048, out_features=2048, bias=False), 'has_kwargs': False}
2026-07-26 13:56:42.521 | INFO     | llmc.compression.quantization.gptq:update_layer_with_transformed_weights:184 - error 31.921321868896484
2026-07-26 13:56:42.521 | INFO     | llmc.compression.quantization.gptq:update_layer_with_transformed_weights:184 - error 31.921321868896484
2026-07-26 13:56:42.524 | INFO     | llmc.models.base_model:replace_module_subset:432 - replace >>> self_attn.o_proj in 5-th block
2026-07-26 13:56:42.524 | INFO     | llmc.models.base_model:replace_module_subset:432 - replace >>> self_attn.o_proj in 5-th block
2026-07-26 13:56:43.307 | INFO     | llmc.compression.quantization.base_blockwise_quantization:block_transform:493 - subset: {'layers': {'mlp.gate_proj': Linear(in_features=2048, out_features=8192, bias=False), 'mlp.up_proj': Linear(in_features=2048, out_features=8192, bias=False)}, 'prev_op': [LlamaRMSNorm((2048,), eps=1e-05)], 'input': ['mlp.gate_proj'], 'inspect': LlamaMLP(
  (gate_proj): Linear(in_features=2048, out_features=8192, bias=False)
  (up_proj): Linear(in_features=2048, out_features=8192, bias=False)
  (down_proj): Linear(in_features=8192, out_features=2048, bias=False)
  (act_fn): SiLUActivation()
), 'has_kwargs': False, 'is_mlp': True}
2026-07-26 13:56:43.307 | INFO     | llmc.compression.quantization.base_blockwise_quantization:block_transform:493 - subset: {'layers': {'mlp.gate_proj': Linear(in_features=2048, out_features=8192, bias=False), 'mlp.up_proj': Linear(in_features=2048, out_features=8192, bias=False)}, 'prev_op': [LlamaRMSNorm((2048,), eps=1e-05)], 'input': ['mlp.gate_proj'], 'inspect': LlamaMLP(
  (gate_proj): Linear(in_features=2048, out_features=8192, bias=False)
  (up_proj): Linear(in_features=2048, out_features=8192, bias=False)
  (down_proj): Linear(in_features=8192, out_features=2048, bias=False)
  (act_fn): SiLUActivation()
), 'has_kwargs': False, 'is_mlp': True}
2026-07-26 13:56:44.099 | INFO     | llmc.compression.quantization.gptq:update_layer_with_transformed_weights:184 - error 7691.1240234375
2026-07-26 13:56:44.099 | INFO     | llmc.compression.quantization.gptq:update_layer_with_transformed_weights:184 - error 7691.1240234375
2026-07-26 13:56:45.040 | INFO     | llmc.compression.quantization.gptq:update_layer_with_transformed_weights:184 - error 4102.5703125
2026-07-26 13:56:45.040 | INFO     | llmc.compression.quantization.gptq:update_layer_with_transformed_weights:184 - error 4102.5703125
2026-07-26 13:56:45.044 | INFO     | llmc.models.base_model:replace_module_subset:432 - replace >>> mlp.gate_proj in 5-th block
2026-07-26 13:56:45.044 | INFO     | llmc.models.base_model:replace_module_subset:432 - replace >>> mlp.gate_proj in 5-th block
2026-07-26 13:56:45.044 | INFO     | llmc.models.base_model:replace_module_subset:432 - replace >>> mlp.up_proj in 5-th block
2026-07-26 13:56:45.044 | INFO     | llmc.models.base_model:replace_module_subset:432 - replace >>> mlp.up_proj in 5-th block
2026-07-26 13:56:47.070 | INFO     | llmc.compression.quantization.base_blockwise_quantization:block_transform:493 - subset: {'layers': {'mlp.down_proj': Linear(in_features=8192, out_features=2048, bias=False)}, 'prev_op': [Linear(in_features=2048, out_features=8192, bias=False)], 'input': ['mlp.down_proj'], 'inspect': Linear(in_features=8192, out_features=2048, bias=False), 'has_kwargs': False, 'is_mlp': True}
2026-07-26 13:56:47.070 | INFO     | llmc.compression.quantization.base_blockwise_quantization:block_transform:493 - subset: {'layers': {'mlp.down_proj': Linear(in_features=8192, out_features=2048, bias=False)}, 'prev_op': [Linear(in_features=2048, out_features=8192, bias=False)], 'input': ['mlp.down_proj'], 'inspect': Linear(in_features=8192, out_features=2048, bias=False), 'has_kwargs': False, 'is_mlp': True}
2026-07-26 13:56:50.414 | INFO     | llmc.compression.quantization.gptq:update_layer_with_transformed_weights:184 - error 82.34689331054688
2026-07-26 13:56:50.414 | INFO     | llmc.compression.quantization.gptq:update_layer_with_transformed_weights:184 - error 82.34689331054688
2026-07-26 13:56:50.428 | INFO     | llmc.compression.quantization.base_blockwise_quantization:block_transform:523 - End transform the 5-th block
2026-07-26 13:56:50.428 | INFO     | llmc.compression.quantization.base_blockwise_quantization:block_transform:523 - End transform the 5-th block
2026-07-26 13:56:50.428 | INFO     | llmc.models.base_model:replace_module_subset:432 - replace >>> self_attn.q_proj in 5-th block
2026-07-26 13:56:50.428 | INFO     | llmc.models.base_model:replace_module_subset:432 - replace >>> self_attn.q_proj in 5-th block
2026-07-26 13:56:50.428 | INFO     | llmc.models.base_model:replace_module_subset:432 - replace >>> self_attn.k_proj in 5-th block
2026-07-26 13:56:50.428 | INFO     | llmc.models.base_model:replace_module_subset:432 - replace >>> self_attn.k_proj in 5-th block
2026-07-26 13:56:50.428 | INFO     | llmc.models.base_model:replace_module_subset:432 - replace >>> self_attn.v_proj in 5-th block
2026-07-26 13:56:50.428 | INFO     | llmc.models.base_model:replace_module_subset:432 - replace >>> self_attn.v_proj in 5-th block
2026-07-26 13:56:50.428 | INFO     | llmc.models.base_model:replace_module_subset:432 - replace >>> self_attn.o_proj in 5-th block
2026-07-26 13:56:50.428 | INFO     | llmc.models.base_model:replace_module_subset:432 - replace >>> self_attn.o_proj in 5-th block
2026-07-26 13:56:50.428 | INFO     | llmc.models.base_model:replace_module_subset:432 - replace >>> mlp.gate_proj in 5-th block
2026-07-26 13:56:50.428 | INFO     | llmc.models.base_model:replace_module_subset:432 - replace >>> mlp.gate_proj in 5-th block
2026-07-26 13:56:50.428 | INFO     | llmc.models.base_model:replace_module_subset:432 - replace >>> mlp.up_proj in 5-th block
2026-07-26 13:56:50.428 | INFO     | llmc.models.base_model:replace_module_subset:432 - replace >>> mlp.up_proj in 5-th block
2026-07-26 13:56:50.428 | INFO     | llmc.models.base_model:replace_module_subset:432 - replace >>> mlp.down_proj in 5-th block
2026-07-26 13:56:50.428 | INFO     | llmc.models.base_model:replace_module_subset:432 - replace >>> mlp.down_proj in 5-th block
2026-07-26 13:56:51.493 | INFO     | llmc.compression.blockwise_optimization:run_block_loop:36 - 
block index: 6/16 
block: LlamaDecoderLayer(
  (self_attn): LlamaAttention(
    (q_proj): Linear(in_features=2048, out_features=2048, bias=False)
    (k_proj): Linear(in_features=2048, out_features=512, bias=False)
    (v_proj): Linear(in_features=2048, out_features=512, bias=False)
    (o_proj): Linear(in_features=2048, out_features=2048, bias=False)
  )
  (mlp): LlamaMLP(
    (gate_proj): Linear(in_features=2048, out_features=8192, bias=False)
    (up_proj): Linear(in_features=2048, out_features=8192, bias=False)
    (down_proj): Linear(in_features=8192, out_features=2048, bias=False)
    (act_fn): SiLUActivation()
  )
  (input_layernorm): LlamaRMSNorm((2048,), eps=1e-05)
  (post_attention_layernorm): LlamaRMSNorm((2048,), eps=1e-05)
)
2026-07-26 13:56:51.493 | INFO     | llmc.compression.blockwise_optimization:run_block_loop:36 - 
block index: 6/16 
block: LlamaDecoderLayer(
  (self_attn): LlamaAttention(
    (q_proj): Linear(in_features=2048, out_features=2048, bias=False)
    (k_proj): Linear(in_features=2048, out_features=512, bias=False)
    (v_proj): Linear(in_features=2048, out_features=512, bias=False)
    (o_proj): Linear(in_features=2048, out_features=2048, bias=False)
  )
  (mlp): LlamaMLP(
    (gate_proj): Linear(in_features=2048, out_features=8192, bias=False)
    (up_proj): Linear(in_features=2048, out_features=8192, bias=False)
    (down_proj): Linear(in_features=8192, out_features=2048, bias=False)
    (act_fn): SiLUActivation()
  )
  (input_layernorm): LlamaRMSNorm((2048,), eps=1e-05)
  (post_attention_layernorm): LlamaRMSNorm((2048,), eps=1e-05)
)
2026-07-26 13:56:51.508 | INFO     | llmc.compression.quantization.base_blockwise_quantization:block_opt:416 - input_feat_modules: {'self_attn.q_proj': Linear(in_features=2048, out_features=2048, bias=False), 'self_attn.k_proj': Linear(in_features=2048, out_features=512, bias=False), 'self_attn.v_proj': Linear(in_features=2048, out_features=512, bias=False), 'self_attn.o_proj': Linear(in_features=2048, out_features=2048, bias=False), 'mlp.gate_proj': Linear(in_features=2048, out_features=8192, bias=False), 'mlp.up_proj': Linear(in_features=2048, out_features=8192, bias=False), 'mlp.down_proj': Linear(in_features=8192, out_features=2048, bias=False)}
2026-07-26 13:56:51.508 | INFO     | llmc.compression.quantization.base_blockwise_quantization:block_opt:416 - input_feat_modules: {'self_attn.q_proj': Linear(in_features=2048, out_features=2048, bias=False), 'self_attn.k_proj': Linear(in_features=2048, out_features=512, bias=False), 'self_attn.v_proj': Linear(in_features=2048, out_features=512, bias=False), 'self_attn.o_proj': Linear(in_features=2048, out_features=2048, bias=False), 'mlp.gate_proj': Linear(in_features=2048, out_features=8192, bias=False), 'mlp.up_proj': Linear(in_features=2048, out_features=8192, bias=False), 'mlp.down_proj': Linear(in_features=8192, out_features=2048, bias=False)}
2026-07-26 13:56:53.927 | INFO     | llmc.compression.quantization.base_blockwise_quantization:block_transform:484 - Start transform the 6-th block
2026-07-26 13:56:53.927 | INFO     | llmc.compression.quantization.base_blockwise_quantization:block_transform:484 - Start transform the 6-th block
2026-07-26 13:56:53.928 | INFO     | llmc.compression.quantization.base_blockwise_quantization:block_transform:493 - subset: {'layers': {'self_attn.q_proj': Linear(in_features=2048, out_features=2048, bias=False), 'self_attn.k_proj': Linear(in_features=2048, out_features=512, bias=False), 'self_attn.v_proj': Linear(in_features=2048, out_features=512, bias=False)}, 'prev_op': [LlamaRMSNorm((2048,), eps=1e-05)], 'input': ['self_attn.q_proj'], 'inspect': LlamaAttention(
  (q_proj): Linear(in_features=2048, out_features=2048, bias=False)
  (k_proj): Linear(in_features=2048, out_features=512, bias=False)
  (v_proj): Linear(in_features=2048, out_features=512, bias=False)
  (o_proj): Linear(in_features=2048, out_features=2048, bias=False)
), 'has_kwargs': True}
2026-07-26 13:56:53.928 | INFO     | llmc.compression.quantization.base_blockwise_quantization:block_transform:493 - subset: {'layers': {'self_attn.q_proj': Linear(in_features=2048, out_features=2048, bias=False), 'self_attn.k_proj': Linear(in_features=2048, out_features=512, bias=False), 'self_attn.v_proj': Linear(in_features=2048, out_features=512, bias=False)}, 'prev_op': [LlamaRMSNorm((2048,), eps=1e-05)], 'input': ['self_attn.q_proj'], 'inspect': LlamaAttention(
  (q_proj): Linear(in_features=2048, out_features=2048, bias=False)
  (k_proj): Linear(in_features=2048, out_features=512, bias=False)
  (v_proj): Linear(in_features=2048, out_features=512, bias=False)
  (o_proj): Linear(in_features=2048, out_features=2048, bias=False)
), 'has_kwargs': True}
2026-07-26 13:56:54.728 | INFO     | llmc.compression.quantization.gptq:update_layer_with_transformed_weights:184 - error 4351.158203125
2026-07-26 13:56:54.728 | INFO     | llmc.compression.quantization.gptq:update_layer_with_transformed_weights:184 - error 4351.158203125
2026-07-26 13:56:55.561 | INFO     | llmc.compression.quantization.gptq:update_layer_with_transformed_weights:184 - error 2759.4775390625
2026-07-26 13:56:55.561 | INFO     | llmc.compression.quantization.gptq:update_layer_with_transformed_weights:184 - error 2759.4775390625
2026-07-26 13:56:56.347 | INFO     | llmc.compression.quantization.gptq:update_layer_with_transformed_weights:184 - error 306.1952819824219
2026-07-26 13:56:56.347 | INFO     | llmc.compression.quantization.gptq:update_layer_with_transformed_weights:184 - error 306.1952819824219
2026-07-26 13:56:56.348 | INFO     | llmc.models.base_model:replace_module_subset:432 - replace >>> self_attn.q_proj in 6-th block
2026-07-26 13:56:56.348 | INFO     | llmc.models.base_model:replace_module_subset:432 - replace >>> self_attn.q_proj in 6-th block
2026-07-26 13:56:56.349 | INFO     | llmc.models.base_model:replace_module_subset:432 - replace >>> self_attn.k_proj in 6-th block
2026-07-26 13:56:56.349 | INFO     | llmc.models.base_model:replace_module_subset:432 - replace >>> self_attn.k_proj in 6-th block
2026-07-26 13:56:56.349 | INFO     | llmc.models.base_model:replace_module_subset:432 - replace >>> self_attn.v_proj in 6-th block
2026-07-26 13:56:56.349 | INFO     | llmc.models.base_model:replace_module_subset:432 - replace >>> self_attn.v_proj in 6-th block
2026-07-26 13:56:57.186 | INFO     | llmc.compression.quantization.base_blockwise_quantization:block_transform:493 - subset: {'layers': {'self_attn.o_proj': Linear(in_features=2048, out_features=2048, bias=False)}, 'prev_op': [Linear(in_features=2048, out_features=512, bias=False)], 'input': ['self_attn.o_proj'], 'inspect': Linear(in_features=2048, out_features=2048, bias=False), 'has_kwargs': False}
2026-07-26 13:56:57.186 | INFO     | llmc.compression.quantization.base_blockwise_quantization:block_transform:493 - subset: {'layers': {'self_attn.o_proj': Linear(in_features=2048, out_features=2048, bias=False)}, 'prev_op': [Linear(in_features=2048, out_features=512, bias=False)], 'input': ['self_attn.o_proj'], 'inspect': Linear(in_features=2048, out_features=2048, bias=False), 'has_kwargs': False}
2026-07-26 13:56:57.619 | INFO     | llmc.compression.quantization.gptq:update_layer_with_transformed_weights:184 - error 50.132423400878906
2026-07-26 13:56:57.619 | INFO     | llmc.compression.quantization.gptq:update_layer_with_transformed_weights:184 - error 50.132423400878906
2026-07-26 13:56:57.632 | INFO     | llmc.models.base_model:replace_module_subset:432 - replace >>> self_attn.o_proj in 6-th block
2026-07-26 13:56:57.632 | INFO     | llmc.models.base_model:replace_module_subset:432 - replace >>> self_attn.o_proj in 6-th block
2026-07-26 13:56:58.402 | INFO     | llmc.compression.quantization.base_blockwise_quantization:block_transform:493 - subset: {'layers': {'mlp.gate_proj': Linear(in_features=2048, out_features=8192, bias=False), 'mlp.up_proj': Linear(in_features=2048, out_features=8192, bias=False)}, 'prev_op': [LlamaRMSNorm((2048,), eps=1e-05)], 'input': ['mlp.gate_proj'], 'inspect': LlamaMLP(
  (gate_proj): Linear(in_features=2048, out_features=8192, bias=False)
  (up_proj): Linear(in_features=2048, out_features=8192, bias=False)
  (down_proj): Linear(in_features=8192, out_features=2048, bias=False)
  (act_fn): SiLUActivation()
), 'has_kwargs': False, 'is_mlp': True}
2026-07-26 13:56:58.402 | INFO     | llmc.compression.quantization.base_blockwise_quantization:block_transform:493 - subset: {'layers': {'mlp.gate_proj': Linear(in_features=2048, out_features=8192, bias=False), 'mlp.up_proj': Linear(in_features=2048, out_features=8192, bias=False)}, 'prev_op': [LlamaRMSNorm((2048,), eps=1e-05)], 'input': ['mlp.gate_proj'], 'inspect': LlamaMLP(
  (gate_proj): Linear(in_features=2048, out_features=8192, bias=False)
  (up_proj): Linear(in_features=2048, out_features=8192, bias=False)
  (down_proj): Linear(in_features=8192, out_features=2048, bias=False)
  (act_fn): SiLUActivation()
), 'has_kwargs': False, 'is_mlp': True}
2026-07-26 13:56:58.832 | INFO     | llmc.compression.quantization.gptq:update_layer_with_transformed_weights:184 - error 7690.70703125
2026-07-26 13:56:58.832 | INFO     | llmc.compression.quantization.gptq:update_layer_with_transformed_weights:184 - error 7690.70703125
2026-07-26 13:56:59.287 | INFO     | llmc.compression.quantization.gptq:update_layer_with_transformed_weights:184 - error 4212.90869140625
2026-07-26 13:56:59.287 | INFO     | llmc.compression.quantization.gptq:update_layer_with_transformed_weights:184 - error 4212.90869140625
2026-07-26 13:56:59.291 | INFO     | llmc.models.base_model:replace_module_subset:432 - replace >>> mlp.gate_proj in 6-th block
2026-07-26 13:56:59.291 | INFO     | llmc.models.base_model:replace_module_subset:432 - replace >>> mlp.gate_proj in 6-th block
2026-07-26 13:56:59.291 | INFO     | llmc.models.base_model:replace_module_subset:432 - replace >>> mlp.up_proj in 6-th block
2026-07-26 13:56:59.291 | INFO     | llmc.models.base_model:replace_module_subset:432 - replace >>> mlp.up_proj in 6-th block
2026-07-26 13:57:01.276 | INFO     | llmc.compression.quantization.base_blockwise_quantization:block_transform:493 - subset: {'layers': {'mlp.down_proj': Linear(in_features=8192, out_features=2048, bias=False)}, 'prev_op': [Linear(in_features=2048, out_features=8192, bias=False)], 'input': ['mlp.down_proj'], 'inspect': Linear(in_features=8192, out_features=2048, bias=False), 'has_kwargs': False, 'is_mlp': True}
2026-07-26 13:57:01.276 | INFO     | llmc.compression.quantization.base_blockwise_quantization:block_transform:493 - subset: {'layers': {'mlp.down_proj': Linear(in_features=8192, out_features=2048, bias=False)}, 'prev_op': [Linear(in_features=2048, out_features=8192, bias=False)], 'input': ['mlp.down_proj'], 'inspect': Linear(in_features=8192, out_features=2048, bias=False), 'has_kwargs': False, 'is_mlp': True}
2026-07-26 13:57:03.145 | INFO     | llmc.compression.quantization.gptq:update_layer_with_transformed_weights:184 - error 81.30523681640625
2026-07-26 13:57:03.145 | INFO     | llmc.compression.quantization.gptq:update_layer_with_transformed_weights:184 - error 81.30523681640625
2026-07-26 13:57:03.163 | INFO     | llmc.compression.quantization.base_blockwise_quantization:block_transform:523 - End transform the 6-th block
2026-07-26 13:57:03.163 | INFO     | llmc.compression.quantization.base_blockwise_quantization:block_transform:523 - End transform the 6-th block
2026-07-26 13:57:03.163 | INFO     | llmc.models.base_model:replace_module_subset:432 - replace >>> self_attn.q_proj in 6-th block
2026-07-26 13:57:03.163 | INFO     | llmc.models.base_model:replace_module_subset:432 - replace >>> self_attn.q_proj in 6-th block
2026-07-26 13:57:03.163 | INFO     | llmc.models.base_model:replace_module_subset:432 - replace >>> self_attn.k_proj in 6-th block
2026-07-26 13:57:03.163 | INFO     | llmc.models.base_model:replace_module_subset:432 - replace >>> self_attn.k_proj in 6-th block
2026-07-26 13:57:03.163 | INFO     | llmc.models.base_model:replace_module_subset:432 - replace >>> self_attn.v_proj in 6-th block
2026-07-26 13:57:03.163 | INFO     | llmc.models.base_model:replace_module_subset:432 - replace >>> self_attn.v_proj in 6-th block
2026-07-26 13:57:03.163 | INFO     | llmc.models.base_model:replace_module_subset:432 - replace >>> self_attn.o_proj in 6-th block
2026-07-26 13:57:03.163 | INFO     | llmc.models.base_model:replace_module_subset:432 - replace >>> self_attn.o_proj in 6-th block
2026-07-26 13:57:03.163 | INFO     | llmc.models.base_model:replace_module_subset:432 - replace >>> mlp.gate_proj in 6-th block
2026-07-26 13:57:03.163 | INFO     | llmc.models.base_model:replace_module_subset:432 - replace >>> mlp.gate_proj in 6-th block
2026-07-26 13:57:03.163 | INFO     | llmc.models.base_model:replace_module_subset:432 - replace >>> mlp.up_proj in 6-th block
2026-07-26 13:57:03.163 | INFO     | llmc.models.base_model:replace_module_subset:432 - replace >>> mlp.up_proj in 6-th block
2026-07-26 13:57:03.163 | INFO     | llmc.models.base_model:replace_module_subset:432 - replace >>> mlp.down_proj in 6-th block
2026-07-26 13:57:03.163 | INFO     | llmc.models.base_model:replace_module_subset:432 - replace >>> mlp.down_proj in 6-th block
2026-07-26 13:57:04.123 | INFO     | llmc.compression.blockwise_optimization:run_block_loop:36 - 
block index: 7/16 
block: LlamaDecoderLayer(
  (self_attn): LlamaAttention(
    (q_proj): Linear(in_features=2048, out_features=2048, bias=False)
    (k_proj): Linear(in_features=2048, out_features=512, bias=False)
    (v_proj): Linear(in_features=2048, out_features=512, bias=False)
    (o_proj): Linear(in_features=2048, out_features=2048, bias=False)
  )
  (mlp): LlamaMLP(
    (gate_proj): Linear(in_features=2048, out_features=8192, bias=False)
    (up_proj): Linear(in_features=2048, out_features=8192, bias=False)
    (down_proj): Linear(in_features=8192, out_features=2048, bias=False)
    (act_fn): SiLUActivation()
  )
  (input_layernorm): LlamaRMSNorm((2048,), eps=1e-05)
  (post_attention_layernorm): LlamaRMSNorm((2048,), eps=1e-05)
)
2026-07-26 13:57:04.123 | INFO     | llmc.compression.blockwise_optimization:run_block_loop:36 - 
block index: 7/16 
block: LlamaDecoderLayer(
  (self_attn): LlamaAttention(
    (q_proj): Linear(in_features=2048, out_features=2048, bias=False)
    (k_proj): Linear(in_features=2048, out_features=512, bias=False)
    (v_proj): Linear(in_features=2048, out_features=512, bias=False)
    (o_proj): Linear(in_features=2048, out_features=2048, bias=False)
  )
  (mlp): LlamaMLP(
    (gate_proj): Linear(in_features=2048, out_features=8192, bias=False)
    (up_proj): Linear(in_features=2048, out_features=8192, bias=False)
    (down_proj): Linear(in_features=8192, out_features=2048, bias=False)
    (act_fn): SiLUActivation()
  )
  (input_layernorm): LlamaRMSNorm((2048,), eps=1e-05)
  (post_attention_layernorm): LlamaRMSNorm((2048,), eps=1e-05)
)
2026-07-26 13:57:04.141 | INFO     | llmc.compression.quantization.base_blockwise_quantization:block_opt:416 - input_feat_modules: {'self_attn.q_proj': Linear(in_features=2048, out_features=2048, bias=False), 'self_attn.k_proj': Linear(in_features=2048, out_features=512, bias=False), 'self_attn.v_proj': Linear(in_features=2048, out_features=512, bias=False), 'self_attn.o_proj': Linear(in_features=2048, out_features=2048, bias=False), 'mlp.gate_proj': Linear(in_features=2048, out_features=8192, bias=False), 'mlp.up_proj': Linear(in_features=2048, out_features=8192, bias=False), 'mlp.down_proj': Linear(in_features=8192, out_features=2048, bias=False)}
2026-07-26 13:57:04.141 | INFO     | llmc.compression.quantization.base_blockwise_quantization:block_opt:416 - input_feat_modules: {'self_attn.q_proj': Linear(in_features=2048, out_features=2048, bias=False), 'self_attn.k_proj': Linear(in_features=2048, out_features=512, bias=False), 'self_attn.v_proj': Linear(in_features=2048, out_features=512, bias=False), 'self_attn.o_proj': Linear(in_features=2048, out_features=2048, bias=False), 'mlp.gate_proj': Linear(in_features=2048, out_features=8192, bias=False), 'mlp.up_proj': Linear(in_features=2048, out_features=8192, bias=False), 'mlp.down_proj': Linear(in_features=8192, out_features=2048, bias=False)}
2026-07-26 13:57:06.600 | INFO     | llmc.compression.quantization.base_blockwise_quantization:block_transform:484 - Start transform the 7-th block
2026-07-26 13:57:06.600 | INFO     | llmc.compression.quantization.base_blockwise_quantization:block_transform:484 - Start transform the 7-th block
2026-07-26 13:57:06.600 | INFO     | llmc.compression.quantization.base_blockwise_quantization:block_transform:493 - subset: {'layers': {'self_attn.q_proj': Linear(in_features=2048, out_features=2048, bias=False), 'self_attn.k_proj': Linear(in_features=2048, out_features=512, bias=False), 'self_attn.v_proj': Linear(in_features=2048, out_features=512, bias=False)}, 'prev_op': [LlamaRMSNorm((2048,), eps=1e-05)], 'input': ['self_attn.q_proj'], 'inspect': LlamaAttention(
  (q_proj): Linear(in_features=2048, out_features=2048, bias=False)
  (k_proj): Linear(in_features=2048, out_features=512, bias=False)
  (v_proj): Linear(in_features=2048, out_features=512, bias=False)
  (o_proj): Linear(in_features=2048, out_features=2048, bias=False)
), 'has_kwargs': True}
2026-07-26 13:57:06.600 | INFO     | llmc.compression.quantization.base_blockwise_quantization:block_transform:493 - subset: {'layers': {'self_attn.q_proj': Linear(in_features=2048, out_features=2048, bias=False), 'self_attn.k_proj': Linear(in_features=2048, out_features=512, bias=False), 'self_attn.v_proj': Linear(in_features=2048, out_features=512, bias=False)}, 'prev_op': [LlamaRMSNorm((2048,), eps=1e-05)], 'input': ['self_attn.q_proj'], 'inspect': LlamaAttention(
  (q_proj): Linear(in_features=2048, out_features=2048, bias=False)
  (k_proj): Linear(in_features=2048, out_features=512, bias=False)
  (v_proj): Linear(in_features=2048, out_features=512, bias=False)
  (o_proj): Linear(in_features=2048, out_features=2048, bias=False)
), 'has_kwargs': True}
2026-07-26 13:57:07.046 | INFO     | llmc.compression.quantization.gptq:update_layer_with_transformed_weights:184 - error 5253.29052734375
2026-07-26 13:57:07.046 | INFO     | llmc.compression.quantization.gptq:update_layer_with_transformed_weights:184 - error 5253.29052734375
2026-07-26 13:57:07.489 | INFO     | llmc.compression.quantization.gptq:update_layer_with_transformed_weights:184 - error 2799.098388671875
2026-07-26 13:57:07.489 | INFO     | llmc.compression.quantization.gptq:update_layer_with_transformed_weights:184 - error 2799.098388671875
2026-07-26 13:57:07.945 | INFO     | llmc.compression.quantization.gptq:update_layer_with_transformed_weights:184 - error 354.30023193359375
2026-07-26 13:57:07.945 | INFO     | llmc.compression.quantization.gptq:update_layer_with_transformed_weights:184 - error 354.30023193359375
2026-07-26 13:57:07.946 | INFO     | llmc.models.base_model:replace_module_subset:432 - replace >>> self_attn.q_proj in 7-th block
2026-07-26 13:57:07.946 | INFO     | llmc.models.base_model:replace_module_subset:432 - replace >>> self_attn.q_proj in 7-th block
2026-07-26 13:57:07.946 | INFO     | llmc.models.base_model:replace_module_subset:432 - replace >>> self_attn.k_proj in 7-th block
2026-07-26 13:57:07.946 | INFO     | llmc.models.base_model:replace_module_subset:432 - replace >>> self_attn.k_proj in 7-th block
2026-07-26 13:57:07.946 | INFO     | llmc.models.base_model:replace_module_subset:432 - replace >>> self_attn.v_proj in 7-th block
2026-07-26 13:57:07.946 | INFO     | llmc.models.base_model:replace_module_subset:432 - replace >>> self_attn.v_proj in 7-th block
2026-07-26 13:57:08.670 | INFO     | llmc.compression.quantization.base_blockwise_quantization:block_transform:493 - subset: {'layers': {'self_attn.o_proj': Linear(in_features=2048, out_features=2048, bias=False)}, 'prev_op': [Linear(in_features=2048, out_features=512, bias=False)], 'input': ['self_attn.o_proj'], 'inspect': Linear(in_features=2048, out_features=2048, bias=False), 'has_kwargs': False}
2026-07-26 13:57:08.670 | INFO     | llmc.compression.quantization.base_blockwise_quantization:block_transform:493 - subset: {'layers': {'self_attn.o_proj': Linear(in_features=2048, out_features=2048, bias=False)}, 'prev_op': [Linear(in_features=2048, out_features=512, bias=False)], 'input': ['self_attn.o_proj'], 'inspect': Linear(in_features=2048, out_features=2048, bias=False), 'has_kwargs': False}
2026-07-26 13:57:09.118 | INFO     | llmc.compression.quantization.gptq:update_layer_with_transformed_weights:184 - error 46.16407012939453
2026-07-26 13:57:09.118 | INFO     | llmc.compression.quantization.gptq:update_layer_with_transformed_weights:184 - error 46.16407012939453
2026-07-26 13:57:09.122 | INFO     | llmc.models.base_model:replace_module_subset:432 - replace >>> self_attn.o_proj in 7-th block
2026-07-26 13:57:09.122 | INFO     | llmc.models.base_model:replace_module_subset:432 - replace >>> self_attn.o_proj in 7-th block
2026-07-26 13:57:09.934 | INFO     | llmc.compression.quantization.base_blockwise_quantization:block_transform:493 - subset: {'layers': {'mlp.gate_proj': Linear(in_features=2048, out_features=8192, bias=False), 'mlp.up_proj': Linear(in_features=2048, out_features=8192, bias=False)}, 'prev_op': [LlamaRMSNorm((2048,), eps=1e-05)], 'input': ['mlp.gate_proj'], 'inspect': LlamaMLP(
  (gate_proj): Linear(in_features=2048, out_features=8192, bias=False)
  (up_proj): Linear(in_features=2048, out_features=8192, bias=False)
  (down_proj): Linear(in_features=8192, out_features=2048, bias=False)
  (act_fn): SiLUActivation()
), 'has_kwargs': False, 'is_mlp': True}
2026-07-26 13:57:09.934 | INFO     | llmc.compression.quantization.base_blockwise_quantization:block_transform:493 - subset: {'layers': {'mlp.gate_proj': Linear(in_features=2048, out_features=8192, bias=False), 'mlp.up_proj': Linear(in_features=2048, out_features=8192, bias=False)}, 'prev_op': [LlamaRMSNorm((2048,), eps=1e-05)], 'input': ['mlp.gate_proj'], 'inspect': LlamaMLP(
  (gate_proj): Linear(in_features=2048, out_features=8192, bias=False)
  (up_proj): Linear(in_features=2048, out_features=8192, bias=False)
  (down_proj): Linear(in_features=8192, out_features=2048, bias=False)
  (act_fn): SiLUActivation()
), 'has_kwargs': False, 'is_mlp': True}
2026-07-26 13:57:10.381 | INFO     | llmc.compression.quantization.gptq:update_layer_with_transformed_weights:184 - error 7164.1103515625
2026-07-26 13:57:10.381 | INFO     | llmc.compression.quantization.gptq:update_layer_with_transformed_weights:184 - error 7164.1103515625
2026-07-26 13:57:10.832 | INFO     | llmc.compression.quantization.gptq:update_layer_with_transformed_weights:184 - error 4362.16064453125
2026-07-26 13:57:10.832 | INFO     | llmc.compression.quantization.gptq:update_layer_with_transformed_weights:184 - error 4362.16064453125
2026-07-26 13:57:10.835 | INFO     | llmc.models.base_model:replace_module_subset:432 - replace >>> mlp.gate_proj in 7-th block
2026-07-26 13:57:10.835 | INFO     | llmc.models.base_model:replace_module_subset:432 - replace >>> mlp.gate_proj in 7-th block
2026-07-26 13:57:10.835 | INFO     | llmc.models.base_model:replace_module_subset:432 - replace >>> mlp.up_proj in 7-th block
2026-07-26 13:57:10.835 | INFO     | llmc.models.base_model:replace_module_subset:432 - replace >>> mlp.up_proj in 7-th block
2026-07-26 13:57:12.837 | INFO     | llmc.compression.quantization.base_blockwise_quantization:block_transform:493 - subset: {'layers': {'mlp.down_proj': Linear(in_features=8192, out_features=2048, bias=False)}, 'prev_op': [Linear(in_features=2048, out_features=8192, bias=False)], 'input': ['mlp.down_proj'], 'inspect': Linear(in_features=8192, out_features=2048, bias=False), 'has_kwargs': False, 'is_mlp': True}
2026-07-26 13:57:12.837 | INFO     | llmc.compression.quantization.base_blockwise_quantization:block_transform:493 - subset: {'layers': {'mlp.down_proj': Linear(in_features=8192, out_features=2048, bias=False)}, 'prev_op': [Linear(in_features=2048, out_features=8192, bias=False)], 'input': ['mlp.down_proj'], 'inspect': Linear(in_features=8192, out_features=2048, bias=False), 'has_kwargs': False, 'is_mlp': True}
2026-07-26 13:57:14.649 | INFO     | llmc.compression.quantization.gptq:update_layer_with_transformed_weights:184 - error 89.73565673828125
2026-07-26 13:57:14.649 | INFO     | llmc.compression.quantization.gptq:update_layer_with_transformed_weights:184 - error 89.73565673828125
2026-07-26 13:57:14.661 | INFO     | llmc.compression.quantization.base_blockwise_quantization:block_transform:523 - End transform the 7-th block
2026-07-26 13:57:14.661 | INFO     | llmc.compression.quantization.base_blockwise_quantization:block_transform:523 - End transform the 7-th block
2026-07-26 13:57:14.662 | INFO     | llmc.models.base_model:replace_module_subset:432 - replace >>> self_attn.q_proj in 7-th block
2026-07-26 13:57:14.662 | INFO     | llmc.models.base_model:replace_module_subset:432 - replace >>> self_attn.q_proj in 7-th block
2026-07-26 13:57:14.662 | INFO     | llmc.models.base_model:replace_module_subset:432 - replace >>> self_attn.k_proj in 7-th block
2026-07-26 13:57:14.662 | INFO     | llmc.models.base_model:replace_module_subset:432 - replace >>> self_attn.k_proj in 7-th block
2026-07-26 13:57:14.662 | INFO     | llmc.models.base_model:replace_module_subset:432 - replace >>> self_attn.v_proj in 7-th block
2026-07-26 13:57:14.662 | INFO     | llmc.models.base_model:replace_module_subset:432 - replace >>> self_attn.v_proj in 7-th block
2026-07-26 13:57:14.662 | INFO     | llmc.models.base_model:replace_module_subset:432 - replace >>> self_attn.o_proj in 7-th block
2026-07-26 13:57:14.662 | INFO     | llmc.models.base_model:replace_module_subset:432 - replace >>> self_attn.o_proj in 7-th block
2026-07-26 13:57:14.662 | INFO     | llmc.models.base_model:replace_module_subset:432 - replace >>> mlp.gate_proj in 7-th block
2026-07-26 13:57:14.662 | INFO     | llmc.models.base_model:replace_module_subset:432 - replace >>> mlp.gate_proj in 7-th block
2026-07-26 13:57:14.662 | INFO     | llmc.models.base_model:replace_module_subset:432 - replace >>> mlp.up_proj in 7-th block
2026-07-26 13:57:14.662 | INFO     | llmc.models.base_model:replace_module_subset:432 - replace >>> mlp.up_proj in 7-th block
2026-07-26 13:57:14.662 | INFO     | llmc.models.base_model:replace_module_subset:432 - replace >>> mlp.down_proj in 7-th block
2026-07-26 13:57:14.662 | INFO     | llmc.models.base_model:replace_module_subset:432 - replace >>> mlp.down_proj in 7-th block
2026-07-26 13:57:15.661 | INFO     | llmc.compression.blockwise_optimization:run_block_loop:36 - 
block index: 8/16 
block: LlamaDecoderLayer(
  (self_attn): LlamaAttention(
    (q_proj): Linear(in_features=2048, out_features=2048, bias=False)
    (k_proj): Linear(in_features=2048, out_features=512, bias=False)
    (v_proj): Linear(in_features=2048, out_features=512, bias=False)
    (o_proj): Linear(in_features=2048, out_features=2048, bias=False)
  )
  (mlp): LlamaMLP(
    (gate_proj): Linear(in_features=2048, out_features=8192, bias=False)
    (up_proj): Linear(in_features=2048, out_features=8192, bias=False)
    (down_proj): Linear(in_features=8192, out_features=2048, bias=False)
    (act_fn): SiLUActivation()
  )
  (input_layernorm): LlamaRMSNorm((2048,), eps=1e-05)
  (post_attention_layernorm): LlamaRMSNorm((2048,), eps=1e-05)
)
2026-07-26 13:57:15.661 | INFO     | llmc.compression.blockwise_optimization:run_block_loop:36 - 
block index: 8/16 
block: LlamaDecoderLayer(
  (self_attn): LlamaAttention(
    (q_proj): Linear(in_features=2048, out_features=2048, bias=False)
    (k_proj): Linear(in_features=2048, out_features=512, bias=False)
    (v_proj): Linear(in_features=2048, out_features=512, bias=False)
    (o_proj): Linear(in_features=2048, out_features=2048, bias=False)
  )
  (mlp): LlamaMLP(
    (gate_proj): Linear(in_features=2048, out_features=8192, bias=False)
    (up_proj): Linear(in_features=2048, out_features=8192, bias=False)
    (down_proj): Linear(in_features=8192, out_features=2048, bias=False)
    (act_fn): SiLUActivation()
  )
  (input_layernorm): LlamaRMSNorm((2048,), eps=1e-05)
  (post_attention_layernorm): LlamaRMSNorm((2048,), eps=1e-05)
)
2026-07-26 13:57:15.677 | INFO     | llmc.compression.quantization.base_blockwise_quantization:block_opt:416 - input_feat_modules: {'self_attn.q_proj': Linear(in_features=2048, out_features=2048, bias=False), 'self_attn.k_proj': Linear(in_features=2048, out_features=512, bias=False), 'self_attn.v_proj': Linear(in_features=2048, out_features=512, bias=False), 'self_attn.o_proj': Linear(in_features=2048, out_features=2048, bias=False), 'mlp.gate_proj': Linear(in_features=2048, out_features=8192, bias=False), 'mlp.up_proj': Linear(in_features=2048, out_features=8192, bias=False), 'mlp.down_proj': Linear(in_features=8192, out_features=2048, bias=False)}
2026-07-26 13:57:15.677 | INFO     | llmc.compression.quantization.base_blockwise_quantization:block_opt:416 - input_feat_modules: {'self_attn.q_proj': Linear(in_features=2048, out_features=2048, bias=False), 'self_attn.k_proj': Linear(in_features=2048, out_features=512, bias=False), 'self_attn.v_proj': Linear(in_features=2048, out_features=512, bias=False), 'self_attn.o_proj': Linear(in_features=2048, out_features=2048, bias=False), 'mlp.gate_proj': Linear(in_features=2048, out_features=8192, bias=False), 'mlp.up_proj': Linear(in_features=2048, out_features=8192, bias=False), 'mlp.down_proj': Linear(in_features=8192, out_features=2048, bias=False)}
2026-07-26 13:57:18.128 | INFO     | llmc.compression.quantization.base_blockwise_quantization:block_transform:484 - Start transform the 8-th block
2026-07-26 13:57:18.128 | INFO     | llmc.compression.quantization.base_blockwise_quantization:block_transform:484 - Start transform the 8-th block
2026-07-26 13:57:18.128 | INFO     | llmc.compression.quantization.base_blockwise_quantization:block_transform:493 - subset: {'layers': {'self_attn.q_proj': Linear(in_features=2048, out_features=2048, bias=False), 'self_attn.k_proj': Linear(in_features=2048, out_features=512, bias=False), 'self_attn.v_proj': Linear(in_features=2048, out_features=512, bias=False)}, 'prev_op': [LlamaRMSNorm((2048,), eps=1e-05)], 'input': ['self_attn.q_proj'], 'inspect': LlamaAttention(
  (q_proj): Linear(in_features=2048, out_features=2048, bias=False)
  (k_proj): Linear(in_features=2048, out_features=512, bias=False)
  (v_proj): Linear(in_features=2048, out_features=512, bias=False)
  (o_proj): Linear(in_features=2048, out_features=2048, bias=False)
), 'has_kwargs': True}
2026-07-26 13:57:18.128 | INFO     | llmc.compression.quantization.base_blockwise_quantization:block_transform:493 - subset: {'layers': {'self_attn.q_proj': Linear(in_features=2048, out_features=2048, bias=False), 'self_attn.k_proj': Linear(in_features=2048, out_features=512, bias=False), 'self_attn.v_proj': Linear(in_features=2048, out_features=512, bias=False)}, 'prev_op': [LlamaRMSNorm((2048,), eps=1e-05)], 'input': ['self_attn.q_proj'], 'inspect': LlamaAttention(
  (q_proj): Linear(in_features=2048, out_features=2048, bias=False)
  (k_proj): Linear(in_features=2048, out_features=512, bias=False)
  (v_proj): Linear(in_features=2048, out_features=512, bias=False)
  (o_proj): Linear(in_features=2048, out_features=2048, bias=False)
), 'has_kwargs': True}
2026-07-26 13:57:18.578 | INFO     | llmc.compression.quantization.gptq:update_layer_with_transformed_weights:184 - error 5479.07861328125
2026-07-26 13:57:18.578 | INFO     | llmc.compression.quantization.gptq:update_layer_with_transformed_weights:184 - error 5479.07861328125
2026-07-26 13:57:19.024 | INFO     | llmc.compression.quantization.gptq:update_layer_with_transformed_weights:184 - error 3347.1337890625
2026-07-26 13:57:19.024 | INFO     | llmc.compression.quantization.gptq:update_layer_with_transformed_weights:184 - error 3347.1337890625
2026-07-26 13:57:19.473 | INFO     | llmc.compression.quantization.gptq:update_layer_with_transformed_weights:184 - error 335.014404296875
2026-07-26 13:57:19.473 | INFO     | llmc.compression.quantization.gptq:update_layer_with_transformed_weights:184 - error 335.014404296875
2026-07-26 13:57:19.474 | INFO     | llmc.models.base_model:replace_module_subset:432 - replace >>> self_attn.q_proj in 8-th block
2026-07-26 13:57:19.474 | INFO     | llmc.models.base_model:replace_module_subset:432 - replace >>> self_attn.q_proj in 8-th block
2026-07-26 13:57:19.475 | INFO     | llmc.models.base_model:replace_module_subset:432 - replace >>> self_attn.k_proj in 8-th block
2026-07-26 13:57:19.475 | INFO     | llmc.models.base_model:replace_module_subset:432 - replace >>> self_attn.k_proj in 8-th block
2026-07-26 13:57:19.475 | INFO     | llmc.models.base_model:replace_module_subset:432 - replace >>> self_attn.v_proj in 8-th block
2026-07-26 13:57:19.475 | INFO     | llmc.models.base_model:replace_module_subset:432 - replace >>> self_attn.v_proj in 8-th block
2026-07-26 13:57:20.196 | INFO     | llmc.compression.quantization.base_blockwise_quantization:block_transform:493 - subset: {'layers': {'self_attn.o_proj': Linear(in_features=2048, out_features=2048, bias=False)}, 'prev_op': [Linear(in_features=2048, out_features=512, bias=False)], 'input': ['self_attn.o_proj'], 'inspect': Linear(in_features=2048, out_features=2048, bias=False), 'has_kwargs': False}
2026-07-26 13:57:20.196 | INFO     | llmc.compression.quantization.base_blockwise_quantization:block_transform:493 - subset: {'layers': {'self_attn.o_proj': Linear(in_features=2048, out_features=2048, bias=False)}, 'prev_op': [Linear(in_features=2048, out_features=512, bias=False)], 'input': ['self_attn.o_proj'], 'inspect': Linear(in_features=2048, out_features=2048, bias=False), 'has_kwargs': False}
2026-07-26 13:57:20.635 | INFO     | llmc.compression.quantization.gptq:update_layer_with_transformed_weights:184 - error 64.88400268554688
2026-07-26 13:57:20.635 | INFO     | llmc.compression.quantization.gptq:update_layer_with_transformed_weights:184 - error 64.88400268554688
2026-07-26 13:57:20.648 | INFO     | llmc.models.base_model:replace_module_subset:432 - replace >>> self_attn.o_proj in 8-th block
2026-07-26 13:57:20.648 | INFO     | llmc.models.base_model:replace_module_subset:432 - replace >>> self_attn.o_proj in 8-th block
2026-07-26 13:57:21.454 | INFO     | llmc.compression.quantization.base_blockwise_quantization:block_transform:493 - subset: {'layers': {'mlp.gate_proj': Linear(in_features=2048, out_features=8192, bias=False), 'mlp.up_proj': Linear(in_features=2048, out_features=8192, bias=False)}, 'prev_op': [LlamaRMSNorm((2048,), eps=1e-05)], 'input': ['mlp.gate_proj'], 'inspect': LlamaMLP(
  (gate_proj): Linear(in_features=2048, out_features=8192, bias=False)
  (up_proj): Linear(in_features=2048, out_features=8192, bias=False)
  (down_proj): Linear(in_features=8192, out_features=2048, bias=False)
  (act_fn): SiLUActivation()
), 'has_kwargs': False, 'is_mlp': True}
2026-07-26 13:57:21.454 | INFO     | llmc.compression.quantization.base_blockwise_quantization:block_transform:493 - subset: {'layers': {'mlp.gate_proj': Linear(in_features=2048, out_features=8192, bias=False), 'mlp.up_proj': Linear(in_features=2048, out_features=8192, bias=False)}, 'prev_op': [LlamaRMSNorm((2048,), eps=1e-05)], 'input': ['mlp.gate_proj'], 'inspect': LlamaMLP(
  (gate_proj): Linear(in_features=2048, out_features=8192, bias=False)
  (up_proj): Linear(in_features=2048, out_features=8192, bias=False)
  (down_proj): Linear(in_features=8192, out_features=2048, bias=False)
  (act_fn): SiLUActivation()
), 'has_kwargs': False, 'is_mlp': True}
2026-07-26 13:57:21.899 | INFO     | llmc.compression.quantization.gptq:update_layer_with_transformed_weights:184 - error 7775.64453125
2026-07-26 13:57:21.899 | INFO     | llmc.compression.quantization.gptq:update_layer_with_transformed_weights:184 - error 7775.64453125
2026-07-26 13:57:22.369 | INFO     | llmc.compression.quantization.gptq:update_layer_with_transformed_weights:184 - error 4852.2666015625
2026-07-26 13:57:22.369 | INFO     | llmc.compression.quantization.gptq:update_layer_with_transformed_weights:184 - error 4852.2666015625
2026-07-26 13:57:22.373 | INFO     | llmc.models.base_model:replace_module_subset:432 - replace >>> mlp.gate_proj in 8-th block
2026-07-26 13:57:22.373 | INFO     | llmc.models.base_model:replace_module_subset:432 - replace >>> mlp.gate_proj in 8-th block
2026-07-26 13:57:22.373 | INFO     | llmc.models.base_model:replace_module_subset:432 - replace >>> mlp.up_proj in 8-th block
2026-07-26 13:57:22.373 | INFO     | llmc.models.base_model:replace_module_subset:432 - replace >>> mlp.up_proj in 8-th block
2026-07-26 13:57:24.380 | INFO     | llmc.compression.quantization.base_blockwise_quantization:block_transform:493 - subset: {'layers': {'mlp.down_proj': Linear(in_features=8192, out_features=2048, bias=False)}, 'prev_op': [Linear(in_features=2048, out_features=8192, bias=False)], 'input': ['mlp.down_proj'], 'inspect': Linear(in_features=8192, out_features=2048, bias=False), 'has_kwargs': False, 'is_mlp': True}
2026-07-26 13:57:24.380 | INFO     | llmc.compression.quantization.base_blockwise_quantization:block_transform:493 - subset: {'layers': {'mlp.down_proj': Linear(in_features=8192, out_features=2048, bias=False)}, 'prev_op': [Linear(in_features=2048, out_features=8192, bias=False)], 'input': ['mlp.down_proj'], 'inspect': Linear(in_features=8192, out_features=2048, bias=False), 'has_kwargs': False, 'is_mlp': True}
2026-07-26 13:57:26.177 | INFO     | llmc.compression.quantization.gptq:update_layer_with_transformed_weights:184 - error 118.16148376464844
2026-07-26 13:57:26.177 | INFO     | llmc.compression.quantization.gptq:update_layer_with_transformed_weights:184 - error 118.16148376464844
2026-07-26 13:57:26.194 | INFO     | llmc.compression.quantization.base_blockwise_quantization:block_transform:523 - End transform the 8-th block
2026-07-26 13:57:26.194 | INFO     | llmc.compression.quantization.base_blockwise_quantization:block_transform:523 - End transform the 8-th block
2026-07-26 13:57:26.194 | INFO     | llmc.models.base_model:replace_module_subset:432 - replace >>> self_attn.q_proj in 8-th block
2026-07-26 13:57:26.194 | INFO     | llmc.models.base_model:replace_module_subset:432 - replace >>> self_attn.q_proj in 8-th block
2026-07-26 13:57:26.194 | INFO     | llmc.models.base_model:replace_module_subset:432 - replace >>> self_attn.k_proj in 8-th block
2026-07-26 13:57:26.194 | INFO     | llmc.models.base_model:replace_module_subset:432 - replace >>> self_attn.k_proj in 8-th block
2026-07-26 13:57:26.194 | INFO     | llmc.models.base_model:replace_module_subset:432 - replace >>> self_attn.v_proj in 8-th block
2026-07-26 13:57:26.194 | INFO     | llmc.models.base_model:replace_module_subset:432 - replace >>> self_attn.v_proj in 8-th block
2026-07-26 13:57:26.194 | INFO     | llmc.models.base_model:replace_module_subset:432 - replace >>> self_attn.o_proj in 8-th block
2026-07-26 13:57:26.194 | INFO     | llmc.models.base_model:replace_module_subset:432 - replace >>> self_attn.o_proj in 8-th block
2026-07-26 13:57:26.194 | INFO     | llmc.models.base_model:replace_module_subset:432 - replace >>> mlp.gate_proj in 8-th block
2026-07-26 13:57:26.194 | INFO     | llmc.models.base_model:replace_module_subset:432 - replace >>> mlp.gate_proj in 8-th block
2026-07-26 13:57:26.194 | INFO     | llmc.models.base_model:replace_module_subset:432 - replace >>> mlp.up_proj in 8-th block
2026-07-26 13:57:26.194 | INFO     | llmc.models.base_model:replace_module_subset:432 - replace >>> mlp.up_proj in 8-th block
2026-07-26 13:57:26.194 | INFO     | llmc.models.base_model:replace_module_subset:432 - replace >>> mlp.down_proj in 8-th block
2026-07-26 13:57:26.194 | INFO     | llmc.models.base_model:replace_module_subset:432 - replace >>> mlp.down_proj in 8-th block
2026-07-26 13:57:27.185 | INFO     | llmc.compression.blockwise_optimization:run_block_loop:36 - 
block index: 9/16 
block: LlamaDecoderLayer(
  (self_attn): LlamaAttention(
    (q_proj): Linear(in_features=2048, out_features=2048, bias=False)
    (k_proj): Linear(in_features=2048, out_features=512, bias=False)
    (v_proj): Linear(in_features=2048, out_features=512, bias=False)
    (o_proj): Linear(in_features=2048, out_features=2048, bias=False)
  )
  (mlp): LlamaMLP(
    (gate_proj): Linear(in_features=2048, out_features=8192, bias=False)
    (up_proj): Linear(in_features=2048, out_features=8192, bias=False)
    (down_proj): Linear(in_features=8192, out_features=2048, bias=False)
    (act_fn): SiLUActivation()
  )
  (input_layernorm): LlamaRMSNorm((2048,), eps=1e-05)
  (post_attention_layernorm): LlamaRMSNorm((2048,), eps=1e-05)
)
2026-07-26 13:57:27.185 | INFO     | llmc.compression.blockwise_optimization:run_block_loop:36 - 
block index: 9/16 
block: LlamaDecoderLayer(
  (self_attn): LlamaAttention(
    (q_proj): Linear(in_features=2048, out_features=2048, bias=False)
    (k_proj): Linear(in_features=2048, out_features=512, bias=False)
    (v_proj): Linear(in_features=2048, out_features=512, bias=False)
    (o_proj): Linear(in_features=2048, out_features=2048, bias=False)
  )
  (mlp): LlamaMLP(
    (gate_proj): Linear(in_features=2048, out_features=8192, bias=False)
    (up_proj): Linear(in_features=2048, out_features=8192, bias=False)
    (down_proj): Linear(in_features=8192, out_features=2048, bias=False)
    (act_fn): SiLUActivation()
  )
  (input_layernorm): LlamaRMSNorm((2048,), eps=1e-05)
  (post_attention_layernorm): LlamaRMSNorm((2048,), eps=1e-05)
)
2026-07-26 13:57:27.207 | INFO     | llmc.compression.quantization.base_blockwise_quantization:block_opt:416 - input_feat_modules: {'self_attn.q_proj': Linear(in_features=2048, out_features=2048, bias=False), 'self_attn.k_proj': Linear(in_features=2048, out_features=512, bias=False), 'self_attn.v_proj': Linear(in_features=2048, out_features=512, bias=False), 'self_attn.o_proj': Linear(in_features=2048, out_features=2048, bias=False), 'mlp.gate_proj': Linear(in_features=2048, out_features=8192, bias=False), 'mlp.up_proj': Linear(in_features=2048, out_features=8192, bias=False), 'mlp.down_proj': Linear(in_features=8192, out_features=2048, bias=False)}
2026-07-26 13:57:27.207 | INFO     | llmc.compression.quantization.base_blockwise_quantization:block_opt:416 - input_feat_modules: {'self_attn.q_proj': Linear(in_features=2048, out_features=2048, bias=False), 'self_attn.k_proj': Linear(in_features=2048, out_features=512, bias=False), 'self_attn.v_proj': Linear(in_features=2048, out_features=512, bias=False), 'self_attn.o_proj': Linear(in_features=2048, out_features=2048, bias=False), 'mlp.gate_proj': Linear(in_features=2048, out_features=8192, bias=False), 'mlp.up_proj': Linear(in_features=2048, out_features=8192, bias=False), 'mlp.down_proj': Linear(in_features=8192, out_features=2048, bias=False)}
2026-07-26 13:57:29.691 | INFO     | llmc.compression.quantization.base_blockwise_quantization:block_transform:484 - Start transform the 9-th block
2026-07-26 13:57:29.691 | INFO     | llmc.compression.quantization.base_blockwise_quantization:block_transform:484 - Start transform the 9-th block
2026-07-26 13:57:29.691 | INFO     | llmc.compression.quantization.base_blockwise_quantization:block_transform:493 - subset: {'layers': {'self_attn.q_proj': Linear(in_features=2048, out_features=2048, bias=False), 'self_attn.k_proj': Linear(in_features=2048, out_features=512, bias=False), 'self_attn.v_proj': Linear(in_features=2048, out_features=512, bias=False)}, 'prev_op': [LlamaRMSNorm((2048,), eps=1e-05)], 'input': ['self_attn.q_proj'], 'inspect': LlamaAttention(
  (q_proj): Linear(in_features=2048, out_features=2048, bias=False)
  (k_proj): Linear(in_features=2048, out_features=512, bias=False)
  (v_proj): Linear(in_features=2048, out_features=512, bias=False)
  (o_proj): Linear(in_features=2048, out_features=2048, bias=False)
), 'has_kwargs': True}
2026-07-26 13:57:29.691 | INFO     | llmc.compression.quantization.base_blockwise_quantization:block_transform:493 - subset: {'layers': {'self_attn.q_proj': Linear(in_features=2048, out_features=2048, bias=False), 'self_attn.k_proj': Linear(in_features=2048, out_features=512, bias=False), 'self_attn.v_proj': Linear(in_features=2048, out_features=512, bias=False)}, 'prev_op': [LlamaRMSNorm((2048,), eps=1e-05)], 'input': ['self_attn.q_proj'], 'inspect': LlamaAttention(
  (q_proj): Linear(in_features=2048, out_features=2048, bias=False)
  (k_proj): Linear(in_features=2048, out_features=512, bias=False)
  (v_proj): Linear(in_features=2048, out_features=512, bias=False)
  (o_proj): Linear(in_features=2048, out_features=2048, bias=False)
), 'has_kwargs': True}
2026-07-26 13:57:30.189 | INFO     | llmc.compression.quantization.gptq:update_layer_with_transformed_weights:184 - error 6650.796875
2026-07-26 13:57:30.189 | INFO     | llmc.compression.quantization.gptq:update_layer_with_transformed_weights:184 - error 6650.796875
2026-07-26 13:57:30.645 | INFO     | llmc.compression.quantization.gptq:update_layer_with_transformed_weights:184 - error 2718.52294921875
2026-07-26 13:57:30.645 | INFO     | llmc.compression.quantization.gptq:update_layer_with_transformed_weights:184 - error 2718.52294921875
2026-07-26 13:57:31.098 | INFO     | llmc.compression.quantization.gptq:update_layer_with_transformed_weights:184 - error 403.40118408203125
2026-07-26 13:57:31.098 | INFO     | llmc.compression.quantization.gptq:update_layer_with_transformed_weights:184 - error 403.40118408203125
2026-07-26 13:57:31.100 | INFO     | llmc.models.base_model:replace_module_subset:432 - replace >>> self_attn.q_proj in 9-th block
2026-07-26 13:57:31.100 | INFO     | llmc.models.base_model:replace_module_subset:432 - replace >>> self_attn.q_proj in 9-th block
2026-07-26 13:57:31.100 | INFO     | llmc.models.base_model:replace_module_subset:432 - replace >>> self_attn.k_proj in 9-th block
2026-07-26 13:57:31.100 | INFO     | llmc.models.base_model:replace_module_subset:432 - replace >>> self_attn.k_proj in 9-th block
2026-07-26 13:57:31.100 | INFO     | llmc.models.base_model:replace_module_subset:432 - replace >>> self_attn.v_proj in 9-th block
2026-07-26 13:57:31.100 | INFO     | llmc.models.base_model:replace_module_subset:432 - replace >>> self_attn.v_proj in 9-th block
2026-07-26 13:57:31.833 | INFO     | llmc.compression.quantization.base_blockwise_quantization:block_transform:493 - subset: {'layers': {'self_attn.o_proj': Linear(in_features=2048, out_features=2048, bias=False)}, 'prev_op': [Linear(in_features=2048, out_features=512, bias=False)], 'input': ['self_attn.o_proj'], 'inspect': Linear(in_features=2048, out_features=2048, bias=False), 'has_kwargs': False}
2026-07-26 13:57:31.833 | INFO     | llmc.compression.quantization.base_blockwise_quantization:block_transform:493 - subset: {'layers': {'self_attn.o_proj': Linear(in_features=2048, out_features=2048, bias=False)}, 'prev_op': [Linear(in_features=2048, out_features=512, bias=False)], 'input': ['self_attn.o_proj'], 'inspect': Linear(in_features=2048, out_features=2048, bias=False), 'has_kwargs': False}
2026-07-26 13:57:32.292 | INFO     | llmc.compression.quantization.gptq:update_layer_with_transformed_weights:184 - error 81.033203125
2026-07-26 13:57:32.292 | INFO     | llmc.compression.quantization.gptq:update_layer_with_transformed_weights:184 - error 81.033203125
2026-07-26 13:57:32.295 | INFO     | llmc.models.base_model:replace_module_subset:432 - replace >>> self_attn.o_proj in 9-th block
2026-07-26 13:57:32.295 | INFO     | llmc.models.base_model:replace_module_subset:432 - replace >>> self_attn.o_proj in 9-th block
2026-07-26 13:57:33.109 | INFO     | llmc.compression.quantization.base_blockwise_quantization:block_transform:493 - subset: {'layers': {'mlp.gate_proj': Linear(in_features=2048, out_features=8192, bias=False), 'mlp.up_proj': Linear(in_features=2048, out_features=8192, bias=False)}, 'prev_op': [LlamaRMSNorm((2048,), eps=1e-05)], 'input': ['mlp.gate_proj'], 'inspect': LlamaMLP(
  (gate_proj): Linear(in_features=2048, out_features=8192, bias=False)
  (up_proj): Linear(in_features=2048, out_features=8192, bias=False)
  (down_proj): Linear(in_features=8192, out_features=2048, bias=False)
  (act_fn): SiLUActivation()
), 'has_kwargs': False, 'is_mlp': True}
2026-07-26 13:57:33.109 | INFO     | llmc.compression.quantization.base_blockwise_quantization:block_transform:493 - subset: {'layers': {'mlp.gate_proj': Linear(in_features=2048, out_features=8192, bias=False), 'mlp.up_proj': Linear(in_features=2048, out_features=8192, bias=False)}, 'prev_op': [LlamaRMSNorm((2048,), eps=1e-05)], 'input': ['mlp.gate_proj'], 'inspect': LlamaMLP(
  (gate_proj): Linear(in_features=2048, out_features=8192, bias=False)
  (up_proj): Linear(in_features=2048, out_features=8192, bias=False)
  (down_proj): Linear(in_features=8192, out_features=2048, bias=False)
  (act_fn): SiLUActivation()
), 'has_kwargs': False, 'is_mlp': True}
2026-07-26 13:57:33.594 | INFO     | llmc.compression.quantization.gptq:update_layer_with_transformed_weights:184 - error 8401.798828125
2026-07-26 13:57:33.594 | INFO     | llmc.compression.quantization.gptq:update_layer_with_transformed_weights:184 - error 8401.798828125
2026-07-26 13:57:34.085 | INFO     | llmc.compression.quantization.gptq:update_layer_with_transformed_weights:184 - error 5089.712890625
2026-07-26 13:57:34.085 | INFO     | llmc.compression.quantization.gptq:update_layer_with_transformed_weights:184 - error 5089.712890625
2026-07-26 13:57:34.090 | INFO     | llmc.models.base_model:replace_module_subset:432 - replace >>> mlp.gate_proj in 9-th block
2026-07-26 13:57:34.090 | INFO     | llmc.models.base_model:replace_module_subset:432 - replace >>> mlp.gate_proj in 9-th block
2026-07-26 13:57:34.090 | INFO     | llmc.models.base_model:replace_module_subset:432 - replace >>> mlp.up_proj in 9-th block
2026-07-26 13:57:34.090 | INFO     | llmc.models.base_model:replace_module_subset:432 - replace >>> mlp.up_proj in 9-th block
2026-07-26 13:57:36.099 | INFO     | llmc.compression.quantization.base_blockwise_quantization:block_transform:493 - subset: {'layers': {'mlp.down_proj': Linear(in_features=8192, out_features=2048, bias=False)}, 'prev_op': [Linear(in_features=2048, out_features=8192, bias=False)], 'input': ['mlp.down_proj'], 'inspect': Linear(in_features=8192, out_features=2048, bias=False), 'has_kwargs': False, 'is_mlp': True}
2026-07-26 13:57:36.099 | INFO     | llmc.compression.quantization.base_blockwise_quantization:block_transform:493 - subset: {'layers': {'mlp.down_proj': Linear(in_features=8192, out_features=2048, bias=False)}, 'prev_op': [Linear(in_features=2048, out_features=8192, bias=False)], 'input': ['mlp.down_proj'], 'inspect': Linear(in_features=8192, out_features=2048, bias=False), 'has_kwargs': False, 'is_mlp': True}
2026-07-26 13:57:38.026 | INFO     | llmc.compression.quantization.gptq:update_layer_with_transformed_weights:184 - error 141.71853637695312
2026-07-26 13:57:38.026 | INFO     | llmc.compression.quantization.gptq:update_layer_with_transformed_weights:184 - error 141.71853637695312
2026-07-26 13:57:38.040 | INFO     | llmc.compression.quantization.base_blockwise_quantization:block_transform:523 - End transform the 9-th block
2026-07-26 13:57:38.040 | INFO     | llmc.compression.quantization.base_blockwise_quantization:block_transform:523 - End transform the 9-th block
2026-07-26 13:57:38.041 | INFO     | llmc.models.base_model:replace_module_subset:432 - replace >>> self_attn.q_proj in 9-th block
2026-07-26 13:57:38.041 | INFO     | llmc.models.base_model:replace_module_subset:432 - replace >>> self_attn.q_proj in 9-th block
2026-07-26 13:57:38.041 | INFO     | llmc.models.base_model:replace_module_subset:432 - replace >>> self_attn.k_proj in 9-th block
2026-07-26 13:57:38.041 | INFO     | llmc.models.base_model:replace_module_subset:432 - replace >>> self_attn.k_proj in 9-th block
2026-07-26 13:57:38.041 | INFO     | llmc.models.base_model:replace_module_subset:432 - replace >>> self_attn.v_proj in 9-th block
2026-07-26 13:57:38.041 | INFO     | llmc.models.base_model:replace_module_subset:432 - replace >>> self_attn.v_proj in 9-th block
2026-07-26 13:57:38.041 | INFO     | llmc.models.base_model:replace_module_subset:432 - replace >>> self_attn.o_proj in 9-th block
2026-07-26 13:57:38.041 | INFO     | llmc.models.base_model:replace_module_subset:432 - replace >>> self_attn.o_proj in 9-th block
2026-07-26 13:57:38.041 | INFO     | llmc.models.base_model:replace_module_subset:432 - replace >>> mlp.gate_proj in 9-th block
2026-07-26 13:57:38.041 | INFO     | llmc.models.base_model:replace_module_subset:432 - replace >>> mlp.gate_proj in 9-th block
2026-07-26 13:57:38.041 | INFO     | llmc.models.base_model:replace_module_subset:432 - replace >>> mlp.up_proj in 9-th block
2026-07-26 13:57:38.041 | INFO     | llmc.models.base_model:replace_module_subset:432 - replace >>> mlp.up_proj in 9-th block
2026-07-26 13:57:38.041 | INFO     | llmc.models.base_model:replace_module_subset:432 - replace >>> mlp.down_proj in 9-th block
2026-07-26 13:57:38.041 | INFO     | llmc.models.base_model:replace_module_subset:432 - replace >>> mlp.down_proj in 9-th block
2026-07-26 13:57:39.040 | INFO     | llmc.compression.blockwise_optimization:run_block_loop:36 - 
block index: 10/16 
block: LlamaDecoderLayer(
  (self_attn): LlamaAttention(
    (q_proj): Linear(in_features=2048, out_features=2048, bias=False)
    (k_proj): Linear(in_features=2048, out_features=512, bias=False)
    (v_proj): Linear(in_features=2048, out_features=512, bias=False)
    (o_proj): Linear(in_features=2048, out_features=2048, bias=False)
  )
  (mlp): LlamaMLP(
    (gate_proj): Linear(in_features=2048, out_features=8192, bias=False)
    (up_proj): Linear(in_features=2048, out_features=8192, bias=False)
    (down_proj): Linear(in_features=8192, out_features=2048, bias=False)
    (act_fn): SiLUActivation()
  )
  (input_layernorm): LlamaRMSNorm((2048,), eps=1e-05)
  (post_attention_layernorm): LlamaRMSNorm((2048,), eps=1e-05)
)
2026-07-26 13:57:39.040 | INFO     | llmc.compression.blockwise_optimization:run_block_loop:36 - 
block index: 10/16 
block: LlamaDecoderLayer(
  (self_attn): LlamaAttention(
    (q_proj): Linear(in_features=2048, out_features=2048, bias=False)
    (k_proj): Linear(in_features=2048, out_features=512, bias=False)
    (v_proj): Linear(in_features=2048, out_features=512, bias=False)
    (o_proj): Linear(in_features=2048, out_features=2048, bias=False)
  )
  (mlp): LlamaMLP(
    (gate_proj): Linear(in_features=2048, out_features=8192, bias=False)
    (up_proj): Linear(in_features=2048, out_features=8192, bias=False)
    (down_proj): Linear(in_features=8192, out_features=2048, bias=False)
    (act_fn): SiLUActivation()
  )
  (input_layernorm): LlamaRMSNorm((2048,), eps=1e-05)
  (post_attention_layernorm): LlamaRMSNorm((2048,), eps=1e-05)
)
2026-07-26 13:57:39.058 | INFO     | llmc.compression.quantization.base_blockwise_quantization:block_opt:416 - input_feat_modules: {'self_attn.q_proj': Linear(in_features=2048, out_features=2048, bias=False), 'self_attn.k_proj': Linear(in_features=2048, out_features=512, bias=False), 'self_attn.v_proj': Linear(in_features=2048, out_features=512, bias=False), 'self_attn.o_proj': Linear(in_features=2048, out_features=2048, bias=False), 'mlp.gate_proj': Linear(in_features=2048, out_features=8192, bias=False), 'mlp.up_proj': Linear(in_features=2048, out_features=8192, bias=False), 'mlp.down_proj': Linear(in_features=8192, out_features=2048, bias=False)}
2026-07-26 13:57:39.058 | INFO     | llmc.compression.quantization.base_blockwise_quantization:block_opt:416 - input_feat_modules: {'self_attn.q_proj': Linear(in_features=2048, out_features=2048, bias=False), 'self_attn.k_proj': Linear(in_features=2048, out_features=512, bias=False), 'self_attn.v_proj': Linear(in_features=2048, out_features=512, bias=False), 'self_attn.o_proj': Linear(in_features=2048, out_features=2048, bias=False), 'mlp.gate_proj': Linear(in_features=2048, out_features=8192, bias=False), 'mlp.up_proj': Linear(in_features=2048, out_features=8192, bias=False), 'mlp.down_proj': Linear(in_features=8192, out_features=2048, bias=False)}
2026-07-26 13:57:41.566 | INFO     | llmc.compression.quantization.base_blockwise_quantization:block_transform:484 - Start transform the 10-th block
2026-07-26 13:57:41.566 | INFO     | llmc.compression.quantization.base_blockwise_quantization:block_transform:484 - Start transform the 10-th block
2026-07-26 13:57:41.566 | INFO     | llmc.compression.quantization.base_blockwise_quantization:block_transform:493 - subset: {'layers': {'self_attn.q_proj': Linear(in_features=2048, out_features=2048, bias=False), 'self_attn.k_proj': Linear(in_features=2048, out_features=512, bias=False), 'self_attn.v_proj': Linear(in_features=2048, out_features=512, bias=False)}, 'prev_op': [LlamaRMSNorm((2048,), eps=1e-05)], 'input': ['self_attn.q_proj'], 'inspect': LlamaAttention(
  (q_proj): Linear(in_features=2048, out_features=2048, bias=False)
  (k_proj): Linear(in_features=2048, out_features=512, bias=False)
  (v_proj): Linear(in_features=2048, out_features=512, bias=False)
  (o_proj): Linear(in_features=2048, out_features=2048, bias=False)
), 'has_kwargs': True}
2026-07-26 13:57:41.566 | INFO     | llmc.compression.quantization.base_blockwise_quantization:block_transform:493 - subset: {'layers': {'self_attn.q_proj': Linear(in_features=2048, out_features=2048, bias=False), 'self_attn.k_proj': Linear(in_features=2048, out_features=512, bias=False), 'self_attn.v_proj': Linear(in_features=2048, out_features=512, bias=False)}, 'prev_op': [LlamaRMSNorm((2048,), eps=1e-05)], 'input': ['self_attn.q_proj'], 'inspect': LlamaAttention(
  (q_proj): Linear(in_features=2048, out_features=2048, bias=False)
  (k_proj): Linear(in_features=2048, out_features=512, bias=False)
  (v_proj): Linear(in_features=2048, out_features=512, bias=False)
  (o_proj): Linear(in_features=2048, out_features=2048, bias=False)
), 'has_kwargs': True}
2026-07-26 13:57:42.033 | INFO     | llmc.compression.quantization.gptq:update_layer_with_transformed_weights:184 - error 6990.587890625
2026-07-26 13:57:42.033 | INFO     | llmc.compression.quantization.gptq:update_layer_with_transformed_weights:184 - error 6990.587890625
2026-07-26 13:57:42.477 | INFO     | llmc.compression.quantization.gptq:update_layer_with_transformed_weights:184 - error 3311.866455078125
2026-07-26 13:57:42.477 | INFO     | llmc.compression.quantization.gptq:update_layer_with_transformed_weights:184 - error 3311.866455078125
2026-07-26 13:57:42.912 | INFO     | llmc.compression.quantization.gptq:update_layer_with_transformed_weights:184 - error 456.01336669921875
2026-07-26 13:57:42.912 | INFO     | llmc.compression.quantization.gptq:update_layer_with_transformed_weights:184 - error 456.01336669921875
2026-07-26 13:57:42.913 | INFO     | llmc.models.base_model:replace_module_subset:432 - replace >>> self_attn.q_proj in 10-th block
2026-07-26 13:57:42.913 | INFO     | llmc.models.base_model:replace_module_subset:432 - replace >>> self_attn.q_proj in 10-th block
2026-07-26 13:57:42.913 | INFO     | llmc.models.base_model:replace_module_subset:432 - replace >>> self_attn.k_proj in 10-th block
2026-07-26 13:57:42.913 | INFO     | llmc.models.base_model:replace_module_subset:432 - replace >>> self_attn.k_proj in 10-th block
2026-07-26 13:57:42.914 | INFO     | llmc.models.base_model:replace_module_subset:432 - replace >>> self_attn.v_proj in 10-th block
2026-07-26 13:57:42.914 | INFO     | llmc.models.base_model:replace_module_subset:432 - replace >>> self_attn.v_proj in 10-th block
2026-07-26 13:57:43.653 | INFO     | llmc.compression.quantization.base_blockwise_quantization:block_transform:493 - subset: {'layers': {'self_attn.o_proj': Linear(in_features=2048, out_features=2048, bias=False)}, 'prev_op': [Linear(in_features=2048, out_features=512, bias=False)], 'input': ['self_attn.o_proj'], 'inspect': Linear(in_features=2048, out_features=2048, bias=False), 'has_kwargs': False}
2026-07-26 13:57:43.653 | INFO     | llmc.compression.quantization.base_blockwise_quantization:block_transform:493 - subset: {'layers': {'self_attn.o_proj': Linear(in_features=2048, out_features=2048, bias=False)}, 'prev_op': [Linear(in_features=2048, out_features=512, bias=False)], 'input': ['self_attn.o_proj'], 'inspect': Linear(in_features=2048, out_features=2048, bias=False), 'has_kwargs': False}
2026-07-26 13:57:44.166 | INFO     | llmc.compression.quantization.gptq:update_layer_with_transformed_weights:184 - error 59.807342529296875
2026-07-26 13:57:44.166 | INFO     | llmc.compression.quantization.gptq:update_layer_with_transformed_weights:184 - error 59.807342529296875
2026-07-26 13:57:44.180 | INFO     | llmc.models.base_model:replace_module_subset:432 - replace >>> self_attn.o_proj in 10-th block
2026-07-26 13:57:44.180 | INFO     | llmc.models.base_model:replace_module_subset:432 - replace >>> self_attn.o_proj in 10-th block
2026-07-26 13:57:45.025 | INFO     | llmc.compression.quantization.base_blockwise_quantization:block_transform:493 - subset: {'layers': {'mlp.gate_proj': Linear(in_features=2048, out_features=8192, bias=False), 'mlp.up_proj': Linear(in_features=2048, out_features=8192, bias=False)}, 'prev_op': [LlamaRMSNorm((2048,), eps=1e-05)], 'input': ['mlp.gate_proj'], 'inspect': LlamaMLP(
  (gate_proj): Linear(in_features=2048, out_features=8192, bias=False)
  (up_proj): Linear(in_features=2048, out_features=8192, bias=False)
  (down_proj): Linear(in_features=8192, out_features=2048, bias=False)
  (act_fn): SiLUActivation()
), 'has_kwargs': False, 'is_mlp': True}
2026-07-26 13:57:45.025 | INFO     | llmc.compression.quantization.base_blockwise_quantization:block_transform:493 - subset: {'layers': {'mlp.gate_proj': Linear(in_features=2048, out_features=8192, bias=False), 'mlp.up_proj': Linear(in_features=2048, out_features=8192, bias=False)}, 'prev_op': [LlamaRMSNorm((2048,), eps=1e-05)], 'input': ['mlp.gate_proj'], 'inspect': LlamaMLP(
  (gate_proj): Linear(in_features=2048, out_features=8192, bias=False)
  (up_proj): Linear(in_features=2048, out_features=8192, bias=False)
  (down_proj): Linear(in_features=8192, out_features=2048, bias=False)
  (act_fn): SiLUActivation()
), 'has_kwargs': False, 'is_mlp': True}
2026-07-26 13:57:45.471 | INFO     | llmc.compression.quantization.gptq:update_layer_with_transformed_weights:184 - error 9629.66796875
2026-07-26 13:57:45.471 | INFO     | llmc.compression.quantization.gptq:update_layer_with_transformed_weights:184 - error 9629.66796875
2026-07-26 13:57:45.951 | INFO     | llmc.compression.quantization.gptq:update_layer_with_transformed_weights:184 - error 6050.87158203125
2026-07-26 13:57:45.951 | INFO     | llmc.compression.quantization.gptq:update_layer_with_transformed_weights:184 - error 6050.87158203125
2026-07-26 13:57:45.958 | INFO     | llmc.models.base_model:replace_module_subset:432 - replace >>> mlp.gate_proj in 10-th block
2026-07-26 13:57:45.958 | INFO     | llmc.models.base_model:replace_module_subset:432 - replace >>> mlp.gate_proj in 10-th block
2026-07-26 13:57:45.959 | INFO     | llmc.models.base_model:replace_module_subset:432 - replace >>> mlp.up_proj in 10-th block
2026-07-26 13:57:45.959 | INFO     | llmc.models.base_model:replace_module_subset:432 - replace >>> mlp.up_proj in 10-th block
2026-07-26 13:57:47.969 | INFO     | llmc.compression.quantization.base_blockwise_quantization:block_transform:493 - subset: {'layers': {'mlp.down_proj': Linear(in_features=8192, out_features=2048, bias=False)}, 'prev_op': [Linear(in_features=2048, out_features=8192, bias=False)], 'input': ['mlp.down_proj'], 'inspect': Linear(in_features=8192, out_features=2048, bias=False), 'has_kwargs': False, 'is_mlp': True}
2026-07-26 13:57:47.969 | INFO     | llmc.compression.quantization.base_blockwise_quantization:block_transform:493 - subset: {'layers': {'mlp.down_proj': Linear(in_features=8192, out_features=2048, bias=False)}, 'prev_op': [Linear(in_features=2048, out_features=8192, bias=False)], 'input': ['mlp.down_proj'], 'inspect': Linear(in_features=8192, out_features=2048, bias=False), 'has_kwargs': False, 'is_mlp': True}
2026-07-26 13:57:49.927 | INFO     | llmc.compression.quantization.gptq:update_layer_with_transformed_weights:184 - error 180.64517211914062
2026-07-26 13:57:49.927 | INFO     | llmc.compression.quantization.gptq:update_layer_with_transformed_weights:184 - error 180.64517211914062
2026-07-26 13:57:49.945 | INFO     | llmc.compression.quantization.base_blockwise_quantization:block_transform:523 - End transform the 10-th block
2026-07-26 13:57:49.945 | INFO     | llmc.compression.quantization.base_blockwise_quantization:block_transform:523 - End transform the 10-th block
2026-07-26 13:57:49.945 | INFO     | llmc.models.base_model:replace_module_subset:432 - replace >>> self_attn.q_proj in 10-th block
2026-07-26 13:57:49.945 | INFO     | llmc.models.base_model:replace_module_subset:432 - replace >>> self_attn.q_proj in 10-th block
2026-07-26 13:57:49.945 | INFO     | llmc.models.base_model:replace_module_subset:432 - replace >>> self_attn.k_proj in 10-th block
2026-07-26 13:57:49.945 | INFO     | llmc.models.base_model:replace_module_subset:432 - replace >>> self_attn.k_proj in 10-th block
2026-07-26 13:57:49.945 | INFO     | llmc.models.base_model:replace_module_subset:432 - replace >>> self_attn.v_proj in 10-th block
2026-07-26 13:57:49.945 | INFO     | llmc.models.base_model:replace_module_subset:432 - replace >>> self_attn.v_proj in 10-th block
2026-07-26 13:57:49.945 | INFO     | llmc.models.base_model:replace_module_subset:432 - replace >>> self_attn.o_proj in 10-th block
2026-07-26 13:57:49.945 | INFO     | llmc.models.base_model:replace_module_subset:432 - replace >>> self_attn.o_proj in 10-th block
2026-07-26 13:57:49.945 | INFO     | llmc.models.base_model:replace_module_subset:432 - replace >>> mlp.gate_proj in 10-th block
2026-07-26 13:57:49.945 | INFO     | llmc.models.base_model:replace_module_subset:432 - replace >>> mlp.gate_proj in 10-th block
2026-07-26 13:57:49.945 | INFO     | llmc.models.base_model:replace_module_subset:432 - replace >>> mlp.up_proj in 10-th block
2026-07-26 13:57:49.945 | INFO     | llmc.models.base_model:replace_module_subset:432 - replace >>> mlp.up_proj in 10-th block
2026-07-26 13:57:49.945 | INFO     | llmc.models.base_model:replace_module_subset:432 - replace >>> mlp.down_proj in 10-th block
2026-07-26 13:57:49.945 | INFO     | llmc.models.base_model:replace_module_subset:432 - replace >>> mlp.down_proj in 10-th block
2026-07-26 13:57:50.947 | INFO     | llmc.compression.blockwise_optimization:run_block_loop:36 - 
block index: 11/16 
block: LlamaDecoderLayer(
  (self_attn): LlamaAttention(
    (q_proj): Linear(in_features=2048, out_features=2048, bias=False)
    (k_proj): Linear(in_features=2048, out_features=512, bias=False)
    (v_proj): Linear(in_features=2048, out_features=512, bias=False)
    (o_proj): Linear(in_features=2048, out_features=2048, bias=False)
  )
  (mlp): LlamaMLP(
    (gate_proj): Linear(in_features=2048, out_features=8192, bias=False)
    (up_proj): Linear(in_features=2048, out_features=8192, bias=False)
    (down_proj): Linear(in_features=8192, out_features=2048, bias=False)
    (act_fn): SiLUActivation()
  )
  (input_layernorm): LlamaRMSNorm((2048,), eps=1e-05)
  (post_attention_layernorm): LlamaRMSNorm((2048,), eps=1e-05)
)
2026-07-26 13:57:50.947 | INFO     | llmc.compression.blockwise_optimization:run_block_loop:36 - 
block index: 11/16 
block: LlamaDecoderLayer(
  (self_attn): LlamaAttention(
    (q_proj): Linear(in_features=2048, out_features=2048, bias=False)
    (k_proj): Linear(in_features=2048, out_features=512, bias=False)
    (v_proj): Linear(in_features=2048, out_features=512, bias=False)
    (o_proj): Linear(in_features=2048, out_features=2048, bias=False)
  )
  (mlp): LlamaMLP(
    (gate_proj): Linear(in_features=2048, out_features=8192, bias=False)
    (up_proj): Linear(in_features=2048, out_features=8192, bias=False)
    (down_proj): Linear(in_features=8192, out_features=2048, bias=False)
    (act_fn): SiLUActivation()
  )
  (input_layernorm): LlamaRMSNorm((2048,), eps=1e-05)
  (post_attention_layernorm): LlamaRMSNorm((2048,), eps=1e-05)
)
2026-07-26 13:57:50.963 | INFO     | llmc.compression.quantization.base_blockwise_quantization:block_opt:416 - input_feat_modules: {'self_attn.q_proj': Linear(in_features=2048, out_features=2048, bias=False), 'self_attn.k_proj': Linear(in_features=2048, out_features=512, bias=False), 'self_attn.v_proj': Linear(in_features=2048, out_features=512, bias=False), 'self_attn.o_proj': Linear(in_features=2048, out_features=2048, bias=False), 'mlp.gate_proj': Linear(in_features=2048, out_features=8192, bias=False), 'mlp.up_proj': Linear(in_features=2048, out_features=8192, bias=False), 'mlp.down_proj': Linear(in_features=8192, out_features=2048, bias=False)}
2026-07-26 13:57:50.963 | INFO     | llmc.compression.quantization.base_blockwise_quantization:block_opt:416 - input_feat_modules: {'self_attn.q_proj': Linear(in_features=2048, out_features=2048, bias=False), 'self_attn.k_proj': Linear(in_features=2048, out_features=512, bias=False), 'self_attn.v_proj': Linear(in_features=2048, out_features=512, bias=False), 'self_attn.o_proj': Linear(in_features=2048, out_features=2048, bias=False), 'mlp.gate_proj': Linear(in_features=2048, out_features=8192, bias=False), 'mlp.up_proj': Linear(in_features=2048, out_features=8192, bias=False), 'mlp.down_proj': Linear(in_features=8192, out_features=2048, bias=False)}
2026-07-26 13:57:53.454 | INFO     | llmc.compression.quantization.base_blockwise_quantization:block_transform:484 - Start transform the 11-th block
2026-07-26 13:57:53.454 | INFO     | llmc.compression.quantization.base_blockwise_quantization:block_transform:484 - Start transform the 11-th block
2026-07-26 13:57:53.454 | INFO     | llmc.compression.quantization.base_blockwise_quantization:block_transform:493 - subset: {'layers': {'self_attn.q_proj': Linear(in_features=2048, out_features=2048, bias=False), 'self_attn.k_proj': Linear(in_features=2048, out_features=512, bias=False), 'self_attn.v_proj': Linear(in_features=2048, out_features=512, bias=False)}, 'prev_op': [LlamaRMSNorm((2048,), eps=1e-05)], 'input': ['self_attn.q_proj'], 'inspect': LlamaAttention(
  (q_proj): Linear(in_features=2048, out_features=2048, bias=False)
  (k_proj): Linear(in_features=2048, out_features=512, bias=False)
  (v_proj): Linear(in_features=2048, out_features=512, bias=False)
  (o_proj): Linear(in_features=2048, out_features=2048, bias=False)
), 'has_kwargs': True}
2026-07-26 13:57:53.454 | INFO     | llmc.compression.quantization.base_blockwise_quantization:block_transform:493 - subset: {'layers': {'self_attn.q_proj': Linear(in_features=2048, out_features=2048, bias=False), 'self_attn.k_proj': Linear(in_features=2048, out_features=512, bias=False), 'self_attn.v_proj': Linear(in_features=2048, out_features=512, bias=False)}, 'prev_op': [LlamaRMSNorm((2048,), eps=1e-05)], 'input': ['self_attn.q_proj'], 'inspect': LlamaAttention(
  (q_proj): Linear(in_features=2048, out_features=2048, bias=False)
  (k_proj): Linear(in_features=2048, out_features=512, bias=False)
  (v_proj): Linear(in_features=2048, out_features=512, bias=False)
  (o_proj): Linear(in_features=2048, out_features=2048, bias=False)
), 'has_kwargs': True}
2026-07-26 13:57:53.975 | INFO     | llmc.compression.quantization.gptq:update_layer_with_transformed_weights:184 - error 6832.5146484375
2026-07-26 13:57:53.975 | INFO     | llmc.compression.quantization.gptq:update_layer_with_transformed_weights:184 - error 6832.5146484375
2026-07-26 13:57:54.415 | INFO     | llmc.compression.quantization.gptq:update_layer_with_transformed_weights:184 - error 3995.41162109375
2026-07-26 13:57:54.415 | INFO     | llmc.compression.quantization.gptq:update_layer_with_transformed_weights:184 - error 3995.41162109375
2026-07-26 13:57:54.860 | INFO     | llmc.compression.quantization.gptq:update_layer_with_transformed_weights:184 - error 457.4117431640625
2026-07-26 13:57:54.860 | INFO     | llmc.compression.quantization.gptq:update_layer_with_transformed_weights:184 - error 457.4117431640625
2026-07-26 13:57:54.861 | INFO     | llmc.models.base_model:replace_module_subset:432 - replace >>> self_attn.q_proj in 11-th block
2026-07-26 13:57:54.861 | INFO     | llmc.models.base_model:replace_module_subset:432 - replace >>> self_attn.q_proj in 11-th block
2026-07-26 13:57:54.862 | INFO     | llmc.models.base_model:replace_module_subset:432 - replace >>> self_attn.k_proj in 11-th block
2026-07-26 13:57:54.862 | INFO     | llmc.models.base_model:replace_module_subset:432 - replace >>> self_attn.k_proj in 11-th block
2026-07-26 13:57:54.862 | INFO     | llmc.models.base_model:replace_module_subset:432 - replace >>> self_attn.v_proj in 11-th block
2026-07-26 13:57:54.862 | INFO     | llmc.models.base_model:replace_module_subset:432 - replace >>> self_attn.v_proj in 11-th block
2026-07-26 13:57:55.601 | INFO     | llmc.compression.quantization.base_blockwise_quantization:block_transform:493 - subset: {'layers': {'self_attn.o_proj': Linear(in_features=2048, out_features=2048, bias=False)}, 'prev_op': [Linear(in_features=2048, out_features=512, bias=False)], 'input': ['self_attn.o_proj'], 'inspect': Linear(in_features=2048, out_features=2048, bias=False), 'has_kwargs': False}
2026-07-26 13:57:55.601 | INFO     | llmc.compression.quantization.base_blockwise_quantization:block_transform:493 - subset: {'layers': {'self_attn.o_proj': Linear(in_features=2048, out_features=2048, bias=False)}, 'prev_op': [Linear(in_features=2048, out_features=512, bias=False)], 'input': ['self_attn.o_proj'], 'inspect': Linear(in_features=2048, out_features=2048, bias=False), 'has_kwargs': False}
2026-07-26 13:57:56.096 | INFO     | llmc.compression.quantization.gptq:update_layer_with_transformed_weights:184 - error 47.97840118408203
2026-07-26 13:57:56.096 | INFO     | llmc.compression.quantization.gptq:update_layer_with_transformed_weights:184 - error 47.97840118408203
2026-07-26 13:57:56.099 | INFO     | llmc.models.base_model:replace_module_subset:432 - replace >>> self_attn.o_proj in 11-th block
2026-07-26 13:57:56.099 | INFO     | llmc.models.base_model:replace_module_subset:432 - replace >>> self_attn.o_proj in 11-th block
2026-07-26 13:57:56.910 | INFO     | llmc.compression.quantization.base_blockwise_quantization:block_transform:493 - subset: {'layers': {'mlp.gate_proj': Linear(in_features=2048, out_features=8192, bias=False), 'mlp.up_proj': Linear(in_features=2048, out_features=8192, bias=False)}, 'prev_op': [LlamaRMSNorm((2048,), eps=1e-05)], 'input': ['mlp.gate_proj'], 'inspect': LlamaMLP(
  (gate_proj): Linear(in_features=2048, out_features=8192, bias=False)
  (up_proj): Linear(in_features=2048, out_features=8192, bias=False)
  (down_proj): Linear(in_features=8192, out_features=2048, bias=False)
  (act_fn): SiLUActivation()
), 'has_kwargs': False, 'is_mlp': True}
2026-07-26 13:57:56.910 | INFO     | llmc.compression.quantization.base_blockwise_quantization:block_transform:493 - subset: {'layers': {'mlp.gate_proj': Linear(in_features=2048, out_features=8192, bias=False), 'mlp.up_proj': Linear(in_features=2048, out_features=8192, bias=False)}, 'prev_op': [LlamaRMSNorm((2048,), eps=1e-05)], 'input': ['mlp.gate_proj'], 'inspect': LlamaMLP(
  (gate_proj): Linear(in_features=2048, out_features=8192, bias=False)
  (up_proj): Linear(in_features=2048, out_features=8192, bias=False)
  (down_proj): Linear(in_features=8192, out_features=2048, bias=False)
  (act_fn): SiLUActivation()
), 'has_kwargs': False, 'is_mlp': True}
2026-07-26 13:57:57.366 | INFO     | llmc.compression.quantization.gptq:update_layer_with_transformed_weights:184 - error 10489.734375
2026-07-26 13:57:57.366 | INFO     | llmc.compression.quantization.gptq:update_layer_with_transformed_weights:184 - error 10489.734375
2026-07-26 13:57:57.840 | INFO     | llmc.compression.quantization.gptq:update_layer_with_transformed_weights:184 - error 6750.51416015625
2026-07-26 13:57:57.840 | INFO     | llmc.compression.quantization.gptq:update_layer_with_transformed_weights:184 - error 6750.51416015625
2026-07-26 13:57:57.846 | INFO     | llmc.models.base_model:replace_module_subset:432 - replace >>> mlp.gate_proj in 11-th block
2026-07-26 13:57:57.846 | INFO     | llmc.models.base_model:replace_module_subset:432 - replace >>> mlp.gate_proj in 11-th block
2026-07-26 13:57:57.846 | INFO     | llmc.models.base_model:replace_module_subset:432 - replace >>> mlp.up_proj in 11-th block
2026-07-26 13:57:57.846 | INFO     | llmc.models.base_model:replace_module_subset:432 - replace >>> mlp.up_proj in 11-th block
2026-07-26 13:57:59.858 | INFO     | llmc.compression.quantization.base_blockwise_quantization:block_transform:493 - subset: {'layers': {'mlp.down_proj': Linear(in_features=8192, out_features=2048, bias=False)}, 'prev_op': [Linear(in_features=2048, out_features=8192, bias=False)], 'input': ['mlp.down_proj'], 'inspect': Linear(in_features=8192, out_features=2048, bias=False), 'has_kwargs': False, 'is_mlp': True}
2026-07-26 13:57:59.858 | INFO     | llmc.compression.quantization.base_blockwise_quantization:block_transform:493 - subset: {'layers': {'mlp.down_proj': Linear(in_features=8192, out_features=2048, bias=False)}, 'prev_op': [Linear(in_features=2048, out_features=8192, bias=False)], 'input': ['mlp.down_proj'], 'inspect': Linear(in_features=8192, out_features=2048, bias=False), 'has_kwargs': False, 'is_mlp': True}
2026-07-26 13:58:01.674 | INFO     | llmc.compression.quantization.gptq:update_layer_with_transformed_weights:184 - error 205.85610961914062
2026-07-26 13:58:01.674 | INFO     | llmc.compression.quantization.gptq:update_layer_with_transformed_weights:184 - error 205.85610961914062
2026-07-26 13:58:01.687 | INFO     | llmc.compression.quantization.base_blockwise_quantization:block_transform:523 - End transform the 11-th block
2026-07-26 13:58:01.687 | INFO     | llmc.compression.quantization.base_blockwise_quantization:block_transform:523 - End transform the 11-th block
2026-07-26 13:58:01.688 | INFO     | llmc.models.base_model:replace_module_subset:432 - replace >>> self_attn.q_proj in 11-th block
2026-07-26 13:58:01.688 | INFO     | llmc.models.base_model:replace_module_subset:432 - replace >>> self_attn.q_proj in 11-th block
2026-07-26 13:58:01.688 | INFO     | llmc.models.base_model:replace_module_subset:432 - replace >>> self_attn.k_proj in 11-th block
2026-07-26 13:58:01.688 | INFO     | llmc.models.base_model:replace_module_subset:432 - replace >>> self_attn.k_proj in 11-th block
2026-07-26 13:58:01.688 | INFO     | llmc.models.base_model:replace_module_subset:432 - replace >>> self_attn.v_proj in 11-th block
2026-07-26 13:58:01.688 | INFO     | llmc.models.base_model:replace_module_subset:432 - replace >>> self_attn.v_proj in 11-th block
2026-07-26 13:58:01.688 | INFO     | llmc.models.base_model:replace_module_subset:432 - replace >>> self_attn.o_proj in 11-th block
2026-07-26 13:58:01.688 | INFO     | llmc.models.base_model:replace_module_subset:432 - replace >>> self_attn.o_proj in 11-th block
2026-07-26 13:58:01.688 | INFO     | llmc.models.base_model:replace_module_subset:432 - replace >>> mlp.gate_proj in 11-th block
2026-07-26 13:58:01.688 | INFO     | llmc.models.base_model:replace_module_subset:432 - replace >>> mlp.gate_proj in 11-th block
2026-07-26 13:58:01.688 | INFO     | llmc.models.base_model:replace_module_subset:432 - replace >>> mlp.up_proj in 11-th block
2026-07-26 13:58:01.688 | INFO     | llmc.models.base_model:replace_module_subset:432 - replace >>> mlp.up_proj in 11-th block
2026-07-26 13:58:01.688 | INFO     | llmc.models.base_model:replace_module_subset:432 - replace >>> mlp.down_proj in 11-th block
2026-07-26 13:58:01.688 | INFO     | llmc.models.base_model:replace_module_subset:432 - replace >>> mlp.down_proj in 11-th block
2026-07-26 13:58:02.657 | INFO     | llmc.compression.blockwise_optimization:run_block_loop:36 - 
block index: 12/16 
block: LlamaDecoderLayer(
  (self_attn): LlamaAttention(
    (q_proj): Linear(in_features=2048, out_features=2048, bias=False)
    (k_proj): Linear(in_features=2048, out_features=512, bias=False)
    (v_proj): Linear(in_features=2048, out_features=512, bias=False)
    (o_proj): Linear(in_features=2048, out_features=2048, bias=False)
  )
  (mlp): LlamaMLP(
    (gate_proj): Linear(in_features=2048, out_features=8192, bias=False)
    (up_proj): Linear(in_features=2048, out_features=8192, bias=False)
    (down_proj): Linear(in_features=8192, out_features=2048, bias=False)
    (act_fn): SiLUActivation()
  )
  (input_layernorm): LlamaRMSNorm((2048,), eps=1e-05)
  (post_attention_layernorm): LlamaRMSNorm((2048,), eps=1e-05)
)
2026-07-26 13:58:02.657 | INFO     | llmc.compression.blockwise_optimization:run_block_loop:36 - 
block index: 12/16 
block: LlamaDecoderLayer(
  (self_attn): LlamaAttention(
    (q_proj): Linear(in_features=2048, out_features=2048, bias=False)
    (k_proj): Linear(in_features=2048, out_features=512, bias=False)
    (v_proj): Linear(in_features=2048, out_features=512, bias=False)
    (o_proj): Linear(in_features=2048, out_features=2048, bias=False)
  )
  (mlp): LlamaMLP(
    (gate_proj): Linear(in_features=2048, out_features=8192, bias=False)
    (up_proj): Linear(in_features=2048, out_features=8192, bias=False)
    (down_proj): Linear(in_features=8192, out_features=2048, bias=False)
    (act_fn): SiLUActivation()
  )
  (input_layernorm): LlamaRMSNorm((2048,), eps=1e-05)
  (post_attention_layernorm): LlamaRMSNorm((2048,), eps=1e-05)
)
2026-07-26 13:58:02.672 | INFO     | llmc.compression.quantization.base_blockwise_quantization:block_opt:416 - input_feat_modules: {'self_attn.q_proj': Linear(in_features=2048, out_features=2048, bias=False), 'self_attn.k_proj': Linear(in_features=2048, out_features=512, bias=False), 'self_attn.v_proj': Linear(in_features=2048, out_features=512, bias=False), 'self_attn.o_proj': Linear(in_features=2048, out_features=2048, bias=False), 'mlp.gate_proj': Linear(in_features=2048, out_features=8192, bias=False), 'mlp.up_proj': Linear(in_features=2048, out_features=8192, bias=False), 'mlp.down_proj': Linear(in_features=8192, out_features=2048, bias=False)}
2026-07-26 13:58:02.672 | INFO     | llmc.compression.quantization.base_blockwise_quantization:block_opt:416 - input_feat_modules: {'self_attn.q_proj': Linear(in_features=2048, out_features=2048, bias=False), 'self_attn.k_proj': Linear(in_features=2048, out_features=512, bias=False), 'self_attn.v_proj': Linear(in_features=2048, out_features=512, bias=False), 'self_attn.o_proj': Linear(in_features=2048, out_features=2048, bias=False), 'mlp.gate_proj': Linear(in_features=2048, out_features=8192, bias=False), 'mlp.up_proj': Linear(in_features=2048, out_features=8192, bias=False), 'mlp.down_proj': Linear(in_features=8192, out_features=2048, bias=False)}
2026-07-26 13:58:05.126 | INFO     | llmc.compression.quantization.base_blockwise_quantization:block_transform:484 - Start transform the 12-th block
2026-07-26 13:58:05.126 | INFO     | llmc.compression.quantization.base_blockwise_quantization:block_transform:484 - Start transform the 12-th block
2026-07-26 13:58:05.126 | INFO     | llmc.compression.quantization.base_blockwise_quantization:block_transform:493 - subset: {'layers': {'self_attn.q_proj': Linear(in_features=2048, out_features=2048, bias=False), 'self_attn.k_proj': Linear(in_features=2048, out_features=512, bias=False), 'self_attn.v_proj': Linear(in_features=2048, out_features=512, bias=False)}, 'prev_op': [LlamaRMSNorm((2048,), eps=1e-05)], 'input': ['self_attn.q_proj'], 'inspect': LlamaAttention(
  (q_proj): Linear(in_features=2048, out_features=2048, bias=False)
  (k_proj): Linear(in_features=2048, out_features=512, bias=False)
  (v_proj): Linear(in_features=2048, out_features=512, bias=False)
  (o_proj): Linear(in_features=2048, out_features=2048, bias=False)
), 'has_kwargs': True}
2026-07-26 13:58:05.126 | INFO     | llmc.compression.quantization.base_blockwise_quantization:block_transform:493 - subset: {'layers': {'self_attn.q_proj': Linear(in_features=2048, out_features=2048, bias=False), 'self_attn.k_proj': Linear(in_features=2048, out_features=512, bias=False), 'self_attn.v_proj': Linear(in_features=2048, out_features=512, bias=False)}, 'prev_op': [LlamaRMSNorm((2048,), eps=1e-05)], 'input': ['self_attn.q_proj'], 'inspect': LlamaAttention(
  (q_proj): Linear(in_features=2048, out_features=2048, bias=False)
  (k_proj): Linear(in_features=2048, out_features=512, bias=False)
  (v_proj): Linear(in_features=2048, out_features=512, bias=False)
  (o_proj): Linear(in_features=2048, out_features=2048, bias=False)
), 'has_kwargs': True}
2026-07-26 13:58:05.568 | INFO     | llmc.compression.quantization.gptq:update_layer_with_transformed_weights:184 - error 6829.3583984375
2026-07-26 13:58:05.568 | INFO     | llmc.compression.quantization.gptq:update_layer_with_transformed_weights:184 - error 6829.3583984375
2026-07-26 13:58:06.011 | INFO     | llmc.compression.quantization.gptq:update_layer_with_transformed_weights:184 - error 3906.433837890625
2026-07-26 13:58:06.011 | INFO     | llmc.compression.quantization.gptq:update_layer_with_transformed_weights:184 - error 3906.433837890625
2026-07-26 13:58:06.445 | INFO     | llmc.compression.quantization.gptq:update_layer_with_transformed_weights:184 - error 465.12982177734375
2026-07-26 13:58:06.445 | INFO     | llmc.compression.quantization.gptq:update_layer_with_transformed_weights:184 - error 465.12982177734375
2026-07-26 13:58:06.447 | INFO     | llmc.models.base_model:replace_module_subset:432 - replace >>> self_attn.q_proj in 12-th block
2026-07-26 13:58:06.447 | INFO     | llmc.models.base_model:replace_module_subset:432 - replace >>> self_attn.q_proj in 12-th block
2026-07-26 13:58:06.447 | INFO     | llmc.models.base_model:replace_module_subset:432 - replace >>> self_attn.k_proj in 12-th block
2026-07-26 13:58:06.447 | INFO     | llmc.models.base_model:replace_module_subset:432 - replace >>> self_attn.k_proj in 12-th block
2026-07-26 13:58:06.447 | INFO     | llmc.models.base_model:replace_module_subset:432 - replace >>> self_attn.v_proj in 12-th block
2026-07-26 13:58:06.447 | INFO     | llmc.models.base_model:replace_module_subset:432 - replace >>> self_attn.v_proj in 12-th block
2026-07-26 13:58:07.166 | INFO     | llmc.compression.quantization.base_blockwise_quantization:block_transform:493 - subset: {'layers': {'self_attn.o_proj': Linear(in_features=2048, out_features=2048, bias=False)}, 'prev_op': [Linear(in_features=2048, out_features=512, bias=False)], 'input': ['self_attn.o_proj'], 'inspect': Linear(in_features=2048, out_features=2048, bias=False), 'has_kwargs': False}
2026-07-26 13:58:07.166 | INFO     | llmc.compression.quantization.base_blockwise_quantization:block_transform:493 - subset: {'layers': {'self_attn.o_proj': Linear(in_features=2048, out_features=2048, bias=False)}, 'prev_op': [Linear(in_features=2048, out_features=512, bias=False)], 'input': ['self_attn.o_proj'], 'inspect': Linear(in_features=2048, out_features=2048, bias=False), 'has_kwargs': False}
2026-07-26 13:58:07.615 | INFO     | llmc.compression.quantization.gptq:update_layer_with_transformed_weights:184 - error 49.23497772216797
2026-07-26 13:58:07.615 | INFO     | llmc.compression.quantization.gptq:update_layer_with_transformed_weights:184 - error 49.23497772216797
2026-07-26 13:58:07.629 | INFO     | llmc.models.base_model:replace_module_subset:432 - replace >>> self_attn.o_proj in 12-th block
2026-07-26 13:58:07.629 | INFO     | llmc.models.base_model:replace_module_subset:432 - replace >>> self_attn.o_proj in 12-th block
2026-07-26 13:58:08.456 | INFO     | llmc.compression.quantization.base_blockwise_quantization:block_transform:493 - subset: {'layers': {'mlp.gate_proj': Linear(in_features=2048, out_features=8192, bias=False), 'mlp.up_proj': Linear(in_features=2048, out_features=8192, bias=False)}, 'prev_op': [LlamaRMSNorm((2048,), eps=1e-05)], 'input': ['mlp.gate_proj'], 'inspect': LlamaMLP(
  (gate_proj): Linear(in_features=2048, out_features=8192, bias=False)
  (up_proj): Linear(in_features=2048, out_features=8192, bias=False)
  (down_proj): Linear(in_features=8192, out_features=2048, bias=False)
  (act_fn): SiLUActivation()
), 'has_kwargs': False, 'is_mlp': True}
2026-07-26 13:58:08.456 | INFO     | llmc.compression.quantization.base_blockwise_quantization:block_transform:493 - subset: {'layers': {'mlp.gate_proj': Linear(in_features=2048, out_features=8192, bias=False), 'mlp.up_proj': Linear(in_features=2048, out_features=8192, bias=False)}, 'prev_op': [LlamaRMSNorm((2048,), eps=1e-05)], 'input': ['mlp.gate_proj'], 'inspect': LlamaMLP(
  (gate_proj): Linear(in_features=2048, out_features=8192, bias=False)
  (up_proj): Linear(in_features=2048, out_features=8192, bias=False)
  (down_proj): Linear(in_features=8192, out_features=2048, bias=False)
  (act_fn): SiLUActivation()
), 'has_kwargs': False, 'is_mlp': True}
2026-07-26 13:58:08.900 | INFO     | llmc.compression.quantization.gptq:update_layer_with_transformed_weights:184 - error 10649.9921875
2026-07-26 13:58:08.900 | INFO     | llmc.compression.quantization.gptq:update_layer_with_transformed_weights:184 - error 10649.9921875
2026-07-26 13:58:09.346 | INFO     | llmc.compression.quantization.gptq:update_layer_with_transformed_weights:184 - error 7250.47998046875
2026-07-26 13:58:09.346 | INFO     | llmc.compression.quantization.gptq:update_layer_with_transformed_weights:184 - error 7250.47998046875
2026-07-26 13:58:09.349 | INFO     | llmc.models.base_model:replace_module_subset:432 - replace >>> mlp.gate_proj in 12-th block
2026-07-26 13:58:09.349 | INFO     | llmc.models.base_model:replace_module_subset:432 - replace >>> mlp.gate_proj in 12-th block
2026-07-26 13:58:09.350 | INFO     | llmc.models.base_model:replace_module_subset:432 - replace >>> mlp.up_proj in 12-th block
2026-07-26 13:58:09.350 | INFO     | llmc.models.base_model:replace_module_subset:432 - replace >>> mlp.up_proj in 12-th block
2026-07-26 13:58:11.371 | INFO     | llmc.compression.quantization.base_blockwise_quantization:block_transform:493 - subset: {'layers': {'mlp.down_proj': Linear(in_features=8192, out_features=2048, bias=False)}, 'prev_op': [Linear(in_features=2048, out_features=8192, bias=False)], 'input': ['mlp.down_proj'], 'inspect': Linear(in_features=8192, out_features=2048, bias=False), 'has_kwargs': False, 'is_mlp': True}
2026-07-26 13:58:11.371 | INFO     | llmc.compression.quantization.base_blockwise_quantization:block_transform:493 - subset: {'layers': {'mlp.down_proj': Linear(in_features=8192, out_features=2048, bias=False)}, 'prev_op': [Linear(in_features=2048, out_features=8192, bias=False)], 'input': ['mlp.down_proj'], 'inspect': Linear(in_features=8192, out_features=2048, bias=False), 'has_kwargs': False, 'is_mlp': True}
2026-07-26 13:58:13.246 | INFO     | llmc.compression.quantization.gptq:update_layer_with_transformed_weights:184 - error 251.49822998046875
2026-07-26 13:58:13.246 | INFO     | llmc.compression.quantization.gptq:update_layer_with_transformed_weights:184 - error 251.49822998046875
2026-07-26 13:58:13.263 | INFO     | llmc.compression.quantization.base_blockwise_quantization:block_transform:523 - End transform the 12-th block
2026-07-26 13:58:13.263 | INFO     | llmc.compression.quantization.base_blockwise_quantization:block_transform:523 - End transform the 12-th block
2026-07-26 13:58:13.263 | INFO     | llmc.models.base_model:replace_module_subset:432 - replace >>> self_attn.q_proj in 12-th block
2026-07-26 13:58:13.263 | INFO     | llmc.models.base_model:replace_module_subset:432 - replace >>> self_attn.q_proj in 12-th block
2026-07-26 13:58:13.263 | INFO     | llmc.models.base_model:replace_module_subset:432 - replace >>> self_attn.k_proj in 12-th block
2026-07-26 13:58:13.263 | INFO     | llmc.models.base_model:replace_module_subset:432 - replace >>> self_attn.k_proj in 12-th block
2026-07-26 13:58:13.263 | INFO     | llmc.models.base_model:replace_module_subset:432 - replace >>> self_attn.v_proj in 12-th block
2026-07-26 13:58:13.263 | INFO     | llmc.models.base_model:replace_module_subset:432 - replace >>> self_attn.v_proj in 12-th block
2026-07-26 13:58:13.263 | INFO     | llmc.models.base_model:replace_module_subset:432 - replace >>> self_attn.o_proj in 12-th block
2026-07-26 13:58:13.263 | INFO     | llmc.models.base_model:replace_module_subset:432 - replace >>> self_attn.o_proj in 12-th block
2026-07-26 13:58:13.263 | INFO     | llmc.models.base_model:replace_module_subset:432 - replace >>> mlp.gate_proj in 12-th block
2026-07-26 13:58:13.263 | INFO     | llmc.models.base_model:replace_module_subset:432 - replace >>> mlp.gate_proj in 12-th block
2026-07-26 13:58:13.263 | INFO     | llmc.models.base_model:replace_module_subset:432 - replace >>> mlp.up_proj in 12-th block
2026-07-26 13:58:13.263 | INFO     | llmc.models.base_model:replace_module_subset:432 - replace >>> mlp.up_proj in 12-th block
2026-07-26 13:58:13.263 | INFO     | llmc.models.base_model:replace_module_subset:432 - replace >>> mlp.down_proj in 12-th block
2026-07-26 13:58:13.263 | INFO     | llmc.models.base_model:replace_module_subset:432 - replace >>> mlp.down_proj in 12-th block
2026-07-26 13:58:14.240 | INFO     | llmc.compression.blockwise_optimization:run_block_loop:36 - 
block index: 13/16 
block: LlamaDecoderLayer(
  (self_attn): LlamaAttention(
    (q_proj): Linear(in_features=2048, out_features=2048, bias=False)
    (k_proj): Linear(in_features=2048, out_features=512, bias=False)
    (v_proj): Linear(in_features=2048, out_features=512, bias=False)
    (o_proj): Linear(in_features=2048, out_features=2048, bias=False)
  )
  (mlp): LlamaMLP(
    (gate_proj): Linear(in_features=2048, out_features=8192, bias=False)
    (up_proj): Linear(in_features=2048, out_features=8192, bias=False)
    (down_proj): Linear(in_features=8192, out_features=2048, bias=False)
    (act_fn): SiLUActivation()
  )
  (input_layernorm): LlamaRMSNorm((2048,), eps=1e-05)
  (post_attention_layernorm): LlamaRMSNorm((2048,), eps=1e-05)
)
2026-07-26 13:58:14.240 | INFO     | llmc.compression.blockwise_optimization:run_block_loop:36 - 
block index: 13/16 
block: LlamaDecoderLayer(
  (self_attn): LlamaAttention(
    (q_proj): Linear(in_features=2048, out_features=2048, bias=False)
    (k_proj): Linear(in_features=2048, out_features=512, bias=False)
    (v_proj): Linear(in_features=2048, out_features=512, bias=False)
    (o_proj): Linear(in_features=2048, out_features=2048, bias=False)
  )
  (mlp): LlamaMLP(
    (gate_proj): Linear(in_features=2048, out_features=8192, bias=False)
    (up_proj): Linear(in_features=2048, out_features=8192, bias=False)
    (down_proj): Linear(in_features=8192, out_features=2048, bias=False)
    (act_fn): SiLUActivation()
  )
  (input_layernorm): LlamaRMSNorm((2048,), eps=1e-05)
  (post_attention_layernorm): LlamaRMSNorm((2048,), eps=1e-05)
)
2026-07-26 13:58:14.256 | INFO     | llmc.compression.quantization.base_blockwise_quantization:block_opt:416 - input_feat_modules: {'self_attn.q_proj': Linear(in_features=2048, out_features=2048, bias=False), 'self_attn.k_proj': Linear(in_features=2048, out_features=512, bias=False), 'self_attn.v_proj': Linear(in_features=2048, out_features=512, bias=False), 'self_attn.o_proj': Linear(in_features=2048, out_features=2048, bias=False), 'mlp.gate_proj': Linear(in_features=2048, out_features=8192, bias=False), 'mlp.up_proj': Linear(in_features=2048, out_features=8192, bias=False), 'mlp.down_proj': Linear(in_features=8192, out_features=2048, bias=False)}
2026-07-26 13:58:14.256 | INFO     | llmc.compression.quantization.base_blockwise_quantization:block_opt:416 - input_feat_modules: {'self_attn.q_proj': Linear(in_features=2048, out_features=2048, bias=False), 'self_attn.k_proj': Linear(in_features=2048, out_features=512, bias=False), 'self_attn.v_proj': Linear(in_features=2048, out_features=512, bias=False), 'self_attn.o_proj': Linear(in_features=2048, out_features=2048, bias=False), 'mlp.gate_proj': Linear(in_features=2048, out_features=8192, bias=False), 'mlp.up_proj': Linear(in_features=2048, out_features=8192, bias=False), 'mlp.down_proj': Linear(in_features=8192, out_features=2048, bias=False)}
2026-07-26 13:58:16.695 | INFO     | llmc.compression.quantization.base_blockwise_quantization:block_transform:484 - Start transform the 13-th block
2026-07-26 13:58:16.695 | INFO     | llmc.compression.quantization.base_blockwise_quantization:block_transform:484 - Start transform the 13-th block
2026-07-26 13:58:16.695 | INFO     | llmc.compression.quantization.base_blockwise_quantization:block_transform:493 - subset: {'layers': {'self_attn.q_proj': Linear(in_features=2048, out_features=2048, bias=False), 'self_attn.k_proj': Linear(in_features=2048, out_features=512, bias=False), 'self_attn.v_proj': Linear(in_features=2048, out_features=512, bias=False)}, 'prev_op': [LlamaRMSNorm((2048,), eps=1e-05)], 'input': ['self_attn.q_proj'], 'inspect': LlamaAttention(
  (q_proj): Linear(in_features=2048, out_features=2048, bias=False)
  (k_proj): Linear(in_features=2048, out_features=512, bias=False)
  (v_proj): Linear(in_features=2048, out_features=512, bias=False)
  (o_proj): Linear(in_features=2048, out_features=2048, bias=False)
), 'has_kwargs': True}
2026-07-26 13:58:16.695 | INFO     | llmc.compression.quantization.base_blockwise_quantization:block_transform:493 - subset: {'layers': {'self_attn.q_proj': Linear(in_features=2048, out_features=2048, bias=False), 'self_attn.k_proj': Linear(in_features=2048, out_features=512, bias=False), 'self_attn.v_proj': Linear(in_features=2048, out_features=512, bias=False)}, 'prev_op': [LlamaRMSNorm((2048,), eps=1e-05)], 'input': ['self_attn.q_proj'], 'inspect': LlamaAttention(
  (q_proj): Linear(in_features=2048, out_features=2048, bias=False)
  (k_proj): Linear(in_features=2048, out_features=512, bias=False)
  (v_proj): Linear(in_features=2048, out_features=512, bias=False)
  (o_proj): Linear(in_features=2048, out_features=2048, bias=False)
), 'has_kwargs': True}
2026-07-26 13:58:17.138 | INFO     | llmc.compression.quantization.gptq:update_layer_with_transformed_weights:184 - error 8142.484375
2026-07-26 13:58:17.138 | INFO     | llmc.compression.quantization.gptq:update_layer_with_transformed_weights:184 - error 8142.484375
2026-07-26 13:58:17.586 | INFO     | llmc.compression.quantization.gptq:update_layer_with_transformed_weights:184 - error 4010.422119140625
2026-07-26 13:58:17.586 | INFO     | llmc.compression.quantization.gptq:update_layer_with_transformed_weights:184 - error 4010.422119140625
2026-07-26 13:58:18.027 | INFO     | llmc.compression.quantization.gptq:update_layer_with_transformed_weights:184 - error 821.60400390625
2026-07-26 13:58:18.027 | INFO     | llmc.compression.quantization.gptq:update_layer_with_transformed_weights:184 - error 821.60400390625
2026-07-26 13:58:18.029 | INFO     | llmc.models.base_model:replace_module_subset:432 - replace >>> self_attn.q_proj in 13-th block
2026-07-26 13:58:18.029 | INFO     | llmc.models.base_model:replace_module_subset:432 - replace >>> self_attn.q_proj in 13-th block
2026-07-26 13:58:18.029 | INFO     | llmc.models.base_model:replace_module_subset:432 - replace >>> self_attn.k_proj in 13-th block
2026-07-26 13:58:18.029 | INFO     | llmc.models.base_model:replace_module_subset:432 - replace >>> self_attn.k_proj in 13-th block
2026-07-26 13:58:18.029 | INFO     | llmc.models.base_model:replace_module_subset:432 - replace >>> self_attn.v_proj in 13-th block
2026-07-26 13:58:18.029 | INFO     | llmc.models.base_model:replace_module_subset:432 - replace >>> self_attn.v_proj in 13-th block
2026-07-26 13:58:18.747 | INFO     | llmc.compression.quantization.base_blockwise_quantization:block_transform:493 - subset: {'layers': {'self_attn.o_proj': Linear(in_features=2048, out_features=2048, bias=False)}, 'prev_op': [Linear(in_features=2048, out_features=512, bias=False)], 'input': ['self_attn.o_proj'], 'inspect': Linear(in_features=2048, out_features=2048, bias=False), 'has_kwargs': False}
2026-07-26 13:58:18.747 | INFO     | llmc.compression.quantization.base_blockwise_quantization:block_transform:493 - subset: {'layers': {'self_attn.o_proj': Linear(in_features=2048, out_features=2048, bias=False)}, 'prev_op': [Linear(in_features=2048, out_features=512, bias=False)], 'input': ['self_attn.o_proj'], 'inspect': Linear(in_features=2048, out_features=2048, bias=False), 'has_kwargs': False}
2026-07-26 13:58:19.186 | INFO     | llmc.compression.quantization.gptq:update_layer_with_transformed_weights:184 - error 60.05152130126953
2026-07-26 13:58:19.186 | INFO     | llmc.compression.quantization.gptq:update_layer_with_transformed_weights:184 - error 60.05152130126953
2026-07-26 13:58:19.188 | INFO     | llmc.models.base_model:replace_module_subset:432 - replace >>> self_attn.o_proj in 13-th block
2026-07-26 13:58:19.188 | INFO     | llmc.models.base_model:replace_module_subset:432 - replace >>> self_attn.o_proj in 13-th block
2026-07-26 13:58:19.995 | INFO     | llmc.compression.quantization.base_blockwise_quantization:block_transform:493 - subset: {'layers': {'mlp.gate_proj': Linear(in_features=2048, out_features=8192, bias=False), 'mlp.up_proj': Linear(in_features=2048, out_features=8192, bias=False)}, 'prev_op': [LlamaRMSNorm((2048,), eps=1e-05)], 'input': ['mlp.gate_proj'], 'inspect': LlamaMLP(
  (gate_proj): Linear(in_features=2048, out_features=8192, bias=False)
  (up_proj): Linear(in_features=2048, out_features=8192, bias=False)
  (down_proj): Linear(in_features=8192, out_features=2048, bias=False)
  (act_fn): SiLUActivation()
), 'has_kwargs': False, 'is_mlp': True}
2026-07-26 13:58:19.995 | INFO     | llmc.compression.quantization.base_blockwise_quantization:block_transform:493 - subset: {'layers': {'mlp.gate_proj': Linear(in_features=2048, out_features=8192, bias=False), 'mlp.up_proj': Linear(in_features=2048, out_features=8192, bias=False)}, 'prev_op': [LlamaRMSNorm((2048,), eps=1e-05)], 'input': ['mlp.gate_proj'], 'inspect': LlamaMLP(
  (gate_proj): Linear(in_features=2048, out_features=8192, bias=False)
  (up_proj): Linear(in_features=2048, out_features=8192, bias=False)
  (down_proj): Linear(in_features=8192, out_features=2048, bias=False)
  (act_fn): SiLUActivation()
), 'has_kwargs': False, 'is_mlp': True}
2026-07-26 13:58:20.459 | INFO     | llmc.compression.quantization.gptq:update_layer_with_transformed_weights:184 - error 11522.80078125
2026-07-26 13:58:20.459 | INFO     | llmc.compression.quantization.gptq:update_layer_with_transformed_weights:184 - error 11522.80078125
2026-07-26 13:58:20.906 | INFO     | llmc.compression.quantization.gptq:update_layer_with_transformed_weights:184 - error 8596.16015625
2026-07-26 13:58:20.906 | INFO     | llmc.compression.quantization.gptq:update_layer_with_transformed_weights:184 - error 8596.16015625
2026-07-26 13:58:20.910 | INFO     | llmc.models.base_model:replace_module_subset:432 - replace >>> mlp.gate_proj in 13-th block
2026-07-26 13:58:20.910 | INFO     | llmc.models.base_model:replace_module_subset:432 - replace >>> mlp.gate_proj in 13-th block
2026-07-26 13:58:20.910 | INFO     | llmc.models.base_model:replace_module_subset:432 - replace >>> mlp.up_proj in 13-th block
2026-07-26 13:58:20.910 | INFO     | llmc.models.base_model:replace_module_subset:432 - replace >>> mlp.up_proj in 13-th block
2026-07-26 13:58:22.927 | INFO     | llmc.compression.quantization.base_blockwise_quantization:block_transform:493 - subset: {'layers': {'mlp.down_proj': Linear(in_features=8192, out_features=2048, bias=False)}, 'prev_op': [Linear(in_features=2048, out_features=8192, bias=False)], 'input': ['mlp.down_proj'], 'inspect': Linear(in_features=8192, out_features=2048, bias=False), 'has_kwargs': False, 'is_mlp': True}
2026-07-26 13:58:22.927 | INFO     | llmc.compression.quantization.base_blockwise_quantization:block_transform:493 - subset: {'layers': {'mlp.down_proj': Linear(in_features=8192, out_features=2048, bias=False)}, 'prev_op': [Linear(in_features=2048, out_features=8192, bias=False)], 'input': ['mlp.down_proj'], 'inspect': Linear(in_features=8192, out_features=2048, bias=False), 'has_kwargs': False, 'is_mlp': True}
2026-07-26 13:58:24.794 | INFO     | llmc.compression.quantization.gptq:update_layer_with_transformed_weights:184 - error 369.40386962890625
2026-07-26 13:58:24.794 | INFO     | llmc.compression.quantization.gptq:update_layer_with_transformed_weights:184 - error 369.40386962890625
2026-07-26 13:58:24.808 | INFO     | llmc.compression.quantization.base_blockwise_quantization:block_transform:523 - End transform the 13-th block
2026-07-26 13:58:24.808 | INFO     | llmc.compression.quantization.base_blockwise_quantization:block_transform:523 - End transform the 13-th block
2026-07-26 13:58:24.808 | INFO     | llmc.models.base_model:replace_module_subset:432 - replace >>> self_attn.q_proj in 13-th block
2026-07-26 13:58:24.808 | INFO     | llmc.models.base_model:replace_module_subset:432 - replace >>> self_attn.q_proj in 13-th block
2026-07-26 13:58:24.808 | INFO     | llmc.models.base_model:replace_module_subset:432 - replace >>> self_attn.k_proj in 13-th block
2026-07-26 13:58:24.808 | INFO     | llmc.models.base_model:replace_module_subset:432 - replace >>> self_attn.k_proj in 13-th block
2026-07-26 13:58:24.808 | INFO     | llmc.models.base_model:replace_module_subset:432 - replace >>> self_attn.v_proj in 13-th block
2026-07-26 13:58:24.808 | INFO     | llmc.models.base_model:replace_module_subset:432 - replace >>> self_attn.v_proj in 13-th block
2026-07-26 13:58:24.808 | INFO     | llmc.models.base_model:replace_module_subset:432 - replace >>> self_attn.o_proj in 13-th block
2026-07-26 13:58:24.808 | INFO     | llmc.models.base_model:replace_module_subset:432 - replace >>> self_attn.o_proj in 13-th block
2026-07-26 13:58:24.808 | INFO     | llmc.models.base_model:replace_module_subset:432 - replace >>> mlp.gate_proj in 13-th block
2026-07-26 13:58:24.808 | INFO     | llmc.models.base_model:replace_module_subset:432 - replace >>> mlp.gate_proj in 13-th block
2026-07-26 13:58:24.808 | INFO     | llmc.models.base_model:replace_module_subset:432 - replace >>> mlp.up_proj in 13-th block
2026-07-26 13:58:24.808 | INFO     | llmc.models.base_model:replace_module_subset:432 - replace >>> mlp.up_proj in 13-th block
2026-07-26 13:58:24.808 | INFO     | llmc.models.base_model:replace_module_subset:432 - replace >>> mlp.down_proj in 13-th block
2026-07-26 13:58:24.808 | INFO     | llmc.models.base_model:replace_module_subset:432 - replace >>> mlp.down_proj in 13-th block
2026-07-26 13:58:25.815 | INFO     | llmc.compression.blockwise_optimization:run_block_loop:36 - 
block index: 14/16 
block: LlamaDecoderLayer(
  (self_attn): LlamaAttention(
    (q_proj): Linear(in_features=2048, out_features=2048, bias=False)
    (k_proj): Linear(in_features=2048, out_features=512, bias=False)
    (v_proj): Linear(in_features=2048, out_features=512, bias=False)
    (o_proj): Linear(in_features=2048, out_features=2048, bias=False)
  )
  (mlp): LlamaMLP(
    (gate_proj): Linear(in_features=2048, out_features=8192, bias=False)
    (up_proj): Linear(in_features=2048, out_features=8192, bias=False)
    (down_proj): Linear(in_features=8192, out_features=2048, bias=False)
    (act_fn): SiLUActivation()
  )
  (input_layernorm): LlamaRMSNorm((2048,), eps=1e-05)
  (post_attention_layernorm): LlamaRMSNorm((2048,), eps=1e-05)
)
2026-07-26 13:58:25.815 | INFO     | llmc.compression.blockwise_optimization:run_block_loop:36 - 
block index: 14/16 
block: LlamaDecoderLayer(
  (self_attn): LlamaAttention(
    (q_proj): Linear(in_features=2048, out_features=2048, bias=False)
    (k_proj): Linear(in_features=2048, out_features=512, bias=False)
    (v_proj): Linear(in_features=2048, out_features=512, bias=False)
    (o_proj): Linear(in_features=2048, out_features=2048, bias=False)
  )
  (mlp): LlamaMLP(
    (gate_proj): Linear(in_features=2048, out_features=8192, bias=False)
    (up_proj): Linear(in_features=2048, out_features=8192, bias=False)
    (down_proj): Linear(in_features=8192, out_features=2048, bias=False)
    (act_fn): SiLUActivation()
  )
  (input_layernorm): LlamaRMSNorm((2048,), eps=1e-05)
  (post_attention_layernorm): LlamaRMSNorm((2048,), eps=1e-05)
)
2026-07-26 13:58:25.831 | INFO     | llmc.compression.quantization.base_blockwise_quantization:block_opt:416 - input_feat_modules: {'self_attn.q_proj': Linear(in_features=2048, out_features=2048, bias=False), 'self_attn.k_proj': Linear(in_features=2048, out_features=512, bias=False), 'self_attn.v_proj': Linear(in_features=2048, out_features=512, bias=False), 'self_attn.o_proj': Linear(in_features=2048, out_features=2048, bias=False), 'mlp.gate_proj': Linear(in_features=2048, out_features=8192, bias=False), 'mlp.up_proj': Linear(in_features=2048, out_features=8192, bias=False), 'mlp.down_proj': Linear(in_features=8192, out_features=2048, bias=False)}
2026-07-26 13:58:25.831 | INFO     | llmc.compression.quantization.base_blockwise_quantization:block_opt:416 - input_feat_modules: {'self_attn.q_proj': Linear(in_features=2048, out_features=2048, bias=False), 'self_attn.k_proj': Linear(in_features=2048, out_features=512, bias=False), 'self_attn.v_proj': Linear(in_features=2048, out_features=512, bias=False), 'self_attn.o_proj': Linear(in_features=2048, out_features=2048, bias=False), 'mlp.gate_proj': Linear(in_features=2048, out_features=8192, bias=False), 'mlp.up_proj': Linear(in_features=2048, out_features=8192, bias=False), 'mlp.down_proj': Linear(in_features=8192, out_features=2048, bias=False)}
2026-07-26 13:58:28.281 | INFO     | llmc.compression.quantization.base_blockwise_quantization:block_transform:484 - Start transform the 14-th block
2026-07-26 13:58:28.281 | INFO     | llmc.compression.quantization.base_blockwise_quantization:block_transform:484 - Start transform the 14-th block
2026-07-26 13:58:28.281 | INFO     | llmc.compression.quantization.base_blockwise_quantization:block_transform:493 - subset: {'layers': {'self_attn.q_proj': Linear(in_features=2048, out_features=2048, bias=False), 'self_attn.k_proj': Linear(in_features=2048, out_features=512, bias=False), 'self_attn.v_proj': Linear(in_features=2048, out_features=512, bias=False)}, 'prev_op': [LlamaRMSNorm((2048,), eps=1e-05)], 'input': ['self_attn.q_proj'], 'inspect': LlamaAttention(
  (q_proj): Linear(in_features=2048, out_features=2048, bias=False)
  (k_proj): Linear(in_features=2048, out_features=512, bias=False)
  (v_proj): Linear(in_features=2048, out_features=512, bias=False)
  (o_proj): Linear(in_features=2048, out_features=2048, bias=False)
), 'has_kwargs': True}
2026-07-26 13:58:28.281 | INFO     | llmc.compression.quantization.base_blockwise_quantization:block_transform:493 - subset: {'layers': {'self_attn.q_proj': Linear(in_features=2048, out_features=2048, bias=False), 'self_attn.k_proj': Linear(in_features=2048, out_features=512, bias=False), 'self_attn.v_proj': Linear(in_features=2048, out_features=512, bias=False)}, 'prev_op': [LlamaRMSNorm((2048,), eps=1e-05)], 'input': ['self_attn.q_proj'], 'inspect': LlamaAttention(
  (q_proj): Linear(in_features=2048, out_features=2048, bias=False)
  (k_proj): Linear(in_features=2048, out_features=512, bias=False)
  (v_proj): Linear(in_features=2048, out_features=512, bias=False)
  (o_proj): Linear(in_features=2048, out_features=2048, bias=False)
), 'has_kwargs': True}
2026-07-26 13:58:28.694 | INFO     | llmc.compression.quantization.gptq:update_layer_with_transformed_weights:184 - error 8388.1748046875
2026-07-26 13:58:28.694 | INFO     | llmc.compression.quantization.gptq:update_layer_with_transformed_weights:184 - error 8388.1748046875
2026-07-26 13:58:29.123 | INFO     | llmc.compression.quantization.gptq:update_layer_with_transformed_weights:184 - error 4428.1455078125
2026-07-26 13:58:29.123 | INFO     | llmc.compression.quantization.gptq:update_layer_with_transformed_weights:184 - error 4428.1455078125
2026-07-26 13:58:29.549 | INFO     | llmc.compression.quantization.gptq:update_layer_with_transformed_weights:184 - error 1879.642578125
2026-07-26 13:58:29.549 | INFO     | llmc.compression.quantization.gptq:update_layer_with_transformed_weights:184 - error 1879.642578125
2026-07-26 13:58:29.550 | INFO     | llmc.models.base_model:replace_module_subset:432 - replace >>> self_attn.q_proj in 14-th block
2026-07-26 13:58:29.550 | INFO     | llmc.models.base_model:replace_module_subset:432 - replace >>> self_attn.q_proj in 14-th block
2026-07-26 13:58:29.550 | INFO     | llmc.models.base_model:replace_module_subset:432 - replace >>> self_attn.k_proj in 14-th block
2026-07-26 13:58:29.550 | INFO     | llmc.models.base_model:replace_module_subset:432 - replace >>> self_attn.k_proj in 14-th block
2026-07-26 13:58:29.551 | INFO     | llmc.models.base_model:replace_module_subset:432 - replace >>> self_attn.v_proj in 14-th block
2026-07-26 13:58:29.551 | INFO     | llmc.models.base_model:replace_module_subset:432 - replace >>> self_attn.v_proj in 14-th block
2026-07-26 13:58:30.271 | INFO     | llmc.compression.quantization.base_blockwise_quantization:block_transform:493 - subset: {'layers': {'self_attn.o_proj': Linear(in_features=2048, out_features=2048, bias=False)}, 'prev_op': [Linear(in_features=2048, out_features=512, bias=False)], 'input': ['self_attn.o_proj'], 'inspect': Linear(in_features=2048, out_features=2048, bias=False), 'has_kwargs': False}
2026-07-26 13:58:30.271 | INFO     | llmc.compression.quantization.base_blockwise_quantization:block_transform:493 - subset: {'layers': {'self_attn.o_proj': Linear(in_features=2048, out_features=2048, bias=False)}, 'prev_op': [Linear(in_features=2048, out_features=512, bias=False)], 'input': ['self_attn.o_proj'], 'inspect': Linear(in_features=2048, out_features=2048, bias=False), 'has_kwargs': False}
2026-07-26 13:58:30.698 | INFO     | llmc.compression.quantization.gptq:update_layer_with_transformed_weights:184 - error 131.0457763671875
2026-07-26 13:58:30.698 | INFO     | llmc.compression.quantization.gptq:update_layer_with_transformed_weights:184 - error 131.0457763671875
2026-07-26 13:58:30.710 | INFO     | llmc.models.base_model:replace_module_subset:432 - replace >>> self_attn.o_proj in 14-th block
2026-07-26 13:58:30.710 | INFO     | llmc.models.base_model:replace_module_subset:432 - replace >>> self_attn.o_proj in 14-th block
2026-07-26 13:58:31.526 | INFO     | llmc.compression.quantization.base_blockwise_quantization:block_transform:493 - subset: {'layers': {'mlp.gate_proj': Linear(in_features=2048, out_features=8192, bias=False), 'mlp.up_proj': Linear(in_features=2048, out_features=8192, bias=False)}, 'prev_op': [LlamaRMSNorm((2048,), eps=1e-05)], 'input': ['mlp.gate_proj'], 'inspect': LlamaMLP(
  (gate_proj): Linear(in_features=2048, out_features=8192, bias=False)
  (up_proj): Linear(in_features=2048, out_features=8192, bias=False)
  (down_proj): Linear(in_features=8192, out_features=2048, bias=False)
  (act_fn): SiLUActivation()
), 'has_kwargs': False, 'is_mlp': True}
2026-07-26 13:58:31.526 | INFO     | llmc.compression.quantization.base_blockwise_quantization:block_transform:493 - subset: {'layers': {'mlp.gate_proj': Linear(in_features=2048, out_features=8192, bias=False), 'mlp.up_proj': Linear(in_features=2048, out_features=8192, bias=False)}, 'prev_op': [LlamaRMSNorm((2048,), eps=1e-05)], 'input': ['mlp.gate_proj'], 'inspect': LlamaMLP(
  (gate_proj): Linear(in_features=2048, out_features=8192, bias=False)
  (up_proj): Linear(in_features=2048, out_features=8192, bias=False)
  (down_proj): Linear(in_features=8192, out_features=2048, bias=False)
  (act_fn): SiLUActivation()
), 'has_kwargs': False, 'is_mlp': True}
2026-07-26 13:58:31.945 | INFO     | llmc.compression.quantization.gptq:update_layer_with_transformed_weights:184 - error 14163.1669921875
2026-07-26 13:58:31.945 | INFO     | llmc.compression.quantization.gptq:update_layer_with_transformed_weights:184 - error 14163.1669921875
2026-07-26 13:58:32.387 | INFO     | llmc.compression.quantization.gptq:update_layer_with_transformed_weights:184 - error 9784.24609375
2026-07-26 13:58:32.387 | INFO     | llmc.compression.quantization.gptq:update_layer_with_transformed_weights:184 - error 9784.24609375
2026-07-26 13:58:32.391 | INFO     | llmc.models.base_model:replace_module_subset:432 - replace >>> mlp.gate_proj in 14-th block
2026-07-26 13:58:32.391 | INFO     | llmc.models.base_model:replace_module_subset:432 - replace >>> mlp.gate_proj in 14-th block
2026-07-26 13:58:32.391 | INFO     | llmc.models.base_model:replace_module_subset:432 - replace >>> mlp.up_proj in 14-th block
2026-07-26 13:58:32.391 | INFO     | llmc.models.base_model:replace_module_subset:432 - replace >>> mlp.up_proj in 14-th block
2026-07-26 13:58:34.407 | INFO     | llmc.compression.quantization.base_blockwise_quantization:block_transform:493 - subset: {'layers': {'mlp.down_proj': Linear(in_features=8192, out_features=2048, bias=False)}, 'prev_op': [Linear(in_features=2048, out_features=8192, bias=False)], 'input': ['mlp.down_proj'], 'inspect': Linear(in_features=8192, out_features=2048, bias=False), 'has_kwargs': False, 'is_mlp': True}
2026-07-26 13:58:34.407 | INFO     | llmc.compression.quantization.base_blockwise_quantization:block_transform:493 - subset: {'layers': {'mlp.down_proj': Linear(in_features=8192, out_features=2048, bias=False)}, 'prev_op': [Linear(in_features=2048, out_features=8192, bias=False)], 'input': ['mlp.down_proj'], 'inspect': Linear(in_features=8192, out_features=2048, bias=False), 'has_kwargs': False, 'is_mlp': True}
2026-07-26 13:58:36.183 | INFO     | llmc.compression.quantization.gptq:update_layer_with_transformed_weights:184 - error 488.9399719238281
2026-07-26 13:58:36.183 | INFO     | llmc.compression.quantization.gptq:update_layer_with_transformed_weights:184 - error 488.9399719238281
2026-07-26 13:58:36.200 | INFO     | llmc.compression.quantization.base_blockwise_quantization:block_transform:523 - End transform the 14-th block
2026-07-26 13:58:36.200 | INFO     | llmc.compression.quantization.base_blockwise_quantization:block_transform:523 - End transform the 14-th block
2026-07-26 13:58:36.200 | INFO     | llmc.models.base_model:replace_module_subset:432 - replace >>> self_attn.q_proj in 14-th block
2026-07-26 13:58:36.200 | INFO     | llmc.models.base_model:replace_module_subset:432 - replace >>> self_attn.q_proj in 14-th block
2026-07-26 13:58:36.200 | INFO     | llmc.models.base_model:replace_module_subset:432 - replace >>> self_attn.k_proj in 14-th block
2026-07-26 13:58:36.200 | INFO     | llmc.models.base_model:replace_module_subset:432 - replace >>> self_attn.k_proj in 14-th block
2026-07-26 13:58:36.201 | INFO     | llmc.models.base_model:replace_module_subset:432 - replace >>> self_attn.v_proj in 14-th block
2026-07-26 13:58:36.201 | INFO     | llmc.models.base_model:replace_module_subset:432 - replace >>> self_attn.v_proj in 14-th block
2026-07-26 13:58:36.201 | INFO     | llmc.models.base_model:replace_module_subset:432 - replace >>> self_attn.o_proj in 14-th block
2026-07-26 13:58:36.201 | INFO     | llmc.models.base_model:replace_module_subset:432 - replace >>> self_attn.o_proj in 14-th block
2026-07-26 13:58:36.201 | INFO     | llmc.models.base_model:replace_module_subset:432 - replace >>> mlp.gate_proj in 14-th block
2026-07-26 13:58:36.201 | INFO     | llmc.models.base_model:replace_module_subset:432 - replace >>> mlp.gate_proj in 14-th block
2026-07-26 13:58:36.201 | INFO     | llmc.models.base_model:replace_module_subset:432 - replace >>> mlp.up_proj in 14-th block
2026-07-26 13:58:36.201 | INFO     | llmc.models.base_model:replace_module_subset:432 - replace >>> mlp.up_proj in 14-th block
2026-07-26 13:58:36.201 | INFO     | llmc.models.base_model:replace_module_subset:432 - replace >>> mlp.down_proj in 14-th block
2026-07-26 13:58:36.201 | INFO     | llmc.models.base_model:replace_module_subset:432 - replace >>> mlp.down_proj in 14-th block
2026-07-26 13:58:37.201 | INFO     | llmc.compression.blockwise_optimization:run_block_loop:36 - 
block index: 15/16 
block: LlamaDecoderLayer(
  (self_attn): LlamaAttention(
    (q_proj): Linear(in_features=2048, out_features=2048, bias=False)
    (k_proj): Linear(in_features=2048, out_features=512, bias=False)
    (v_proj): Linear(in_features=2048, out_features=512, bias=False)
    (o_proj): Linear(in_features=2048, out_features=2048, bias=False)
  )
  (mlp): LlamaMLP(
    (gate_proj): Linear(in_features=2048, out_features=8192, bias=False)
    (up_proj): Linear(in_features=2048, out_features=8192, bias=False)
    (down_proj): Linear(in_features=8192, out_features=2048, bias=False)
    (act_fn): SiLUActivation()
  )
  (input_layernorm): LlamaRMSNorm((2048,), eps=1e-05)
  (post_attention_layernorm): LlamaRMSNorm((2048,), eps=1e-05)
)
2026-07-26 13:58:37.201 | INFO     | llmc.compression.blockwise_optimization:run_block_loop:36 - 
block index: 15/16 
block: LlamaDecoderLayer(
  (self_attn): LlamaAttention(
    (q_proj): Linear(in_features=2048, out_features=2048, bias=False)
    (k_proj): Linear(in_features=2048, out_features=512, bias=False)
    (v_proj): Linear(in_features=2048, out_features=512, bias=False)
    (o_proj): Linear(in_features=2048, out_features=2048, bias=False)
  )
  (mlp): LlamaMLP(
    (gate_proj): Linear(in_features=2048, out_features=8192, bias=False)
    (up_proj): Linear(in_features=2048, out_features=8192, bias=False)
    (down_proj): Linear(in_features=8192, out_features=2048, bias=False)
    (act_fn): SiLUActivation()
  )
  (input_layernorm): LlamaRMSNorm((2048,), eps=1e-05)
  (post_attention_layernorm): LlamaRMSNorm((2048,), eps=1e-05)
)
2026-07-26 13:58:37.218 | INFO     | llmc.compression.quantization.base_blockwise_quantization:block_opt:416 - input_feat_modules: {'self_attn.q_proj': Linear(in_features=2048, out_features=2048, bias=False), 'self_attn.k_proj': Linear(in_features=2048, out_features=512, bias=False), 'self_attn.v_proj': Linear(in_features=2048, out_features=512, bias=False), 'self_attn.o_proj': Linear(in_features=2048, out_features=2048, bias=False), 'mlp.gate_proj': Linear(in_features=2048, out_features=8192, bias=False), 'mlp.up_proj': Linear(in_features=2048, out_features=8192, bias=False), 'mlp.down_proj': Linear(in_features=8192, out_features=2048, bias=False)}
2026-07-26 13:58:37.218 | INFO     | llmc.compression.quantization.base_blockwise_quantization:block_opt:416 - input_feat_modules: {'self_attn.q_proj': Linear(in_features=2048, out_features=2048, bias=False), 'self_attn.k_proj': Linear(in_features=2048, out_features=512, bias=False), 'self_attn.v_proj': Linear(in_features=2048, out_features=512, bias=False), 'self_attn.o_proj': Linear(in_features=2048, out_features=2048, bias=False), 'mlp.gate_proj': Linear(in_features=2048, out_features=8192, bias=False), 'mlp.up_proj': Linear(in_features=2048, out_features=8192, bias=False), 'mlp.down_proj': Linear(in_features=8192, out_features=2048, bias=False)}
2026-07-26 13:58:39.669 | INFO     | llmc.compression.quantization.base_blockwise_quantization:block_transform:484 - Start transform the 15-th block
2026-07-26 13:58:39.669 | INFO     | llmc.compression.quantization.base_blockwise_quantization:block_transform:484 - Start transform the 15-th block
2026-07-26 13:58:39.669 | INFO     | llmc.compression.quantization.base_blockwise_quantization:block_transform:493 - subset: {'layers': {'self_attn.q_proj': Linear(in_features=2048, out_features=2048, bias=False), 'self_attn.k_proj': Linear(in_features=2048, out_features=512, bias=False), 'self_attn.v_proj': Linear(in_features=2048, out_features=512, bias=False)}, 'prev_op': [LlamaRMSNorm((2048,), eps=1e-05)], 'input': ['self_attn.q_proj'], 'inspect': LlamaAttention(
  (q_proj): Linear(in_features=2048, out_features=2048, bias=False)
  (k_proj): Linear(in_features=2048, out_features=512, bias=False)
  (v_proj): Linear(in_features=2048, out_features=512, bias=False)
  (o_proj): Linear(in_features=2048, out_features=2048, bias=False)
), 'has_kwargs': True}
2026-07-26 13:58:39.669 | INFO     | llmc.compression.quantization.base_blockwise_quantization:block_transform:493 - subset: {'layers': {'self_attn.q_proj': Linear(in_features=2048, out_features=2048, bias=False), 'self_attn.k_proj': Linear(in_features=2048, out_features=512, bias=False), 'self_attn.v_proj': Linear(in_features=2048, out_features=512, bias=False)}, 'prev_op': [LlamaRMSNorm((2048,), eps=1e-05)], 'input': ['self_attn.q_proj'], 'inspect': LlamaAttention(
  (q_proj): Linear(in_features=2048, out_features=2048, bias=False)
  (k_proj): Linear(in_features=2048, out_features=512, bias=False)
  (v_proj): Linear(in_features=2048, out_features=512, bias=False)
  (o_proj): Linear(in_features=2048, out_features=2048, bias=False)
), 'has_kwargs': True}
2026-07-26 13:58:40.092 | INFO     | llmc.compression.quantization.gptq:update_layer_with_transformed_weights:184 - error 7604.0693359375
2026-07-26 13:58:40.092 | INFO     | llmc.compression.quantization.gptq:update_layer_with_transformed_weights:184 - error 7604.0693359375
2026-07-26 13:58:40.517 | INFO     | llmc.compression.quantization.gptq:update_layer_with_transformed_weights:184 - error 4384.8447265625
2026-07-26 13:58:40.517 | INFO     | llmc.compression.quantization.gptq:update_layer_with_transformed_weights:184 - error 4384.8447265625
2026-07-26 13:58:40.938 | INFO     | llmc.compression.quantization.gptq:update_layer_with_transformed_weights:184 - error 1852.1748046875
2026-07-26 13:58:40.938 | INFO     | llmc.compression.quantization.gptq:update_layer_with_transformed_weights:184 - error 1852.1748046875
2026-07-26 13:58:40.938 | INFO     | llmc.models.base_model:replace_module_subset:432 - replace >>> self_attn.q_proj in 15-th block
2026-07-26 13:58:40.938 | INFO     | llmc.models.base_model:replace_module_subset:432 - replace >>> self_attn.q_proj in 15-th block
2026-07-26 13:58:40.939 | INFO     | llmc.models.base_model:replace_module_subset:432 - replace >>> self_attn.k_proj in 15-th block
2026-07-26 13:58:40.939 | INFO     | llmc.models.base_model:replace_module_subset:432 - replace >>> self_attn.k_proj in 15-th block
2026-07-26 13:58:40.939 | INFO     | llmc.models.base_model:replace_module_subset:432 - replace >>> self_attn.v_proj in 15-th block
2026-07-26 13:58:40.939 | INFO     | llmc.models.base_model:replace_module_subset:432 - replace >>> self_attn.v_proj in 15-th block
2026-07-26 13:58:41.662 | INFO     | llmc.compression.quantization.base_blockwise_quantization:block_transform:493 - subset: {'layers': {'self_attn.o_proj': Linear(in_features=2048, out_features=2048, bias=False)}, 'prev_op': [Linear(in_features=2048, out_features=512, bias=False)], 'input': ['self_attn.o_proj'], 'inspect': Linear(in_features=2048, out_features=2048, bias=False), 'has_kwargs': False}
2026-07-26 13:58:41.662 | INFO     | llmc.compression.quantization.base_blockwise_quantization:block_transform:493 - subset: {'layers': {'self_attn.o_proj': Linear(in_features=2048, out_features=2048, bias=False)}, 'prev_op': [Linear(in_features=2048, out_features=512, bias=False)], 'input': ['self_attn.o_proj'], 'inspect': Linear(in_features=2048, out_features=2048, bias=False), 'has_kwargs': False}
2026-07-26 13:58:42.090 | INFO     | llmc.compression.quantization.gptq:update_layer_with_transformed_weights:184 - error 572.074462890625
2026-07-26 13:58:42.090 | INFO     | llmc.compression.quantization.gptq:update_layer_with_transformed_weights:184 - error 572.074462890625
2026-07-26 13:58:42.093 | INFO     | llmc.models.base_model:replace_module_subset:432 - replace >>> self_attn.o_proj in 15-th block
2026-07-26 13:58:42.093 | INFO     | llmc.models.base_model:replace_module_subset:432 - replace >>> self_attn.o_proj in 15-th block
2026-07-26 13:58:42.901 | INFO     | llmc.compression.quantization.base_blockwise_quantization:block_transform:493 - subset: {'layers': {'mlp.gate_proj': Linear(in_features=2048, out_features=8192, bias=False), 'mlp.up_proj': Linear(in_features=2048, out_features=8192, bias=False)}, 'prev_op': [LlamaRMSNorm((2048,), eps=1e-05)], 'input': ['mlp.gate_proj'], 'inspect': LlamaMLP(
  (gate_proj): Linear(in_features=2048, out_features=8192, bias=False)
  (up_proj): Linear(in_features=2048, out_features=8192, bias=False)
  (down_proj): Linear(in_features=8192, out_features=2048, bias=False)
  (act_fn): SiLUActivation()
), 'has_kwargs': False, 'is_mlp': True}
2026-07-26 13:58:42.901 | INFO     | llmc.compression.quantization.base_blockwise_quantization:block_transform:493 - subset: {'layers': {'mlp.gate_proj': Linear(in_features=2048, out_features=8192, bias=False), 'mlp.up_proj': Linear(in_features=2048, out_features=8192, bias=False)}, 'prev_op': [LlamaRMSNorm((2048,), eps=1e-05)], 'input': ['mlp.gate_proj'], 'inspect': LlamaMLP(
  (gate_proj): Linear(in_features=2048, out_features=8192, bias=False)
  (up_proj): Linear(in_features=2048, out_features=8192, bias=False)
  (down_proj): Linear(in_features=8192, out_features=2048, bias=False)
  (act_fn): SiLUActivation()
), 'has_kwargs': False, 'is_mlp': True}
2026-07-26 13:58:43.336 | INFO     | llmc.compression.quantization.gptq:update_layer_with_transformed_weights:184 - error 15788.14453125
2026-07-26 13:58:43.336 | INFO     | llmc.compression.quantization.gptq:update_layer_with_transformed_weights:184 - error 15788.14453125
2026-07-26 13:58:43.773 | INFO     | llmc.compression.quantization.gptq:update_layer_with_transformed_weights:184 - error 11813.1767578125
2026-07-26 13:58:43.773 | INFO     | llmc.compression.quantization.gptq:update_layer_with_transformed_weights:184 - error 11813.1767578125
2026-07-26 13:58:43.776 | INFO     | llmc.models.base_model:replace_module_subset:432 - replace >>> mlp.gate_proj in 15-th block
2026-07-26 13:58:43.776 | INFO     | llmc.models.base_model:replace_module_subset:432 - replace >>> mlp.gate_proj in 15-th block
2026-07-26 13:58:43.776 | INFO     | llmc.models.base_model:replace_module_subset:432 - replace >>> mlp.up_proj in 15-th block
2026-07-26 13:58:43.776 | INFO     | llmc.models.base_model:replace_module_subset:432 - replace >>> mlp.up_proj in 15-th block
2026-07-26 13:58:45.792 | INFO     | llmc.compression.quantization.base_blockwise_quantization:block_transform:493 - subset: {'layers': {'mlp.down_proj': Linear(in_features=8192, out_features=2048, bias=False)}, 'prev_op': [Linear(in_features=2048, out_features=8192, bias=False)], 'input': ['mlp.down_proj'], 'inspect': Linear(in_features=8192, out_features=2048, bias=False), 'has_kwargs': False, 'is_mlp': True}
2026-07-26 13:58:45.792 | INFO     | llmc.compression.quantization.base_blockwise_quantization:block_transform:493 - subset: {'layers': {'mlp.down_proj': Linear(in_features=8192, out_features=2048, bias=False)}, 'prev_op': [Linear(in_features=2048, out_features=8192, bias=False)], 'input': ['mlp.down_proj'], 'inspect': Linear(in_features=8192, out_features=2048, bias=False), 'has_kwargs': False, 'is_mlp': True}
2026-07-26 13:58:47.562 | INFO     | llmc.compression.quantization.gptq:update_layer_with_transformed_weights:184 - error 1085.8785400390625
2026-07-26 13:58:47.562 | INFO     | llmc.compression.quantization.gptq:update_layer_with_transformed_weights:184 - error 1085.8785400390625
2026-07-26 13:58:47.575 | INFO     | llmc.compression.quantization.base_blockwise_quantization:block_transform:523 - End transform the 15-th block
2026-07-26 13:58:47.575 | INFO     | llmc.compression.quantization.base_blockwise_quantization:block_transform:523 - End transform the 15-th block
2026-07-26 13:58:47.575 | INFO     | llmc.models.base_model:replace_module_subset:432 - replace >>> self_attn.q_proj in 15-th block
2026-07-26 13:58:47.575 | INFO     | llmc.models.base_model:replace_module_subset:432 - replace >>> self_attn.q_proj in 15-th block
2026-07-26 13:58:47.575 | INFO     | llmc.models.base_model:replace_module_subset:432 - replace >>> self_attn.k_proj in 15-th block
2026-07-26 13:58:47.575 | INFO     | llmc.models.base_model:replace_module_subset:432 - replace >>> self_attn.k_proj in 15-th block
2026-07-26 13:58:47.575 | INFO     | llmc.models.base_model:replace_module_subset:432 - replace >>> self_attn.v_proj in 15-th block
2026-07-26 13:58:47.575 | INFO     | llmc.models.base_model:replace_module_subset:432 - replace >>> self_attn.v_proj in 15-th block
2026-07-26 13:58:47.575 | INFO     | llmc.models.base_model:replace_module_subset:432 - replace >>> self_attn.o_proj in 15-th block
2026-07-26 13:58:47.575 | INFO     | llmc.models.base_model:replace_module_subset:432 - replace >>> self_attn.o_proj in 15-th block
2026-07-26 13:58:47.575 | INFO     | llmc.models.base_model:replace_module_subset:432 - replace >>> mlp.gate_proj in 15-th block
2026-07-26 13:58:47.575 | INFO     | llmc.models.base_model:replace_module_subset:432 - replace >>> mlp.gate_proj in 15-th block
2026-07-26 13:58:47.575 | INFO     | llmc.models.base_model:replace_module_subset:432 - replace >>> mlp.up_proj in 15-th block
2026-07-26 13:58:47.575 | INFO     | llmc.models.base_model:replace_module_subset:432 - replace >>> mlp.up_proj in 15-th block
2026-07-26 13:58:47.575 | INFO     | llmc.models.base_model:replace_module_subset:432 - replace >>> mlp.down_proj in 15-th block
2026-07-26 13:58:47.575 | INFO     | llmc.models.base_model:replace_module_subset:432 - replace >>> mlp.down_proj in 15-th block
/mnt/d/LightCompress/.venv-llmc/lib/python3.11/site-packages/torch/distributed/c10d_logger.py:83: UserWarning: barrier(): using the device under current context. You can specify `device_id` in `init_process_group` to mute this warning.
  return func(*args, **kwargs)
2026-07-26 13:58:48.580 | INFO     | llmc.compression.quantization.base_blockwise_quantization:deploy:971 - -- deploy_fake_quant_model start --
2026-07-26 13:58:48.580 | INFO     | llmc.compression.quantization.base_blockwise_quantization:deploy:971 - -- deploy_fake_quant_model start --
2026-07-26 13:58:48.580 | INFO     | llmc.compression.quantization.base_blockwise_quantization:deploy:972 - quant_config : {'method': 'GPTQ', 'weight': {'bit': 4, 'symmetric': False, 'granularity': 'per_group', 'group_size': 128, 'tp': 1}, 'special': {'actorder': True, 'static_groups': False, 'percdamp': 0.01, 'blocksize': 128, 'true_sequential': True}, 'quant_out': True, 'modality': 'language'}
2026-07-26 13:58:48.580 | INFO     | llmc.compression.quantization.base_blockwise_quantization:deploy:972 - quant_config : {'method': 'GPTQ', 'weight': {'bit': 4, 'symmetric': False, 'granularity': 'per_group', 'group_size': 128, 'tp': 1}, 'special': {'actorder': True, 'static_groups': False, 'percdamp': 0.01, 'blocksize': 128, 'true_sequential': True}, 'quant_out': True, 'modality': 'language'}
2026-07-26 13:58:48.580 | INFO     | llmc.models.base_model:add_layernorms_class:277 - _TRANSFORMERS_LN_TYPES_ : [<class 'torch.nn.modules.normalization.LayerNorm'>, <class 'transformers.models.llama.modeling_llama.LlamaRMSNorm'>]
2026-07-26 13:58:48.580 | INFO     | llmc.models.base_model:add_layernorms_class:277 - _TRANSFORMERS_LN_TYPES_ : [<class 'torch.nn.modules.normalization.LayerNorm'>, <class 'transformers.models.llama.modeling_llama.LlamaRMSNorm'>]
2026-07-26 13:58:48.580 | INFO     | llmc.compression.quantization.base_blockwise_quantization:deploy:991 - set modality: language
2026-07-26 13:58:48.580 | INFO     | llmc.compression.quantization.base_blockwise_quantization:deploy:991 - set modality: language
2026-07-26 13:58:48.580 | INFO     | llmc.models.base_model:replace_module_all:383 - Replace block index: 0/16
2026-07-26 13:58:48.580 | INFO     | llmc.models.base_model:replace_module_all:383 - Replace block index: 0/16
2026-07-26 13:58:48.623 | INFO     | llmc.models.base_model:replace_module_subset:432 - replace >>> self_attn.q_proj in 0-th block
2026-07-26 13:58:48.623 | INFO     | llmc.models.base_model:replace_module_subset:432 - replace >>> self_attn.q_proj in 0-th block
2026-07-26 13:58:48.624 | INFO     | llmc.models.base_model:replace_module_subset:432 - replace >>> self_attn.k_proj in 0-th block
2026-07-26 13:58:48.624 | INFO     | llmc.models.base_model:replace_module_subset:432 - replace >>> self_attn.k_proj in 0-th block
2026-07-26 13:58:48.625 | INFO     | llmc.models.base_model:replace_module_subset:432 - replace >>> self_attn.v_proj in 0-th block
2026-07-26 13:58:48.625 | INFO     | llmc.models.base_model:replace_module_subset:432 - replace >>> self_attn.v_proj in 0-th block
2026-07-26 13:58:48.625 | INFO     | llmc.models.base_model:replace_module_subset:432 - replace >>> self_attn.o_proj in 0-th block
2026-07-26 13:58:48.625 | INFO     | llmc.models.base_model:replace_module_subset:432 - replace >>> self_attn.o_proj in 0-th block
2026-07-26 13:58:48.629 | INFO     | llmc.models.base_model:replace_module_subset:432 - replace >>> mlp.gate_proj in 0-th block
2026-07-26 13:58:48.629 | INFO     | llmc.models.base_model:replace_module_subset:432 - replace >>> mlp.gate_proj in 0-th block
2026-07-26 13:58:48.629 | INFO     | llmc.models.base_model:replace_module_subset:432 - replace >>> mlp.up_proj in 0-th block
2026-07-26 13:58:48.629 | INFO     | llmc.models.base_model:replace_module_subset:432 - replace >>> mlp.up_proj in 0-th block
2026-07-26 13:58:48.630 | INFO     | llmc.models.base_model:replace_module_subset:432 - replace >>> mlp.down_proj in 0-th block
2026-07-26 13:58:48.630 | INFO     | llmc.models.base_model:replace_module_subset:432 - replace >>> mlp.down_proj in 0-th block
2026-07-26 13:58:48.942 | INFO     | llmc.models.base_model:replace_module_all:383 - Replace block index: 1/16
2026-07-26 13:58:48.942 | INFO     | llmc.models.base_model:replace_module_all:383 - Replace block index: 1/16
2026-07-26 13:58:48.990 | INFO     | llmc.models.base_model:replace_module_subset:432 - replace >>> self_attn.q_proj in 1-th block
2026-07-26 13:58:48.990 | INFO     | llmc.models.base_model:replace_module_subset:432 - replace >>> self_attn.q_proj in 1-th block
2026-07-26 13:58:48.990 | INFO     | llmc.models.base_model:replace_module_subset:432 - replace >>> self_attn.k_proj in 1-th block
2026-07-26 13:58:48.990 | INFO     | llmc.models.base_model:replace_module_subset:432 - replace >>> self_attn.k_proj in 1-th block
2026-07-26 13:58:48.991 | INFO     | llmc.models.base_model:replace_module_subset:432 - replace >>> self_attn.v_proj in 1-th block
2026-07-26 13:58:48.991 | INFO     | llmc.models.base_model:replace_module_subset:432 - replace >>> self_attn.v_proj in 1-th block
2026-07-26 13:58:48.991 | INFO     | llmc.models.base_model:replace_module_subset:432 - replace >>> self_attn.o_proj in 1-th block
2026-07-26 13:58:48.991 | INFO     | llmc.models.base_model:replace_module_subset:432 - replace >>> self_attn.o_proj in 1-th block
2026-07-26 13:58:48.995 | INFO     | llmc.models.base_model:replace_module_subset:432 - replace >>> mlp.gate_proj in 1-th block
2026-07-26 13:58:48.995 | INFO     | llmc.models.base_model:replace_module_subset:432 - replace >>> mlp.gate_proj in 1-th block
2026-07-26 13:58:48.996 | INFO     | llmc.models.base_model:replace_module_subset:432 - replace >>> mlp.up_proj in 1-th block
2026-07-26 13:58:48.996 | INFO     | llmc.models.base_model:replace_module_subset:432 - replace >>> mlp.up_proj in 1-th block
2026-07-26 13:58:48.997 | INFO     | llmc.models.base_model:replace_module_subset:432 - replace >>> mlp.down_proj in 1-th block
2026-07-26 13:58:48.997 | INFO     | llmc.models.base_model:replace_module_subset:432 - replace >>> mlp.down_proj in 1-th block
2026-07-26 13:58:49.306 | INFO     | llmc.models.base_model:replace_module_all:383 - Replace block index: 2/16
2026-07-26 13:58:49.306 | INFO     | llmc.models.base_model:replace_module_all:383 - Replace block index: 2/16
2026-07-26 13:58:49.351 | INFO     | llmc.models.base_model:replace_module_subset:432 - replace >>> self_attn.q_proj in 2-th block
2026-07-26 13:58:49.351 | INFO     | llmc.models.base_model:replace_module_subset:432 - replace >>> self_attn.q_proj in 2-th block
2026-07-26 13:58:49.351 | INFO     | llmc.models.base_model:replace_module_subset:432 - replace >>> self_attn.k_proj in 2-th block
2026-07-26 13:58:49.351 | INFO     | llmc.models.base_model:replace_module_subset:432 - replace >>> self_attn.k_proj in 2-th block
2026-07-26 13:58:49.351 | INFO     | llmc.models.base_model:replace_module_subset:432 - replace >>> self_attn.v_proj in 2-th block
2026-07-26 13:58:49.351 | INFO     | llmc.models.base_model:replace_module_subset:432 - replace >>> self_attn.v_proj in 2-th block
2026-07-26 13:58:49.352 | INFO     | llmc.models.base_model:replace_module_subset:432 - replace >>> self_attn.o_proj in 2-th block
2026-07-26 13:58:49.352 | INFO     | llmc.models.base_model:replace_module_subset:432 - replace >>> self_attn.o_proj in 2-th block
2026-07-26 13:58:49.355 | INFO     | llmc.models.base_model:replace_module_subset:432 - replace >>> mlp.gate_proj in 2-th block
2026-07-26 13:58:49.355 | INFO     | llmc.models.base_model:replace_module_subset:432 - replace >>> mlp.gate_proj in 2-th block
2026-07-26 13:58:49.356 | INFO     | llmc.models.base_model:replace_module_subset:432 - replace >>> mlp.up_proj in 2-th block
2026-07-26 13:58:49.356 | INFO     | llmc.models.base_model:replace_module_subset:432 - replace >>> mlp.up_proj in 2-th block
2026-07-26 13:58:49.357 | INFO     | llmc.models.base_model:replace_module_subset:432 - replace >>> mlp.down_proj in 2-th block
2026-07-26 13:58:49.357 | INFO     | llmc.models.base_model:replace_module_subset:432 - replace >>> mlp.down_proj in 2-th block
2026-07-26 13:58:49.658 | INFO     | llmc.models.base_model:replace_module_all:383 - Replace block index: 3/16
2026-07-26 13:58:49.658 | INFO     | llmc.models.base_model:replace_module_all:383 - Replace block index: 3/16
2026-07-26 13:58:49.701 | INFO     | llmc.models.base_model:replace_module_subset:432 - replace >>> self_attn.q_proj in 3-th block
2026-07-26 13:58:49.701 | INFO     | llmc.models.base_model:replace_module_subset:432 - replace >>> self_attn.q_proj in 3-th block
2026-07-26 13:58:49.701 | INFO     | llmc.models.base_model:replace_module_subset:432 - replace >>> self_attn.k_proj in 3-th block
2026-07-26 13:58:49.701 | INFO     | llmc.models.base_model:replace_module_subset:432 - replace >>> self_attn.k_proj in 3-th block
2026-07-26 13:58:49.702 | INFO     | llmc.models.base_model:replace_module_subset:432 - replace >>> self_attn.v_proj in 3-th block
2026-07-26 13:58:49.702 | INFO     | llmc.models.base_model:replace_module_subset:432 - replace >>> self_attn.v_proj in 3-th block
2026-07-26 13:58:49.702 | INFO     | llmc.models.base_model:replace_module_subset:432 - replace >>> self_attn.o_proj in 3-th block
2026-07-26 13:58:49.702 | INFO     | llmc.models.base_model:replace_module_subset:432 - replace >>> self_attn.o_proj in 3-th block
2026-07-26 13:58:49.706 | INFO     | llmc.models.base_model:replace_module_subset:432 - replace >>> mlp.gate_proj in 3-th block
2026-07-26 13:58:49.706 | INFO     | llmc.models.base_model:replace_module_subset:432 - replace >>> mlp.gate_proj in 3-th block
2026-07-26 13:58:49.706 | INFO     | llmc.models.base_model:replace_module_subset:432 - replace >>> mlp.up_proj in 3-th block
2026-07-26 13:58:49.706 | INFO     | llmc.models.base_model:replace_module_subset:432 - replace >>> mlp.up_proj in 3-th block
2026-07-26 13:58:49.708 | INFO     | llmc.models.base_model:replace_module_subset:432 - replace >>> mlp.down_proj in 3-th block
2026-07-26 13:58:49.708 | INFO     | llmc.models.base_model:replace_module_subset:432 - replace >>> mlp.down_proj in 3-th block
2026-07-26 13:58:50.012 | INFO     | llmc.models.base_model:replace_module_all:383 - Replace block index: 4/16
2026-07-26 13:58:50.012 | INFO     | llmc.models.base_model:replace_module_all:383 - Replace block index: 4/16
2026-07-26 13:58:50.056 | INFO     | llmc.models.base_model:replace_module_subset:432 - replace >>> self_attn.q_proj in 4-th block
2026-07-26 13:58:50.056 | INFO     | llmc.models.base_model:replace_module_subset:432 - replace >>> self_attn.q_proj in 4-th block
2026-07-26 13:58:50.056 | INFO     | llmc.models.base_model:replace_module_subset:432 - replace >>> self_attn.k_proj in 4-th block
2026-07-26 13:58:50.056 | INFO     | llmc.models.base_model:replace_module_subset:432 - replace >>> self_attn.k_proj in 4-th block
2026-07-26 13:58:50.057 | INFO     | llmc.models.base_model:replace_module_subset:432 - replace >>> self_attn.v_proj in 4-th block
2026-07-26 13:58:50.057 | INFO     | llmc.models.base_model:replace_module_subset:432 - replace >>> self_attn.v_proj in 4-th block
2026-07-26 13:58:50.057 | INFO     | llmc.models.base_model:replace_module_subset:432 - replace >>> self_attn.o_proj in 4-th block
2026-07-26 13:58:50.057 | INFO     | llmc.models.base_model:replace_module_subset:432 - replace >>> self_attn.o_proj in 4-th block
2026-07-26 13:58:50.062 | INFO     | llmc.models.base_model:replace_module_subset:432 - replace >>> mlp.gate_proj in 4-th block
2026-07-26 13:58:50.062 | INFO     | llmc.models.base_model:replace_module_subset:432 - replace >>> mlp.gate_proj in 4-th block
2026-07-26 13:58:50.063 | INFO     | llmc.models.base_model:replace_module_subset:432 - replace >>> mlp.up_proj in 4-th block
2026-07-26 13:58:50.063 | INFO     | llmc.models.base_model:replace_module_subset:432 - replace >>> mlp.up_proj in 4-th block
2026-07-26 13:58:50.065 | INFO     | llmc.models.base_model:replace_module_subset:432 - replace >>> mlp.down_proj in 4-th block
2026-07-26 13:58:50.065 | INFO     | llmc.models.base_model:replace_module_subset:432 - replace >>> mlp.down_proj in 4-th block
2026-07-26 13:58:50.374 | INFO     | llmc.models.base_model:replace_module_all:383 - Replace block index: 5/16
2026-07-26 13:58:50.374 | INFO     | llmc.models.base_model:replace_module_all:383 - Replace block index: 5/16
2026-07-26 13:58:50.419 | INFO     | llmc.models.base_model:replace_module_subset:432 - replace >>> self_attn.q_proj in 5-th block
2026-07-26 13:58:50.419 | INFO     | llmc.models.base_model:replace_module_subset:432 - replace >>> self_attn.q_proj in 5-th block
2026-07-26 13:58:50.419 | INFO     | llmc.models.base_model:replace_module_subset:432 - replace >>> self_attn.k_proj in 5-th block
2026-07-26 13:58:50.419 | INFO     | llmc.models.base_model:replace_module_subset:432 - replace >>> self_attn.k_proj in 5-th block
2026-07-26 13:58:50.420 | INFO     | llmc.models.base_model:replace_module_subset:432 - replace >>> self_attn.v_proj in 5-th block
2026-07-26 13:58:50.420 | INFO     | llmc.models.base_model:replace_module_subset:432 - replace >>> self_attn.v_proj in 5-th block
2026-07-26 13:58:50.420 | INFO     | llmc.models.base_model:replace_module_subset:432 - replace >>> self_attn.o_proj in 5-th block
2026-07-26 13:58:50.420 | INFO     | llmc.models.base_model:replace_module_subset:432 - replace >>> self_attn.o_proj in 5-th block
2026-07-26 13:58:50.424 | INFO     | llmc.models.base_model:replace_module_subset:432 - replace >>> mlp.gate_proj in 5-th block
2026-07-26 13:58:50.424 | INFO     | llmc.models.base_model:replace_module_subset:432 - replace >>> mlp.gate_proj in 5-th block
2026-07-26 13:58:50.425 | INFO     | llmc.models.base_model:replace_module_subset:432 - replace >>> mlp.up_proj in 5-th block
2026-07-26 13:58:50.425 | INFO     | llmc.models.base_model:replace_module_subset:432 - replace >>> mlp.up_proj in 5-th block
2026-07-26 13:58:50.426 | INFO     | llmc.models.base_model:replace_module_subset:432 - replace >>> mlp.down_proj in 5-th block
2026-07-26 13:58:50.426 | INFO     | llmc.models.base_model:replace_module_subset:432 - replace >>> mlp.down_proj in 5-th block
2026-07-26 13:58:50.744 | INFO     | llmc.models.base_model:replace_module_all:383 - Replace block index: 6/16
2026-07-26 13:58:50.744 | INFO     | llmc.models.base_model:replace_module_all:383 - Replace block index: 6/16
2026-07-26 13:58:50.790 | INFO     | llmc.models.base_model:replace_module_subset:432 - replace >>> self_attn.q_proj in 6-th block
2026-07-26 13:58:50.790 | INFO     | llmc.models.base_model:replace_module_subset:432 - replace >>> self_attn.q_proj in 6-th block
2026-07-26 13:58:50.790 | INFO     | llmc.models.base_model:replace_module_subset:432 - replace >>> self_attn.k_proj in 6-th block
2026-07-26 13:58:50.790 | INFO     | llmc.models.base_model:replace_module_subset:432 - replace >>> self_attn.k_proj in 6-th block
2026-07-26 13:58:50.791 | INFO     | llmc.models.base_model:replace_module_subset:432 - replace >>> self_attn.v_proj in 6-th block
2026-07-26 13:58:50.791 | INFO     | llmc.models.base_model:replace_module_subset:432 - replace >>> self_attn.v_proj in 6-th block
2026-07-26 13:58:50.791 | INFO     | llmc.models.base_model:replace_module_subset:432 - replace >>> self_attn.o_proj in 6-th block
2026-07-26 13:58:50.791 | INFO     | llmc.models.base_model:replace_module_subset:432 - replace >>> self_attn.o_proj in 6-th block
2026-07-26 13:58:50.795 | INFO     | llmc.models.base_model:replace_module_subset:432 - replace >>> mlp.gate_proj in 6-th block
2026-07-26 13:58:50.795 | INFO     | llmc.models.base_model:replace_module_subset:432 - replace >>> mlp.gate_proj in 6-th block
2026-07-26 13:58:50.796 | INFO     | llmc.models.base_model:replace_module_subset:432 - replace >>> mlp.up_proj in 6-th block
2026-07-26 13:58:50.796 | INFO     | llmc.models.base_model:replace_module_subset:432 - replace >>> mlp.up_proj in 6-th block
2026-07-26 13:58:50.797 | INFO     | llmc.models.base_model:replace_module_subset:432 - replace >>> mlp.down_proj in 6-th block
2026-07-26 13:58:50.797 | INFO     | llmc.models.base_model:replace_module_subset:432 - replace >>> mlp.down_proj in 6-th block
2026-07-26 13:58:51.107 | INFO     | llmc.models.base_model:replace_module_all:383 - Replace block index: 7/16
2026-07-26 13:58:51.107 | INFO     | llmc.models.base_model:replace_module_all:383 - Replace block index: 7/16
2026-07-26 13:58:51.152 | INFO     | llmc.models.base_model:replace_module_subset:432 - replace >>> self_attn.q_proj in 7-th block
2026-07-26 13:58:51.152 | INFO     | llmc.models.base_model:replace_module_subset:432 - replace >>> self_attn.q_proj in 7-th block
2026-07-26 13:58:51.152 | INFO     | llmc.models.base_model:replace_module_subset:432 - replace >>> self_attn.k_proj in 7-th block
2026-07-26 13:58:51.152 | INFO     | llmc.models.base_model:replace_module_subset:432 - replace >>> self_attn.k_proj in 7-th block
2026-07-26 13:58:51.153 | INFO     | llmc.models.base_model:replace_module_subset:432 - replace >>> self_attn.v_proj in 7-th block
2026-07-26 13:58:51.153 | INFO     | llmc.models.base_model:replace_module_subset:432 - replace >>> self_attn.v_proj in 7-th block
2026-07-26 13:58:51.153 | INFO     | llmc.models.base_model:replace_module_subset:432 - replace >>> self_attn.o_proj in 7-th block
2026-07-26 13:58:51.153 | INFO     | llmc.models.base_model:replace_module_subset:432 - replace >>> self_attn.o_proj in 7-th block
2026-07-26 13:58:51.157 | INFO     | llmc.models.base_model:replace_module_subset:432 - replace >>> mlp.gate_proj in 7-th block
2026-07-26 13:58:51.157 | INFO     | llmc.models.base_model:replace_module_subset:432 - replace >>> mlp.gate_proj in 7-th block
2026-07-26 13:58:51.158 | INFO     | llmc.models.base_model:replace_module_subset:432 - replace >>> mlp.up_proj in 7-th block
2026-07-26 13:58:51.158 | INFO     | llmc.models.base_model:replace_module_subset:432 - replace >>> mlp.up_proj in 7-th block
2026-07-26 13:58:51.160 | INFO     | llmc.models.base_model:replace_module_subset:432 - replace >>> mlp.down_proj in 7-th block
2026-07-26 13:58:51.160 | INFO     | llmc.models.base_model:replace_module_subset:432 - replace >>> mlp.down_proj in 7-th block
2026-07-26 13:58:51.450 | INFO     | llmc.models.base_model:replace_module_all:383 - Replace block index: 8/16
2026-07-26 13:58:51.450 | INFO     | llmc.models.base_model:replace_module_all:383 - Replace block index: 8/16
2026-07-26 13:58:51.497 | INFO     | llmc.models.base_model:replace_module_subset:432 - replace >>> self_attn.q_proj in 8-th block
2026-07-26 13:58:51.497 | INFO     | llmc.models.base_model:replace_module_subset:432 - replace >>> self_attn.q_proj in 8-th block
2026-07-26 13:58:51.497 | INFO     | llmc.models.base_model:replace_module_subset:432 - replace >>> self_attn.k_proj in 8-th block
2026-07-26 13:58:51.497 | INFO     | llmc.models.base_model:replace_module_subset:432 - replace >>> self_attn.k_proj in 8-th block
2026-07-26 13:58:51.497 | INFO     | llmc.models.base_model:replace_module_subset:432 - replace >>> self_attn.v_proj in 8-th block
2026-07-26 13:58:51.497 | INFO     | llmc.models.base_model:replace_module_subset:432 - replace >>> self_attn.v_proj in 8-th block
2026-07-26 13:58:51.497 | INFO     | llmc.models.base_model:replace_module_subset:432 - replace >>> self_attn.o_proj in 8-th block
2026-07-26 13:58:51.497 | INFO     | llmc.models.base_model:replace_module_subset:432 - replace >>> self_attn.o_proj in 8-th block
2026-07-26 13:58:51.502 | INFO     | llmc.models.base_model:replace_module_subset:432 - replace >>> mlp.gate_proj in 8-th block
2026-07-26 13:58:51.502 | INFO     | llmc.models.base_model:replace_module_subset:432 - replace >>> mlp.gate_proj in 8-th block
2026-07-26 13:58:51.503 | INFO     | llmc.models.base_model:replace_module_subset:432 - replace >>> mlp.up_proj in 8-th block
2026-07-26 13:58:51.503 | INFO     | llmc.models.base_model:replace_module_subset:432 - replace >>> mlp.up_proj in 8-th block
2026-07-26 13:58:51.506 | INFO     | llmc.models.base_model:replace_module_subset:432 - replace >>> mlp.down_proj in 8-th block
2026-07-26 13:58:51.506 | INFO     | llmc.models.base_model:replace_module_subset:432 - replace >>> mlp.down_proj in 8-th block
2026-07-26 13:58:51.804 | INFO     | llmc.models.base_model:replace_module_all:383 - Replace block index: 9/16
2026-07-26 13:58:51.804 | INFO     | llmc.models.base_model:replace_module_all:383 - Replace block index: 9/16
2026-07-26 13:58:51.850 | INFO     | llmc.models.base_model:replace_module_subset:432 - replace >>> self_attn.q_proj in 9-th block
2026-07-26 13:58:51.850 | INFO     | llmc.models.base_model:replace_module_subset:432 - replace >>> self_attn.q_proj in 9-th block
2026-07-26 13:58:51.850 | INFO     | llmc.models.base_model:replace_module_subset:432 - replace >>> self_attn.k_proj in 9-th block
2026-07-26 13:58:51.850 | INFO     | llmc.models.base_model:replace_module_subset:432 - replace >>> self_attn.k_proj in 9-th block
2026-07-26 13:58:51.851 | INFO     | llmc.models.base_model:replace_module_subset:432 - replace >>> self_attn.v_proj in 9-th block
2026-07-26 13:58:51.851 | INFO     | llmc.models.base_model:replace_module_subset:432 - replace >>> self_attn.v_proj in 9-th block
2026-07-26 13:58:51.851 | INFO     | llmc.models.base_model:replace_module_subset:432 - replace >>> self_attn.o_proj in 9-th block
2026-07-26 13:58:51.851 | INFO     | llmc.models.base_model:replace_module_subset:432 - replace >>> self_attn.o_proj in 9-th block
2026-07-26 13:58:51.855 | INFO     | llmc.models.base_model:replace_module_subset:432 - replace >>> mlp.gate_proj in 9-th block
2026-07-26 13:58:51.855 | INFO     | llmc.models.base_model:replace_module_subset:432 - replace >>> mlp.gate_proj in 9-th block
2026-07-26 13:58:51.856 | INFO     | llmc.models.base_model:replace_module_subset:432 - replace >>> mlp.up_proj in 9-th block
2026-07-26 13:58:51.856 | INFO     | llmc.models.base_model:replace_module_subset:432 - replace >>> mlp.up_proj in 9-th block
2026-07-26 13:58:51.857 | INFO     | llmc.models.base_model:replace_module_subset:432 - replace >>> mlp.down_proj in 9-th block
2026-07-26 13:58:51.857 | INFO     | llmc.models.base_model:replace_module_subset:432 - replace >>> mlp.down_proj in 9-th block
2026-07-26 13:58:52.165 | INFO     | llmc.models.base_model:replace_module_all:383 - Replace block index: 10/16
2026-07-26 13:58:52.165 | INFO     | llmc.models.base_model:replace_module_all:383 - Replace block index: 10/16
2026-07-26 13:58:52.211 | INFO     | llmc.models.base_model:replace_module_subset:432 - replace >>> self_attn.q_proj in 10-th block
2026-07-26 13:58:52.211 | INFO     | llmc.models.base_model:replace_module_subset:432 - replace >>> self_attn.q_proj in 10-th block
2026-07-26 13:58:52.211 | INFO     | llmc.models.base_model:replace_module_subset:432 - replace >>> self_attn.k_proj in 10-th block
2026-07-26 13:58:52.211 | INFO     | llmc.models.base_model:replace_module_subset:432 - replace >>> self_attn.k_proj in 10-th block
2026-07-26 13:58:52.212 | INFO     | llmc.models.base_model:replace_module_subset:432 - replace >>> self_attn.v_proj in 10-th block
2026-07-26 13:58:52.212 | INFO     | llmc.models.base_model:replace_module_subset:432 - replace >>> self_attn.v_proj in 10-th block
2026-07-26 13:58:52.212 | INFO     | llmc.models.base_model:replace_module_subset:432 - replace >>> self_attn.o_proj in 10-th block
2026-07-26 13:58:52.212 | INFO     | llmc.models.base_model:replace_module_subset:432 - replace >>> self_attn.o_proj in 10-th block
2026-07-26 13:58:52.216 | INFO     | llmc.models.base_model:replace_module_subset:432 - replace >>> mlp.gate_proj in 10-th block
2026-07-26 13:58:52.216 | INFO     | llmc.models.base_model:replace_module_subset:432 - replace >>> mlp.gate_proj in 10-th block
2026-07-26 13:58:52.217 | INFO     | llmc.models.base_model:replace_module_subset:432 - replace >>> mlp.up_proj in 10-th block
2026-07-26 13:58:52.217 | INFO     | llmc.models.base_model:replace_module_subset:432 - replace >>> mlp.up_proj in 10-th block
2026-07-26 13:58:52.218 | INFO     | llmc.models.base_model:replace_module_subset:432 - replace >>> mlp.down_proj in 10-th block
2026-07-26 13:58:52.218 | INFO     | llmc.models.base_model:replace_module_subset:432 - replace >>> mlp.down_proj in 10-th block
2026-07-26 13:58:52.531 | INFO     | llmc.models.base_model:replace_module_all:383 - Replace block index: 11/16
2026-07-26 13:58:52.531 | INFO     | llmc.models.base_model:replace_module_all:383 - Replace block index: 11/16
2026-07-26 13:58:52.576 | INFO     | llmc.models.base_model:replace_module_subset:432 - replace >>> self_attn.q_proj in 11-th block
2026-07-26 13:58:52.576 | INFO     | llmc.models.base_model:replace_module_subset:432 - replace >>> self_attn.q_proj in 11-th block
2026-07-26 13:58:52.577 | INFO     | llmc.models.base_model:replace_module_subset:432 - replace >>> self_attn.k_proj in 11-th block
2026-07-26 13:58:52.577 | INFO     | llmc.models.base_model:replace_module_subset:432 - replace >>> self_attn.k_proj in 11-th block
2026-07-26 13:58:52.577 | INFO     | llmc.models.base_model:replace_module_subset:432 - replace >>> self_attn.v_proj in 11-th block
2026-07-26 13:58:52.577 | INFO     | llmc.models.base_model:replace_module_subset:432 - replace >>> self_attn.v_proj in 11-th block
2026-07-26 13:58:52.578 | INFO     | llmc.models.base_model:replace_module_subset:432 - replace >>> self_attn.o_proj in 11-th block
2026-07-26 13:58:52.578 | INFO     | llmc.models.base_model:replace_module_subset:432 - replace >>> self_attn.o_proj in 11-th block
2026-07-26 13:58:52.581 | INFO     | llmc.models.base_model:replace_module_subset:432 - replace >>> mlp.gate_proj in 11-th block
2026-07-26 13:58:52.581 | INFO     | llmc.models.base_model:replace_module_subset:432 - replace >>> mlp.gate_proj in 11-th block
2026-07-26 13:58:52.582 | INFO     | llmc.models.base_model:replace_module_subset:432 - replace >>> mlp.up_proj in 11-th block
2026-07-26 13:58:52.582 | INFO     | llmc.models.base_model:replace_module_subset:432 - replace >>> mlp.up_proj in 11-th block
2026-07-26 13:58:52.583 | INFO     | llmc.models.base_model:replace_module_subset:432 - replace >>> mlp.down_proj in 11-th block
2026-07-26 13:58:52.583 | INFO     | llmc.models.base_model:replace_module_subset:432 - replace >>> mlp.down_proj in 11-th block
2026-07-26 13:58:52.891 | INFO     | llmc.models.base_model:replace_module_all:383 - Replace block index: 12/16
2026-07-26 13:58:52.891 | INFO     | llmc.models.base_model:replace_module_all:383 - Replace block index: 12/16
2026-07-26 13:58:52.938 | INFO     | llmc.models.base_model:replace_module_subset:432 - replace >>> self_attn.q_proj in 12-th block
2026-07-26 13:58:52.938 | INFO     | llmc.models.base_model:replace_module_subset:432 - replace >>> self_attn.q_proj in 12-th block
2026-07-26 13:58:52.939 | INFO     | llmc.models.base_model:replace_module_subset:432 - replace >>> self_attn.k_proj in 12-th block
2026-07-26 13:58:52.939 | INFO     | llmc.models.base_model:replace_module_subset:432 - replace >>> self_attn.k_proj in 12-th block
2026-07-26 13:58:52.939 | INFO     | llmc.models.base_model:replace_module_subset:432 - replace >>> self_attn.v_proj in 12-th block
2026-07-26 13:58:52.939 | INFO     | llmc.models.base_model:replace_module_subset:432 - replace >>> self_attn.v_proj in 12-th block
2026-07-26 13:58:52.940 | INFO     | llmc.models.base_model:replace_module_subset:432 - replace >>> self_attn.o_proj in 12-th block
2026-07-26 13:58:52.940 | INFO     | llmc.models.base_model:replace_module_subset:432 - replace >>> self_attn.o_proj in 12-th block
2026-07-26 13:58:52.943 | INFO     | llmc.models.base_model:replace_module_subset:432 - replace >>> mlp.gate_proj in 12-th block
2026-07-26 13:58:52.943 | INFO     | llmc.models.base_model:replace_module_subset:432 - replace >>> mlp.gate_proj in 12-th block
2026-07-26 13:58:52.944 | INFO     | llmc.models.base_model:replace_module_subset:432 - replace >>> mlp.up_proj in 12-th block
2026-07-26 13:58:52.944 | INFO     | llmc.models.base_model:replace_module_subset:432 - replace >>> mlp.up_proj in 12-th block
2026-07-26 13:58:52.945 | INFO     | llmc.models.base_model:replace_module_subset:432 - replace >>> mlp.down_proj in 12-th block
2026-07-26 13:58:52.945 | INFO     | llmc.models.base_model:replace_module_subset:432 - replace >>> mlp.down_proj in 12-th block
2026-07-26 13:58:53.242 | INFO     | llmc.models.base_model:replace_module_all:383 - Replace block index: 13/16
2026-07-26 13:58:53.242 | INFO     | llmc.models.base_model:replace_module_all:383 - Replace block index: 13/16
2026-07-26 13:58:53.292 | INFO     | llmc.models.base_model:replace_module_subset:432 - replace >>> self_attn.q_proj in 13-th block
2026-07-26 13:58:53.292 | INFO     | llmc.models.base_model:replace_module_subset:432 - replace >>> self_attn.q_proj in 13-th block
2026-07-26 13:58:53.293 | INFO     | llmc.models.base_model:replace_module_subset:432 - replace >>> self_attn.k_proj in 13-th block
2026-07-26 13:58:53.293 | INFO     | llmc.models.base_model:replace_module_subset:432 - replace >>> self_attn.k_proj in 13-th block
2026-07-26 13:58:53.293 | INFO     | llmc.models.base_model:replace_module_subset:432 - replace >>> self_attn.v_proj in 13-th block
2026-07-26 13:58:53.293 | INFO     | llmc.models.base_model:replace_module_subset:432 - replace >>> self_attn.v_proj in 13-th block
2026-07-26 13:58:53.293 | INFO     | llmc.models.base_model:replace_module_subset:432 - replace >>> self_attn.o_proj in 13-th block
2026-07-26 13:58:53.293 | INFO     | llmc.models.base_model:replace_module_subset:432 - replace >>> self_attn.o_proj in 13-th block
2026-07-26 13:58:53.297 | INFO     | llmc.models.base_model:replace_module_subset:432 - replace >>> mlp.gate_proj in 13-th block
2026-07-26 13:58:53.297 | INFO     | llmc.models.base_model:replace_module_subset:432 - replace >>> mlp.gate_proj in 13-th block
2026-07-26 13:58:53.298 | INFO     | llmc.models.base_model:replace_module_subset:432 - replace >>> mlp.up_proj in 13-th block
2026-07-26 13:58:53.298 | INFO     | llmc.models.base_model:replace_module_subset:432 - replace >>> mlp.up_proj in 13-th block
2026-07-26 13:58:53.300 | INFO     | llmc.models.base_model:replace_module_subset:432 - replace >>> mlp.down_proj in 13-th block
2026-07-26 13:58:53.300 | INFO     | llmc.models.base_model:replace_module_subset:432 - replace >>> mlp.down_proj in 13-th block
2026-07-26 13:58:53.604 | INFO     | llmc.models.base_model:replace_module_all:383 - Replace block index: 14/16
2026-07-26 13:58:53.604 | INFO     | llmc.models.base_model:replace_module_all:383 - Replace block index: 14/16
2026-07-26 13:58:53.649 | INFO     | llmc.models.base_model:replace_module_subset:432 - replace >>> self_attn.q_proj in 14-th block
2026-07-26 13:58:53.649 | INFO     | llmc.models.base_model:replace_module_subset:432 - replace >>> self_attn.q_proj in 14-th block
2026-07-26 13:58:53.650 | INFO     | llmc.models.base_model:replace_module_subset:432 - replace >>> self_attn.k_proj in 14-th block
2026-07-26 13:58:53.650 | INFO     | llmc.models.base_model:replace_module_subset:432 - replace >>> self_attn.k_proj in 14-th block
2026-07-26 13:58:53.650 | INFO     | llmc.models.base_model:replace_module_subset:432 - replace >>> self_attn.v_proj in 14-th block
2026-07-26 13:58:53.650 | INFO     | llmc.models.base_model:replace_module_subset:432 - replace >>> self_attn.v_proj in 14-th block
2026-07-26 13:58:53.650 | INFO     | llmc.models.base_model:replace_module_subset:432 - replace >>> self_attn.o_proj in 14-th block
2026-07-26 13:58:53.650 | INFO     | llmc.models.base_model:replace_module_subset:432 - replace >>> self_attn.o_proj in 14-th block
2026-07-26 13:58:53.654 | INFO     | llmc.models.base_model:replace_module_subset:432 - replace >>> mlp.gate_proj in 14-th block
2026-07-26 13:58:53.654 | INFO     | llmc.models.base_model:replace_module_subset:432 - replace >>> mlp.gate_proj in 14-th block
2026-07-26 13:58:53.655 | INFO     | llmc.models.base_model:replace_module_subset:432 - replace >>> mlp.up_proj in 14-th block
2026-07-26 13:58:53.655 | INFO     | llmc.models.base_model:replace_module_subset:432 - replace >>> mlp.up_proj in 14-th block
2026-07-26 13:58:53.656 | INFO     | llmc.models.base_model:replace_module_subset:432 - replace >>> mlp.down_proj in 14-th block
2026-07-26 13:58:53.656 | INFO     | llmc.models.base_model:replace_module_subset:432 - replace >>> mlp.down_proj in 14-th block
2026-07-26 13:58:53.951 | INFO     | llmc.models.base_model:replace_module_all:383 - Replace block index: 15/16
2026-07-26 13:58:53.951 | INFO     | llmc.models.base_model:replace_module_all:383 - Replace block index: 15/16
2026-07-26 13:58:53.997 | INFO     | llmc.models.base_model:replace_module_subset:432 - replace >>> self_attn.q_proj in 15-th block
2026-07-26 13:58:53.997 | INFO     | llmc.models.base_model:replace_module_subset:432 - replace >>> self_attn.q_proj in 15-th block
2026-07-26 13:58:53.997 | INFO     | llmc.models.base_model:replace_module_subset:432 - replace >>> self_attn.k_proj in 15-th block
2026-07-26 13:58:53.997 | INFO     | llmc.models.base_model:replace_module_subset:432 - replace >>> self_attn.k_proj in 15-th block
2026-07-26 13:58:53.997 | INFO     | llmc.models.base_model:replace_module_subset:432 - replace >>> self_attn.v_proj in 15-th block
2026-07-26 13:58:53.997 | INFO     | llmc.models.base_model:replace_module_subset:432 - replace >>> self_attn.v_proj in 15-th block
2026-07-26 13:58:53.998 | INFO     | llmc.models.base_model:replace_module_subset:432 - replace >>> self_attn.o_proj in 15-th block
2026-07-26 13:58:53.998 | INFO     | llmc.models.base_model:replace_module_subset:432 - replace >>> self_attn.o_proj in 15-th block
2026-07-26 13:58:54.002 | INFO     | llmc.models.base_model:replace_module_subset:432 - replace >>> mlp.gate_proj in 15-th block
2026-07-26 13:58:54.002 | INFO     | llmc.models.base_model:replace_module_subset:432 - replace >>> mlp.gate_proj in 15-th block
2026-07-26 13:58:54.003 | INFO     | llmc.models.base_model:replace_module_subset:432 - replace >>> mlp.up_proj in 15-th block
2026-07-26 13:58:54.003 | INFO     | llmc.models.base_model:replace_module_subset:432 - replace >>> mlp.up_proj in 15-th block
2026-07-26 13:58:54.004 | INFO     | llmc.models.base_model:replace_module_subset:432 - replace >>> mlp.down_proj in 15-th block
2026-07-26 13:58:54.004 | INFO     | llmc.models.base_model:replace_module_subset:432 - replace >>> mlp.down_proj in 15-th block
2026-07-26 13:58:54.308 | INFO     | llmc.compression.quantization.base_blockwise_quantization:deploy:1014 - -- deploy_fake_quant_model done --
2026-07-26 13:58:54.308 | INFO     | llmc.compression.quantization.base_blockwise_quantization:deploy:1014 - -- deploy_fake_quant_model done --
2026-07-26 13:58:54.656 | INFO     | llmc.eval.eval_ppl:eval_func:23 - index : 1/141
2026-07-26 13:58:54.656 | INFO     | llmc.eval.eval_ppl:eval_func:23 - index : 1/141
2026-07-26 13:58:54.848 | INFO     | llmc.eval.eval_ppl:eval_func:23 - index : 2/141
2026-07-26 13:58:54.848 | INFO     | llmc.eval.eval_ppl:eval_func:23 - index : 2/141
2026-07-26 13:58:54.866 | INFO     | llmc.eval.eval_ppl:eval_func:23 - index : 3/141
2026-07-26 13:58:54.866 | INFO     | llmc.eval.eval_ppl:eval_func:23 - index : 3/141
2026-07-26 13:58:54.980 | INFO     | llmc.eval.eval_ppl:eval_func:23 - index : 4/141
2026-07-26 13:58:54.980 | INFO     | llmc.eval.eval_ppl:eval_func:23 - index : 4/141
2026-07-26 13:58:55.059 | INFO     | llmc.eval.eval_ppl:eval_func:23 - index : 5/141
2026-07-26 13:58:55.059 | INFO     | llmc.eval.eval_ppl:eval_func:23 - index : 5/141
2026-07-26 13:58:55.141 | INFO     | llmc.eval.eval_ppl:eval_func:23 - index : 6/141
2026-07-26 13:58:55.141 | INFO     | llmc.eval.eval_ppl:eval_func:23 - index : 6/141
2026-07-26 13:58:55.222 | INFO     | llmc.eval.eval_ppl:eval_func:23 - index : 7/141
2026-07-26 13:58:55.222 | INFO     | llmc.eval.eval_ppl:eval_func:23 - index : 7/141
2026-07-26 13:58:55.300 | INFO     | llmc.eval.eval_ppl:eval_func:23 - index : 8/141
2026-07-26 13:58:55.300 | INFO     | llmc.eval.eval_ppl:eval_func:23 - index : 8/141
2026-07-26 13:58:55.381 | INFO     | llmc.eval.eval_ppl:eval_func:23 - index : 9/141
2026-07-26 13:58:55.381 | INFO     | llmc.eval.eval_ppl:eval_func:23 - index : 9/141
2026-07-26 13:58:55.460 | INFO     | llmc.eval.eval_ppl:eval_func:23 - index : 10/141
2026-07-26 13:58:55.460 | INFO     | llmc.eval.eval_ppl:eval_func:23 - index : 10/141
2026-07-26 13:58:55.540 | INFO     | llmc.eval.eval_ppl:eval_func:23 - index : 11/141
2026-07-26 13:58:55.540 | INFO     | llmc.eval.eval_ppl:eval_func:23 - index : 11/141
2026-07-26 13:58:55.621 | INFO     | llmc.eval.eval_ppl:eval_func:23 - index : 12/141
2026-07-26 13:58:55.621 | INFO     | llmc.eval.eval_ppl:eval_func:23 - index : 12/141
2026-07-26 13:58:55.700 | INFO     | llmc.eval.eval_ppl:eval_func:23 - index : 13/141
2026-07-26 13:58:55.700 | INFO     | llmc.eval.eval_ppl:eval_func:23 - index : 13/141
2026-07-26 13:58:55.779 | INFO     | llmc.eval.eval_ppl:eval_func:23 - index : 14/141
2026-07-26 13:58:55.779 | INFO     | llmc.eval.eval_ppl:eval_func:23 - index : 14/141
2026-07-26 13:58:55.859 | INFO     | llmc.eval.eval_ppl:eval_func:23 - index : 15/141
2026-07-26 13:58:55.859 | INFO     | llmc.eval.eval_ppl:eval_func:23 - index : 15/141
2026-07-26 13:58:55.938 | INFO     | llmc.eval.eval_ppl:eval_func:23 - index : 16/141
2026-07-26 13:58:55.938 | INFO     | llmc.eval.eval_ppl:eval_func:23 - index : 16/141
2026-07-26 13:58:56.020 | INFO     | llmc.eval.eval_ppl:eval_func:23 - index : 17/141
2026-07-26 13:58:56.020 | INFO     | llmc.eval.eval_ppl:eval_func:23 - index : 17/141
2026-07-26 13:58:56.101 | INFO     | llmc.eval.eval_ppl:eval_func:23 - index : 18/141
2026-07-26 13:58:56.101 | INFO     | llmc.eval.eval_ppl:eval_func:23 - index : 18/141
2026-07-26 13:58:56.179 | INFO     | llmc.eval.eval_ppl:eval_func:23 - index : 19/141
2026-07-26 13:58:56.179 | INFO     | llmc.eval.eval_ppl:eval_func:23 - index : 19/141
2026-07-26 13:58:56.259 | INFO     | llmc.eval.eval_ppl:eval_func:23 - index : 20/141
2026-07-26 13:58:56.259 | INFO     | llmc.eval.eval_ppl:eval_func:23 - index : 20/141
2026-07-26 13:58:56.338 | INFO     | llmc.eval.eval_ppl:eval_func:23 - index : 21/141
2026-07-26 13:58:56.338 | INFO     | llmc.eval.eval_ppl:eval_func:23 - index : 21/141
2026-07-26 13:58:56.419 | INFO     | llmc.eval.eval_ppl:eval_func:23 - index : 22/141
2026-07-26 13:58:56.419 | INFO     | llmc.eval.eval_ppl:eval_func:23 - index : 22/141
2026-07-26 13:58:56.497 | INFO     | llmc.eval.eval_ppl:eval_func:23 - index : 23/141
2026-07-26 13:58:56.497 | INFO     | llmc.eval.eval_ppl:eval_func:23 - index : 23/141
2026-07-26 13:58:56.578 | INFO     | llmc.eval.eval_ppl:eval_func:23 - index : 24/141
2026-07-26 13:58:56.578 | INFO     | llmc.eval.eval_ppl:eval_func:23 - index : 24/141
2026-07-26 13:58:56.659 | INFO     | llmc.eval.eval_ppl:eval_func:23 - index : 25/141
2026-07-26 13:58:56.659 | INFO     | llmc.eval.eval_ppl:eval_func:23 - index : 25/141
2026-07-26 13:58:56.738 | INFO     | llmc.eval.eval_ppl:eval_func:23 - index : 26/141
2026-07-26 13:58:56.738 | INFO     | llmc.eval.eval_ppl:eval_func:23 - index : 26/141
2026-07-26 13:58:56.823 | INFO     | llmc.eval.eval_ppl:eval_func:23 - index : 27/141
2026-07-26 13:58:56.823 | INFO     | llmc.eval.eval_ppl:eval_func:23 - index : 27/141
2026-07-26 13:58:56.901 | INFO     | llmc.eval.eval_ppl:eval_func:23 - index : 28/141
2026-07-26 13:58:56.901 | INFO     | llmc.eval.eval_ppl:eval_func:23 - index : 28/141
2026-07-26 13:58:56.980 | INFO     | llmc.eval.eval_ppl:eval_func:23 - index : 29/141
2026-07-26 13:58:56.980 | INFO     | llmc.eval.eval_ppl:eval_func:23 - index : 29/141
2026-07-26 13:58:57.060 | INFO     | llmc.eval.eval_ppl:eval_func:23 - index : 30/141
2026-07-26 13:58:57.060 | INFO     | llmc.eval.eval_ppl:eval_func:23 - index : 30/141
2026-07-26 13:58:57.142 | INFO     | llmc.eval.eval_ppl:eval_func:23 - index : 31/141
2026-07-26 13:58:57.142 | INFO     | llmc.eval.eval_ppl:eval_func:23 - index : 31/141
2026-07-26 13:58:57.222 | INFO     | llmc.eval.eval_ppl:eval_func:23 - index : 32/141
2026-07-26 13:58:57.222 | INFO     | llmc.eval.eval_ppl:eval_func:23 - index : 32/141
2026-07-26 13:58:57.302 | INFO     | llmc.eval.eval_ppl:eval_func:23 - index : 33/141
2026-07-26 13:58:57.302 | INFO     | llmc.eval.eval_ppl:eval_func:23 - index : 33/141
2026-07-26 13:58:57.381 | INFO     | llmc.eval.eval_ppl:eval_func:23 - index : 34/141
2026-07-26 13:58:57.381 | INFO     | llmc.eval.eval_ppl:eval_func:23 - index : 34/141
2026-07-26 13:58:57.461 | INFO     | llmc.eval.eval_ppl:eval_func:23 - index : 35/141
2026-07-26 13:58:57.461 | INFO     | llmc.eval.eval_ppl:eval_func:23 - index : 35/141
2026-07-26 13:58:57.541 | INFO     | llmc.eval.eval_ppl:eval_func:23 - index : 36/141
2026-07-26 13:58:57.541 | INFO     | llmc.eval.eval_ppl:eval_func:23 - index : 36/141
2026-07-26 13:58:57.623 | INFO     | llmc.eval.eval_ppl:eval_func:23 - index : 37/141
2026-07-26 13:58:57.623 | INFO     | llmc.eval.eval_ppl:eval_func:23 - index : 37/141
2026-07-26 13:58:57.702 | INFO     | llmc.eval.eval_ppl:eval_func:23 - index : 38/141
2026-07-26 13:58:57.702 | INFO     | llmc.eval.eval_ppl:eval_func:23 - index : 38/141
2026-07-26 13:58:57.782 | INFO     | llmc.eval.eval_ppl:eval_func:23 - index : 39/141
2026-07-26 13:58:57.782 | INFO     | llmc.eval.eval_ppl:eval_func:23 - index : 39/141
2026-07-26 13:58:57.862 | INFO     | llmc.eval.eval_ppl:eval_func:23 - index : 40/141
2026-07-26 13:58:57.862 | INFO     | llmc.eval.eval_ppl:eval_func:23 - index : 40/141
2026-07-26 13:58:57.942 | INFO     | llmc.eval.eval_ppl:eval_func:23 - index : 41/141
2026-07-26 13:58:57.942 | INFO     | llmc.eval.eval_ppl:eval_func:23 - index : 41/141
2026-07-26 13:58:58.021 | INFO     | llmc.eval.eval_ppl:eval_func:23 - index : 42/141
2026-07-26 13:58:58.021 | INFO     | llmc.eval.eval_ppl:eval_func:23 - index : 42/141
2026-07-26 13:58:58.102 | INFO     | llmc.eval.eval_ppl:eval_func:23 - index : 43/141
2026-07-26 13:58:58.102 | INFO     | llmc.eval.eval_ppl:eval_func:23 - index : 43/141
2026-07-26 13:58:58.179 | INFO     | llmc.eval.eval_ppl:eval_func:23 - index : 44/141
2026-07-26 13:58:58.179 | INFO     | llmc.eval.eval_ppl:eval_func:23 - index : 44/141
2026-07-26 13:58:58.259 | INFO     | llmc.eval.eval_ppl:eval_func:23 - index : 45/141
2026-07-26 13:58:58.259 | INFO     | llmc.eval.eval_ppl:eval_func:23 - index : 45/141
2026-07-26 13:58:58.338 | INFO     | llmc.eval.eval_ppl:eval_func:23 - index : 46/141
2026-07-26 13:58:58.338 | INFO     | llmc.eval.eval_ppl:eval_func:23 - index : 46/141
2026-07-26 13:58:58.419 | INFO     | llmc.eval.eval_ppl:eval_func:23 - index : 47/141
2026-07-26 13:58:58.419 | INFO     | llmc.eval.eval_ppl:eval_func:23 - index : 47/141
2026-07-26 13:58:58.497 | INFO     | llmc.eval.eval_ppl:eval_func:23 - index : 48/141
2026-07-26 13:58:58.497 | INFO     | llmc.eval.eval_ppl:eval_func:23 - index : 48/141
2026-07-26 13:58:58.578 | INFO     | llmc.eval.eval_ppl:eval_func:23 - index : 49/141
2026-07-26 13:58:58.578 | INFO     | llmc.eval.eval_ppl:eval_func:23 - index : 49/141
2026-07-26 13:58:58.656 | INFO     | llmc.eval.eval_ppl:eval_func:23 - index : 50/141
2026-07-26 13:58:58.656 | INFO     | llmc.eval.eval_ppl:eval_func:23 - index : 50/141
2026-07-26 13:58:58.737 | INFO     | llmc.eval.eval_ppl:eval_func:23 - index : 51/141
2026-07-26 13:58:58.737 | INFO     | llmc.eval.eval_ppl:eval_func:23 - index : 51/141
2026-07-26 13:58:58.815 | INFO     | llmc.eval.eval_ppl:eval_func:23 - index : 52/141
2026-07-26 13:58:58.815 | INFO     | llmc.eval.eval_ppl:eval_func:23 - index : 52/141
2026-07-26 13:58:58.896 | INFO     | llmc.eval.eval_ppl:eval_func:23 - index : 53/141
2026-07-26 13:58:58.896 | INFO     | llmc.eval.eval_ppl:eval_func:23 - index : 53/141
2026-07-26 13:58:58.975 | INFO     | llmc.eval.eval_ppl:eval_func:23 - index : 54/141
2026-07-26 13:58:58.975 | INFO     | llmc.eval.eval_ppl:eval_func:23 - index : 54/141
2026-07-26 13:58:59.053 | INFO     | llmc.eval.eval_ppl:eval_func:23 - index : 55/141
2026-07-26 13:58:59.053 | INFO     | llmc.eval.eval_ppl:eval_func:23 - index : 55/141
2026-07-26 13:58:59.132 | INFO     | llmc.eval.eval_ppl:eval_func:23 - index : 56/141
2026-07-26 13:58:59.132 | INFO     | llmc.eval.eval_ppl:eval_func:23 - index : 56/141
2026-07-26 13:58:59.213 | INFO     | llmc.eval.eval_ppl:eval_func:23 - index : 57/141
2026-07-26 13:58:59.213 | INFO     | llmc.eval.eval_ppl:eval_func:23 - index : 57/141
2026-07-26 13:58:59.290 | INFO     | llmc.eval.eval_ppl:eval_func:23 - index : 58/141
2026-07-26 13:58:59.290 | INFO     | llmc.eval.eval_ppl:eval_func:23 - index : 58/141
2026-07-26 13:58:59.371 | INFO     | llmc.eval.eval_ppl:eval_func:23 - index : 59/141
2026-07-26 13:58:59.371 | INFO     | llmc.eval.eval_ppl:eval_func:23 - index : 59/141
2026-07-26 13:58:59.450 | INFO     | llmc.eval.eval_ppl:eval_func:23 - index : 60/141
2026-07-26 13:58:59.450 | INFO     | llmc.eval.eval_ppl:eval_func:23 - index : 60/141
2026-07-26 13:58:59.530 | INFO     | llmc.eval.eval_ppl:eval_func:23 - index : 61/141
2026-07-26 13:58:59.530 | INFO     | llmc.eval.eval_ppl:eval_func:23 - index : 61/141
2026-07-26 13:58:59.610 | INFO     | llmc.eval.eval_ppl:eval_func:23 - index : 62/141
2026-07-26 13:58:59.610 | INFO     | llmc.eval.eval_ppl:eval_func:23 - index : 62/141
2026-07-26 13:58:59.689 | INFO     | llmc.eval.eval_ppl:eval_func:23 - index : 63/141
2026-07-26 13:58:59.689 | INFO     | llmc.eval.eval_ppl:eval_func:23 - index : 63/141
2026-07-26 13:58:59.768 | INFO     | llmc.eval.eval_ppl:eval_func:23 - index : 64/141
2026-07-26 13:58:59.768 | INFO     | llmc.eval.eval_ppl:eval_func:23 - index : 64/141
2026-07-26 13:58:59.848 | INFO     | llmc.eval.eval_ppl:eval_func:23 - index : 65/141
2026-07-26 13:58:59.848 | INFO     | llmc.eval.eval_ppl:eval_func:23 - index : 65/141
2026-07-26 13:58:59.927 | INFO     | llmc.eval.eval_ppl:eval_func:23 - index : 66/141
2026-07-26 13:58:59.927 | INFO     | llmc.eval.eval_ppl:eval_func:23 - index : 66/141
2026-07-26 13:59:00.009 | INFO     | llmc.eval.eval_ppl:eval_func:23 - index : 67/141
2026-07-26 13:59:00.009 | INFO     | llmc.eval.eval_ppl:eval_func:23 - index : 67/141
2026-07-26 13:59:00.087 | INFO     | llmc.eval.eval_ppl:eval_func:23 - index : 68/141
2026-07-26 13:59:00.087 | INFO     | llmc.eval.eval_ppl:eval_func:23 - index : 68/141
2026-07-26 13:59:00.166 | INFO     | llmc.eval.eval_ppl:eval_func:23 - index : 69/141
2026-07-26 13:59:00.166 | INFO     | llmc.eval.eval_ppl:eval_func:23 - index : 69/141
2026-07-26 13:59:00.245 | INFO     | llmc.eval.eval_ppl:eval_func:23 - index : 70/141
2026-07-26 13:59:00.245 | INFO     | llmc.eval.eval_ppl:eval_func:23 - index : 70/141
2026-07-26 13:59:00.325 | INFO     | llmc.eval.eval_ppl:eval_func:23 - index : 71/141
2026-07-26 13:59:00.325 | INFO     | llmc.eval.eval_ppl:eval_func:23 - index : 71/141
2026-07-26 13:59:00.405 | INFO     | llmc.eval.eval_ppl:eval_func:23 - index : 72/141
2026-07-26 13:59:00.405 | INFO     | llmc.eval.eval_ppl:eval_func:23 - index : 72/141
2026-07-26 13:59:00.485 | INFO     | llmc.eval.eval_ppl:eval_func:23 - index : 73/141
2026-07-26 13:59:00.485 | INFO     | llmc.eval.eval_ppl:eval_func:23 - index : 73/141
2026-07-26 13:59:00.565 | INFO     | llmc.eval.eval_ppl:eval_func:23 - index : 74/141
2026-07-26 13:59:00.565 | INFO     | llmc.eval.eval_ppl:eval_func:23 - index : 74/141
2026-07-26 13:59:00.646 | INFO     | llmc.eval.eval_ppl:eval_func:23 - index : 75/141
2026-07-26 13:59:00.646 | INFO     | llmc.eval.eval_ppl:eval_func:23 - index : 75/141
2026-07-26 13:59:00.725 | INFO     | llmc.eval.eval_ppl:eval_func:23 - index : 76/141
2026-07-26 13:59:00.725 | INFO     | llmc.eval.eval_ppl:eval_func:23 - index : 76/141
2026-07-26 13:59:00.805 | INFO     | llmc.eval.eval_ppl:eval_func:23 - index : 77/141
2026-07-26 13:59:00.805 | INFO     | llmc.eval.eval_ppl:eval_func:23 - index : 77/141
2026-07-26 13:59:00.885 | INFO     | llmc.eval.eval_ppl:eval_func:23 - index : 78/141
2026-07-26 13:59:00.885 | INFO     | llmc.eval.eval_ppl:eval_func:23 - index : 78/141
2026-07-26 13:59:00.967 | INFO     | llmc.eval.eval_ppl:eval_func:23 - index : 79/141
2026-07-26 13:59:00.967 | INFO     | llmc.eval.eval_ppl:eval_func:23 - index : 79/141
2026-07-26 13:59:01.044 | INFO     | llmc.eval.eval_ppl:eval_func:23 - index : 80/141
2026-07-26 13:59:01.044 | INFO     | llmc.eval.eval_ppl:eval_func:23 - index : 80/141
2026-07-26 13:59:01.124 | INFO     | llmc.eval.eval_ppl:eval_func:23 - index : 81/141
2026-07-26 13:59:01.124 | INFO     | llmc.eval.eval_ppl:eval_func:23 - index : 81/141
2026-07-26 13:59:01.207 | INFO     | llmc.eval.eval_ppl:eval_func:23 - index : 82/141
2026-07-26 13:59:01.207 | INFO     | llmc.eval.eval_ppl:eval_func:23 - index : 82/141
2026-07-26 13:59:01.289 | INFO     | llmc.eval.eval_ppl:eval_func:23 - index : 83/141
2026-07-26 13:59:01.289 | INFO     | llmc.eval.eval_ppl:eval_func:23 - index : 83/141
2026-07-26 13:59:01.369 | INFO     | llmc.eval.eval_ppl:eval_func:23 - index : 84/141
2026-07-26 13:59:01.369 | INFO     | llmc.eval.eval_ppl:eval_func:23 - index : 84/141
2026-07-26 13:59:01.448 | INFO     | llmc.eval.eval_ppl:eval_func:23 - index : 85/141
2026-07-26 13:59:01.448 | INFO     | llmc.eval.eval_ppl:eval_func:23 - index : 85/141
2026-07-26 13:59:01.528 | INFO     | llmc.eval.eval_ppl:eval_func:23 - index : 86/141
2026-07-26 13:59:01.528 | INFO     | llmc.eval.eval_ppl:eval_func:23 - index : 86/141
2026-07-26 13:59:01.608 | INFO     | llmc.eval.eval_ppl:eval_func:23 - index : 87/141
2026-07-26 13:59:01.608 | INFO     | llmc.eval.eval_ppl:eval_func:23 - index : 87/141
2026-07-26 13:59:01.688 | INFO     | llmc.eval.eval_ppl:eval_func:23 - index : 88/141
2026-07-26 13:59:01.688 | INFO     | llmc.eval.eval_ppl:eval_func:23 - index : 88/141
2026-07-26 13:59:01.770 | INFO     | llmc.eval.eval_ppl:eval_func:23 - index : 89/141
2026-07-26 13:59:01.770 | INFO     | llmc.eval.eval_ppl:eval_func:23 - index : 89/141
2026-07-26 13:59:01.848 | INFO     | llmc.eval.eval_ppl:eval_func:23 - index : 90/141
2026-07-26 13:59:01.848 | INFO     | llmc.eval.eval_ppl:eval_func:23 - index : 90/141
2026-07-26 13:59:01.928 | INFO     | llmc.eval.eval_ppl:eval_func:23 - index : 91/141
2026-07-26 13:59:01.928 | INFO     | llmc.eval.eval_ppl:eval_func:23 - index : 91/141
2026-07-26 13:59:02.007 | INFO     | llmc.eval.eval_ppl:eval_func:23 - index : 92/141
2026-07-26 13:59:02.007 | INFO     | llmc.eval.eval_ppl:eval_func:23 - index : 92/141
2026-07-26 13:59:02.086 | INFO     | llmc.eval.eval_ppl:eval_func:23 - index : 93/141
2026-07-26 13:59:02.086 | INFO     | llmc.eval.eval_ppl:eval_func:23 - index : 93/141
2026-07-26 13:59:02.168 | INFO     | llmc.eval.eval_ppl:eval_func:23 - index : 94/141
2026-07-26 13:59:02.168 | INFO     | llmc.eval.eval_ppl:eval_func:23 - index : 94/141
2026-07-26 13:59:02.254 | INFO     | llmc.eval.eval_ppl:eval_func:23 - index : 95/141
2026-07-26 13:59:02.254 | INFO     | llmc.eval.eval_ppl:eval_func:23 - index : 95/141
2026-07-26 13:59:02.328 | INFO     | llmc.eval.eval_ppl:eval_func:23 - index : 96/141
2026-07-26 13:59:02.328 | INFO     | llmc.eval.eval_ppl:eval_func:23 - index : 96/141
2026-07-26 13:59:02.411 | INFO     | llmc.eval.eval_ppl:eval_func:23 - index : 97/141
2026-07-26 13:59:02.411 | INFO     | llmc.eval.eval_ppl:eval_func:23 - index : 97/141
2026-07-26 13:59:02.492 | INFO     | llmc.eval.eval_ppl:eval_func:23 - index : 98/141
2026-07-26 13:59:02.492 | INFO     | llmc.eval.eval_ppl:eval_func:23 - index : 98/141
2026-07-26 13:59:02.572 | INFO     | llmc.eval.eval_ppl:eval_func:23 - index : 99/141
2026-07-26 13:59:02.572 | INFO     | llmc.eval.eval_ppl:eval_func:23 - index : 99/141
2026-07-26 13:59:02.654 | INFO     | llmc.eval.eval_ppl:eval_func:23 - index : 100/141
2026-07-26 13:59:02.654 | INFO     | llmc.eval.eval_ppl:eval_func:23 - index : 100/141
2026-07-26 13:59:02.732 | INFO     | llmc.eval.eval_ppl:eval_func:23 - index : 101/141
2026-07-26 13:59:02.732 | INFO     | llmc.eval.eval_ppl:eval_func:23 - index : 101/141
2026-07-26 13:59:02.813 | INFO     | llmc.eval.eval_ppl:eval_func:23 - index : 102/141
2026-07-26 13:59:02.813 | INFO     | llmc.eval.eval_ppl:eval_func:23 - index : 102/141
2026-07-26 13:59:02.892 | INFO     | llmc.eval.eval_ppl:eval_func:23 - index : 103/141
2026-07-26 13:59:02.892 | INFO     | llmc.eval.eval_ppl:eval_func:23 - index : 103/141
2026-07-26 13:59:02.972 | INFO     | llmc.eval.eval_ppl:eval_func:23 - index : 104/141
2026-07-26 13:59:02.972 | INFO     | llmc.eval.eval_ppl:eval_func:23 - index : 104/141
2026-07-26 13:59:03.057 | INFO     | llmc.eval.eval_ppl:eval_func:23 - index : 105/141
2026-07-26 13:59:03.057 | INFO     | llmc.eval.eval_ppl:eval_func:23 - index : 105/141
2026-07-26 13:59:03.136 | INFO     | llmc.eval.eval_ppl:eval_func:23 - index : 106/141
2026-07-26 13:59:03.136 | INFO     | llmc.eval.eval_ppl:eval_func:23 - index : 106/141
2026-07-26 13:59:03.219 | INFO     | llmc.eval.eval_ppl:eval_func:23 - index : 107/141
2026-07-26 13:59:03.219 | INFO     | llmc.eval.eval_ppl:eval_func:23 - index : 107/141
2026-07-26 13:59:03.300 | INFO     | llmc.eval.eval_ppl:eval_func:23 - index : 108/141
2026-07-26 13:59:03.300 | INFO     | llmc.eval.eval_ppl:eval_func:23 - index : 108/141
2026-07-26 13:59:03.377 | INFO     | llmc.eval.eval_ppl:eval_func:23 - index : 109/141
2026-07-26 13:59:03.377 | INFO     | llmc.eval.eval_ppl:eval_func:23 - index : 109/141
2026-07-26 13:59:03.457 | INFO     | llmc.eval.eval_ppl:eval_func:23 - index : 110/141
2026-07-26 13:59:03.457 | INFO     | llmc.eval.eval_ppl:eval_func:23 - index : 110/141
2026-07-26 13:59:03.538 | INFO     | llmc.eval.eval_ppl:eval_func:23 - index : 111/141
2026-07-26 13:59:03.538 | INFO     | llmc.eval.eval_ppl:eval_func:23 - index : 111/141
2026-07-26 13:59:03.621 | INFO     | llmc.eval.eval_ppl:eval_func:23 - index : 112/141
2026-07-26 13:59:03.621 | INFO     | llmc.eval.eval_ppl:eval_func:23 - index : 112/141
2026-07-26 13:59:03.696 | INFO     | llmc.eval.eval_ppl:eval_func:23 - index : 113/141
2026-07-26 13:59:03.696 | INFO     | llmc.eval.eval_ppl:eval_func:23 - index : 113/141
2026-07-26 13:59:03.775 | INFO     | llmc.eval.eval_ppl:eval_func:23 - index : 114/141
2026-07-26 13:59:03.775 | INFO     | llmc.eval.eval_ppl:eval_func:23 - index : 114/141
2026-07-26 13:59:03.856 | INFO     | llmc.eval.eval_ppl:eval_func:23 - index : 115/141
2026-07-26 13:59:03.856 | INFO     | llmc.eval.eval_ppl:eval_func:23 - index : 115/141
2026-07-26 13:59:03.935 | INFO     | llmc.eval.eval_ppl:eval_func:23 - index : 116/141
2026-07-26 13:59:03.935 | INFO     | llmc.eval.eval_ppl:eval_func:23 - index : 116/141
2026-07-26 13:59:04.015 | INFO     | llmc.eval.eval_ppl:eval_func:23 - index : 117/141
2026-07-26 13:59:04.015 | INFO     | llmc.eval.eval_ppl:eval_func:23 - index : 117/141
2026-07-26 13:59:04.095 | INFO     | llmc.eval.eval_ppl:eval_func:23 - index : 118/141
2026-07-26 13:59:04.095 | INFO     | llmc.eval.eval_ppl:eval_func:23 - index : 118/141
2026-07-26 13:59:04.174 | INFO     | llmc.eval.eval_ppl:eval_func:23 - index : 119/141
2026-07-26 13:59:04.174 | INFO     | llmc.eval.eval_ppl:eval_func:23 - index : 119/141
2026-07-26 13:59:04.254 | INFO     | llmc.eval.eval_ppl:eval_func:23 - index : 120/141
2026-07-26 13:59:04.254 | INFO     | llmc.eval.eval_ppl:eval_func:23 - index : 120/141
2026-07-26 13:59:04.334 | INFO     | llmc.eval.eval_ppl:eval_func:23 - index : 121/141
2026-07-26 13:59:04.334 | INFO     | llmc.eval.eval_ppl:eval_func:23 - index : 121/141
2026-07-26 13:59:04.412 | INFO     | llmc.eval.eval_ppl:eval_func:23 - index : 122/141
2026-07-26 13:59:04.412 | INFO     | llmc.eval.eval_ppl:eval_func:23 - index : 122/141
2026-07-26 13:59:04.492 | INFO     | llmc.eval.eval_ppl:eval_func:23 - index : 123/141
2026-07-26 13:59:04.492 | INFO     | llmc.eval.eval_ppl:eval_func:23 - index : 123/141
2026-07-26 13:59:04.571 | INFO     | llmc.eval.eval_ppl:eval_func:23 - index : 124/141
2026-07-26 13:59:04.571 | INFO     | llmc.eval.eval_ppl:eval_func:23 - index : 124/141
2026-07-26 13:59:04.654 | INFO     | llmc.eval.eval_ppl:eval_func:23 - index : 125/141
2026-07-26 13:59:04.654 | INFO     | llmc.eval.eval_ppl:eval_func:23 - index : 125/141
2026-07-26 13:59:04.731 | INFO     | llmc.eval.eval_ppl:eval_func:23 - index : 126/141
2026-07-26 13:59:04.731 | INFO     | llmc.eval.eval_ppl:eval_func:23 - index : 126/141
2026-07-26 13:59:04.812 | INFO     | llmc.eval.eval_ppl:eval_func:23 - index : 127/141
2026-07-26 13:59:04.812 | INFO     | llmc.eval.eval_ppl:eval_func:23 - index : 127/141
2026-07-26 13:59:04.890 | INFO     | llmc.eval.eval_ppl:eval_func:23 - index : 128/141
2026-07-26 13:59:04.890 | INFO     | llmc.eval.eval_ppl:eval_func:23 - index : 128/141
2026-07-26 13:59:04.970 | INFO     | llmc.eval.eval_ppl:eval_func:23 - index : 129/141
2026-07-26 13:59:04.970 | INFO     | llmc.eval.eval_ppl:eval_func:23 - index : 129/141
2026-07-26 13:59:05.051 | INFO     | llmc.eval.eval_ppl:eval_func:23 - index : 130/141
2026-07-26 13:59:05.051 | INFO     | llmc.eval.eval_ppl:eval_func:23 - index : 130/141
2026-07-26 13:59:05.131 | INFO     | llmc.eval.eval_ppl:eval_func:23 - index : 131/141
2026-07-26 13:59:05.131 | INFO     | llmc.eval.eval_ppl:eval_func:23 - index : 131/141
2026-07-26 13:59:05.211 | INFO     | llmc.eval.eval_ppl:eval_func:23 - index : 132/141
2026-07-26 13:59:05.211 | INFO     | llmc.eval.eval_ppl:eval_func:23 - index : 132/141
2026-07-26 13:59:05.292 | INFO     | llmc.eval.eval_ppl:eval_func:23 - index : 133/141
2026-07-26 13:59:05.292 | INFO     | llmc.eval.eval_ppl:eval_func:23 - index : 133/141
2026-07-26 13:59:05.375 | INFO     | llmc.eval.eval_ppl:eval_func:23 - index : 134/141
2026-07-26 13:59:05.375 | INFO     | llmc.eval.eval_ppl:eval_func:23 - index : 134/141
2026-07-26 13:59:05.453 | INFO     | llmc.eval.eval_ppl:eval_func:23 - index : 135/141
2026-07-26 13:59:05.453 | INFO     | llmc.eval.eval_ppl:eval_func:23 - index : 135/141
2026-07-26 13:59:05.536 | INFO     | llmc.eval.eval_ppl:eval_func:23 - index : 136/141
2026-07-26 13:59:05.536 | INFO     | llmc.eval.eval_ppl:eval_func:23 - index : 136/141
2026-07-26 13:59:05.614 | INFO     | llmc.eval.eval_ppl:eval_func:23 - index : 137/141
2026-07-26 13:59:05.614 | INFO     | llmc.eval.eval_ppl:eval_func:23 - index : 137/141
2026-07-26 13:59:05.694 | INFO     | llmc.eval.eval_ppl:eval_func:23 - index : 138/141
2026-07-26 13:59:05.694 | INFO     | llmc.eval.eval_ppl:eval_func:23 - index : 138/141
2026-07-26 13:59:05.773 | INFO     | llmc.eval.eval_ppl:eval_func:23 - index : 139/141
2026-07-26 13:59:05.773 | INFO     | llmc.eval.eval_ppl:eval_func:23 - index : 139/141
2026-07-26 13:59:05.855 | INFO     | llmc.eval.eval_ppl:eval_func:23 - index : 140/141
2026-07-26 13:59:05.855 | INFO     | llmc.eval.eval_ppl:eval_func:23 - index : 140/141
2026-07-26 13:59:05.932 | INFO     | llmc.eval.eval_ppl:eval_func:23 - index : 141/141
2026-07-26 13:59:05.932 | INFO     | llmc.eval.eval_ppl:eval_func:23 - index : 141/141
2026-07-26 13:59:07.046 | INFO     | llmc.eval.utils:eval_model:94 - EVAL: ppl on wikitext2 is 10.430636405944824
2026-07-26 13:59:07.046 | INFO     | llmc.eval.utils:eval_model:94 - EVAL: ppl on wikitext2 is 10.430636405944824
2026-07-26 13:59:07.046 | INFO     | llmc.compression.quantization.base_blockwise_quantization:deploy:971 - -- deploy_fake_quant_model start --
2026-07-26 13:59:07.046 | INFO     | llmc.compression.quantization.base_blockwise_quantization:deploy:971 - -- deploy_fake_quant_model start --
2026-07-26 13:59:07.046 | INFO     | llmc.compression.quantization.base_blockwise_quantization:deploy:972 - quant_config : {'method': 'GPTQ', 'weight': {'bit': 4, 'symmetric': False, 'granularity': 'per_group', 'group_size': 128, 'tp': 1}, 'special': {'actorder': True, 'static_groups': False, 'percdamp': 0.01, 'blocksize': 128, 'true_sequential': True}, 'quant_out': True, 'modality': 'language'}
2026-07-26 13:59:07.046 | INFO     | llmc.compression.quantization.base_blockwise_quantization:deploy:972 - quant_config : {'method': 'GPTQ', 'weight': {'bit': 4, 'symmetric': False, 'granularity': 'per_group', 'group_size': 128, 'tp': 1}, 'special': {'actorder': True, 'static_groups': False, 'percdamp': 0.01, 'blocksize': 128, 'true_sequential': True}, 'quant_out': True, 'modality': 'language'}
2026-07-26 13:59:07.046 | INFO     | llmc.models.base_model:add_layernorms_class:277 - _TRANSFORMERS_LN_TYPES_ : [<class 'torch.nn.modules.normalization.LayerNorm'>, <class 'transformers.models.llama.modeling_llama.LlamaRMSNorm'>]
2026-07-26 13:59:07.046 | INFO     | llmc.models.base_model:add_layernorms_class:277 - _TRANSFORMERS_LN_TYPES_ : [<class 'torch.nn.modules.normalization.LayerNorm'>, <class 'transformers.models.llama.modeling_llama.LlamaRMSNorm'>]
2026-07-26 13:59:07.047 | INFO     | llmc.compression.quantization.base_blockwise_quantization:deploy:991 - set modality: language
2026-07-26 13:59:07.047 | INFO     | llmc.compression.quantization.base_blockwise_quantization:deploy:991 - set modality: language
2026-07-26 13:59:07.047 | INFO     | llmc.models.base_model:replace_module_all:383 - Replace block index: 0/16
2026-07-26 13:59:07.047 | INFO     | llmc.models.base_model:replace_module_all:383 - Replace block index: 0/16
2026-07-26 13:59:07.063 | INFO     | llmc.models.base_model:replace_module_subset:432 - replace >>> self_attn.q_proj in 0-th block
2026-07-26 13:59:07.063 | INFO     | llmc.models.base_model:replace_module_subset:432 - replace >>> self_attn.q_proj in 0-th block
2026-07-26 13:59:07.064 | INFO     | llmc.models.base_model:replace_module_subset:432 - replace >>> self_attn.k_proj in 0-th block
2026-07-26 13:59:07.064 | INFO     | llmc.models.base_model:replace_module_subset:432 - replace >>> self_attn.k_proj in 0-th block
2026-07-26 13:59:07.064 | INFO     | llmc.models.base_model:replace_module_subset:432 - replace >>> self_attn.v_proj in 0-th block
2026-07-26 13:59:07.064 | INFO     | llmc.models.base_model:replace_module_subset:432 - replace >>> self_attn.v_proj in 0-th block
2026-07-26 13:59:07.065 | INFO     | llmc.models.base_model:replace_module_subset:432 - replace >>> self_attn.o_proj in 0-th block
2026-07-26 13:59:07.065 | INFO     | llmc.models.base_model:replace_module_subset:432 - replace >>> self_attn.o_proj in 0-th block
2026-07-26 13:59:07.067 | INFO     | llmc.models.base_model:replace_module_subset:432 - replace >>> mlp.gate_proj in 0-th block
2026-07-26 13:59:07.067 | INFO     | llmc.models.base_model:replace_module_subset:432 - replace >>> mlp.gate_proj in 0-th block
2026-07-26 13:59:07.068 | INFO     | llmc.models.base_model:replace_module_subset:432 - replace >>> mlp.up_proj in 0-th block
2026-07-26 13:59:07.068 | INFO     | llmc.models.base_model:replace_module_subset:432 - replace >>> mlp.up_proj in 0-th block
2026-07-26 13:59:07.069 | INFO     | llmc.models.base_model:replace_module_subset:432 - replace >>> mlp.down_proj in 0-th block
2026-07-26 13:59:07.069 | INFO     | llmc.models.base_model:replace_module_subset:432 - replace >>> mlp.down_proj in 0-th block
2026-07-26 13:59:07.359 | INFO     | llmc.models.base_model:replace_module_all:383 - Replace block index: 1/16
2026-07-26 13:59:07.359 | INFO     | llmc.models.base_model:replace_module_all:383 - Replace block index: 1/16
2026-07-26 13:59:07.376 | INFO     | llmc.models.base_model:replace_module_subset:432 - replace >>> self_attn.q_proj in 1-th block
2026-07-26 13:59:07.376 | INFO     | llmc.models.base_model:replace_module_subset:432 - replace >>> self_attn.q_proj in 1-th block
2026-07-26 13:59:07.376 | INFO     | llmc.models.base_model:replace_module_subset:432 - replace >>> self_attn.k_proj in 1-th block
2026-07-26 13:59:07.376 | INFO     | llmc.models.base_model:replace_module_subset:432 - replace >>> self_attn.k_proj in 1-th block
2026-07-26 13:59:07.376 | INFO     | llmc.models.base_model:replace_module_subset:432 - replace >>> self_attn.v_proj in 1-th block
2026-07-26 13:59:07.376 | INFO     | llmc.models.base_model:replace_module_subset:432 - replace >>> self_attn.v_proj in 1-th block
2026-07-26 13:59:07.377 | INFO     | llmc.models.base_model:replace_module_subset:432 - replace >>> self_attn.o_proj in 1-th block
2026-07-26 13:59:07.377 | INFO     | llmc.models.base_model:replace_module_subset:432 - replace >>> self_attn.o_proj in 1-th block
2026-07-26 13:59:07.380 | INFO     | llmc.models.base_model:replace_module_subset:432 - replace >>> mlp.gate_proj in 1-th block
2026-07-26 13:59:07.380 | INFO     | llmc.models.base_model:replace_module_subset:432 - replace >>> mlp.gate_proj in 1-th block
2026-07-26 13:59:07.381 | INFO     | llmc.models.base_model:replace_module_subset:432 - replace >>> mlp.up_proj in 1-th block
2026-07-26 13:59:07.381 | INFO     | llmc.models.base_model:replace_module_subset:432 - replace >>> mlp.up_proj in 1-th block
2026-07-26 13:59:07.382 | INFO     | llmc.models.base_model:replace_module_subset:432 - replace >>> mlp.down_proj in 1-th block
2026-07-26 13:59:07.382 | INFO     | llmc.models.base_model:replace_module_subset:432 - replace >>> mlp.down_proj in 1-th block
2026-07-26 13:59:07.671 | INFO     | llmc.models.base_model:replace_module_all:383 - Replace block index: 2/16
2026-07-26 13:59:07.671 | INFO     | llmc.models.base_model:replace_module_all:383 - Replace block index: 2/16
2026-07-26 13:59:07.686 | INFO     | llmc.models.base_model:replace_module_subset:432 - replace >>> self_attn.q_proj in 2-th block
2026-07-26 13:59:07.686 | INFO     | llmc.models.base_model:replace_module_subset:432 - replace >>> self_attn.q_proj in 2-th block
2026-07-26 13:59:07.686 | INFO     | llmc.models.base_model:replace_module_subset:432 - replace >>> self_attn.k_proj in 2-th block
2026-07-26 13:59:07.686 | INFO     | llmc.models.base_model:replace_module_subset:432 - replace >>> self_attn.k_proj in 2-th block
2026-07-26 13:59:07.686 | INFO     | llmc.models.base_model:replace_module_subset:432 - replace >>> self_attn.v_proj in 2-th block
2026-07-26 13:59:07.686 | INFO     | llmc.models.base_model:replace_module_subset:432 - replace >>> self_attn.v_proj in 2-th block
2026-07-26 13:59:07.686 | INFO     | llmc.models.base_model:replace_module_subset:432 - replace >>> self_attn.o_proj in 2-th block
2026-07-26 13:59:07.686 | INFO     | llmc.models.base_model:replace_module_subset:432 - replace >>> self_attn.o_proj in 2-th block
2026-07-26 13:59:07.689 | INFO     | llmc.models.base_model:replace_module_subset:432 - replace >>> mlp.gate_proj in 2-th block
2026-07-26 13:59:07.689 | INFO     | llmc.models.base_model:replace_module_subset:432 - replace >>> mlp.gate_proj in 2-th block
2026-07-26 13:59:07.690 | INFO     | llmc.models.base_model:replace_module_subset:432 - replace >>> mlp.up_proj in 2-th block
2026-07-26 13:59:07.690 | INFO     | llmc.models.base_model:replace_module_subset:432 - replace >>> mlp.up_proj in 2-th block
2026-07-26 13:59:07.691 | INFO     | llmc.models.base_model:replace_module_subset:432 - replace >>> mlp.down_proj in 2-th block
2026-07-26 13:59:07.691 | INFO     | llmc.models.base_model:replace_module_subset:432 - replace >>> mlp.down_proj in 2-th block
2026-07-26 13:59:07.979 | INFO     | llmc.models.base_model:replace_module_all:383 - Replace block index: 3/16
2026-07-26 13:59:07.979 | INFO     | llmc.models.base_model:replace_module_all:383 - Replace block index: 3/16
2026-07-26 13:59:07.995 | INFO     | llmc.models.base_model:replace_module_subset:432 - replace >>> self_attn.q_proj in 3-th block
2026-07-26 13:59:07.995 | INFO     | llmc.models.base_model:replace_module_subset:432 - replace >>> self_attn.q_proj in 3-th block
2026-07-26 13:59:07.996 | INFO     | llmc.models.base_model:replace_module_subset:432 - replace >>> self_attn.k_proj in 3-th block
2026-07-26 13:59:07.996 | INFO     | llmc.models.base_model:replace_module_subset:432 - replace >>> self_attn.k_proj in 3-th block
2026-07-26 13:59:07.996 | INFO     | llmc.models.base_model:replace_module_subset:432 - replace >>> self_attn.v_proj in 3-th block
2026-07-26 13:59:07.996 | INFO     | llmc.models.base_model:replace_module_subset:432 - replace >>> self_attn.v_proj in 3-th block
2026-07-26 13:59:07.996 | INFO     | llmc.models.base_model:replace_module_subset:432 - replace >>> self_attn.o_proj in 3-th block
2026-07-26 13:59:07.996 | INFO     | llmc.models.base_model:replace_module_subset:432 - replace >>> self_attn.o_proj in 3-th block
2026-07-26 13:59:07.999 | INFO     | llmc.models.base_model:replace_module_subset:432 - replace >>> mlp.gate_proj in 3-th block
2026-07-26 13:59:07.999 | INFO     | llmc.models.base_model:replace_module_subset:432 - replace >>> mlp.gate_proj in 3-th block
2026-07-26 13:59:07.999 | INFO     | llmc.models.base_model:replace_module_subset:432 - replace >>> mlp.up_proj in 3-th block
2026-07-26 13:59:07.999 | INFO     | llmc.models.base_model:replace_module_subset:432 - replace >>> mlp.up_proj in 3-th block
2026-07-26 13:59:08.000 | INFO     | llmc.models.base_model:replace_module_subset:432 - replace >>> mlp.down_proj in 3-th block
2026-07-26 13:59:08.000 | INFO     | llmc.models.base_model:replace_module_subset:432 - replace >>> mlp.down_proj in 3-th block
2026-07-26 13:59:08.273 | INFO     | llmc.models.base_model:replace_module_all:383 - Replace block index: 4/16
2026-07-26 13:59:08.273 | INFO     | llmc.models.base_model:replace_module_all:383 - Replace block index: 4/16
2026-07-26 13:59:08.289 | INFO     | llmc.models.base_model:replace_module_subset:432 - replace >>> self_attn.q_proj in 4-th block
2026-07-26 13:59:08.289 | INFO     | llmc.models.base_model:replace_module_subset:432 - replace >>> self_attn.q_proj in 4-th block
2026-07-26 13:59:08.289 | INFO     | llmc.models.base_model:replace_module_subset:432 - replace >>> self_attn.k_proj in 4-th block
2026-07-26 13:59:08.289 | INFO     | llmc.models.base_model:replace_module_subset:432 - replace >>> self_attn.k_proj in 4-th block
2026-07-26 13:59:08.289 | INFO     | llmc.models.base_model:replace_module_subset:432 - replace >>> self_attn.v_proj in 4-th block
2026-07-26 13:59:08.289 | INFO     | llmc.models.base_model:replace_module_subset:432 - replace >>> self_attn.v_proj in 4-th block
2026-07-26 13:59:08.289 | INFO     | llmc.models.base_model:replace_module_subset:432 - replace >>> self_attn.o_proj in 4-th block
2026-07-26 13:59:08.289 | INFO     | llmc.models.base_model:replace_module_subset:432 - replace >>> self_attn.o_proj in 4-th block
2026-07-26 13:59:08.292 | INFO     | llmc.models.base_model:replace_module_subset:432 - replace >>> mlp.gate_proj in 4-th block
2026-07-26 13:59:08.292 | INFO     | llmc.models.base_model:replace_module_subset:432 - replace >>> mlp.gate_proj in 4-th block
2026-07-26 13:59:08.293 | INFO     | llmc.models.base_model:replace_module_subset:432 - replace >>> mlp.up_proj in 4-th block
2026-07-26 13:59:08.293 | INFO     | llmc.models.base_model:replace_module_subset:432 - replace >>> mlp.up_proj in 4-th block
2026-07-26 13:59:08.294 | INFO     | llmc.models.base_model:replace_module_subset:432 - replace >>> mlp.down_proj in 4-th block
2026-07-26 13:59:08.294 | INFO     | llmc.models.base_model:replace_module_subset:432 - replace >>> mlp.down_proj in 4-th block
2026-07-26 13:59:08.581 | INFO     | llmc.models.base_model:replace_module_all:383 - Replace block index: 5/16
2026-07-26 13:59:08.581 | INFO     | llmc.models.base_model:replace_module_all:383 - Replace block index: 5/16
2026-07-26 13:59:08.597 | INFO     | llmc.models.base_model:replace_module_subset:432 - replace >>> self_attn.q_proj in 5-th block
2026-07-26 13:59:08.597 | INFO     | llmc.models.base_model:replace_module_subset:432 - replace >>> self_attn.q_proj in 5-th block
2026-07-26 13:59:08.598 | INFO     | llmc.models.base_model:replace_module_subset:432 - replace >>> self_attn.k_proj in 5-th block
2026-07-26 13:59:08.598 | INFO     | llmc.models.base_model:replace_module_subset:432 - replace >>> self_attn.k_proj in 5-th block
2026-07-26 13:59:08.598 | INFO     | llmc.models.base_model:replace_module_subset:432 - replace >>> self_attn.v_proj in 5-th block
2026-07-26 13:59:08.598 | INFO     | llmc.models.base_model:replace_module_subset:432 - replace >>> self_attn.v_proj in 5-th block
2026-07-26 13:59:08.599 | INFO     | llmc.models.base_model:replace_module_subset:432 - replace >>> self_attn.o_proj in 5-th block
2026-07-26 13:59:08.599 | INFO     | llmc.models.base_model:replace_module_subset:432 - replace >>> self_attn.o_proj in 5-th block
2026-07-26 13:59:08.601 | INFO     | llmc.models.base_model:replace_module_subset:432 - replace >>> mlp.gate_proj in 5-th block
2026-07-26 13:59:08.601 | INFO     | llmc.models.base_model:replace_module_subset:432 - replace >>> mlp.gate_proj in 5-th block
2026-07-26 13:59:08.602 | INFO     | llmc.models.base_model:replace_module_subset:432 - replace >>> mlp.up_proj in 5-th block
2026-07-26 13:59:08.602 | INFO     | llmc.models.base_model:replace_module_subset:432 - replace >>> mlp.up_proj in 5-th block
2026-07-26 13:59:08.603 | INFO     | llmc.models.base_model:replace_module_subset:432 - replace >>> mlp.down_proj in 5-th block
2026-07-26 13:59:08.603 | INFO     | llmc.models.base_model:replace_module_subset:432 - replace >>> mlp.down_proj in 5-th block
2026-07-26 13:59:08.884 | INFO     | llmc.models.base_model:replace_module_all:383 - Replace block index: 6/16
2026-07-26 13:59:08.884 | INFO     | llmc.models.base_model:replace_module_all:383 - Replace block index: 6/16
2026-07-26 13:59:08.901 | INFO     | llmc.models.base_model:replace_module_subset:432 - replace >>> self_attn.q_proj in 6-th block
2026-07-26 13:59:08.901 | INFO     | llmc.models.base_model:replace_module_subset:432 - replace >>> self_attn.q_proj in 6-th block
2026-07-26 13:59:08.902 | INFO     | llmc.models.base_model:replace_module_subset:432 - replace >>> self_attn.k_proj in 6-th block
2026-07-26 13:59:08.902 | INFO     | llmc.models.base_model:replace_module_subset:432 - replace >>> self_attn.k_proj in 6-th block
2026-07-26 13:59:08.902 | INFO     | llmc.models.base_model:replace_module_subset:432 - replace >>> self_attn.v_proj in 6-th block
2026-07-26 13:59:08.902 | INFO     | llmc.models.base_model:replace_module_subset:432 - replace >>> self_attn.v_proj in 6-th block
2026-07-26 13:59:08.903 | INFO     | llmc.models.base_model:replace_module_subset:432 - replace >>> self_attn.o_proj in 6-th block
2026-07-26 13:59:08.903 | INFO     | llmc.models.base_model:replace_module_subset:432 - replace >>> self_attn.o_proj in 6-th block
2026-07-26 13:59:08.905 | INFO     | llmc.models.base_model:replace_module_subset:432 - replace >>> mlp.gate_proj in 6-th block
2026-07-26 13:59:08.905 | INFO     | llmc.models.base_model:replace_module_subset:432 - replace >>> mlp.gate_proj in 6-th block
2026-07-26 13:59:08.906 | INFO     | llmc.models.base_model:replace_module_subset:432 - replace >>> mlp.up_proj in 6-th block
2026-07-26 13:59:08.906 | INFO     | llmc.models.base_model:replace_module_subset:432 - replace >>> mlp.up_proj in 6-th block
2026-07-26 13:59:08.907 | INFO     | llmc.models.base_model:replace_module_subset:432 - replace >>> mlp.down_proj in 6-th block
2026-07-26 13:59:08.907 | INFO     | llmc.models.base_model:replace_module_subset:432 - replace >>> mlp.down_proj in 6-th block
2026-07-26 13:59:09.205 | INFO     | llmc.models.base_model:replace_module_all:383 - Replace block index: 7/16
2026-07-26 13:59:09.205 | INFO     | llmc.models.base_model:replace_module_all:383 - Replace block index: 7/16
2026-07-26 13:59:09.224 | INFO     | llmc.models.base_model:replace_module_subset:432 - replace >>> self_attn.q_proj in 7-th block
2026-07-26 13:59:09.224 | INFO     | llmc.models.base_model:replace_module_subset:432 - replace >>> self_attn.q_proj in 7-th block
2026-07-26 13:59:09.224 | INFO     | llmc.models.base_model:replace_module_subset:432 - replace >>> self_attn.k_proj in 7-th block
2026-07-26 13:59:09.224 | INFO     | llmc.models.base_model:replace_module_subset:432 - replace >>> self_attn.k_proj in 7-th block
2026-07-26 13:59:09.225 | INFO     | llmc.models.base_model:replace_module_subset:432 - replace >>> self_attn.v_proj in 7-th block
2026-07-26 13:59:09.225 | INFO     | llmc.models.base_model:replace_module_subset:432 - replace >>> self_attn.v_proj in 7-th block
2026-07-26 13:59:09.225 | INFO     | llmc.models.base_model:replace_module_subset:432 - replace >>> self_attn.o_proj in 7-th block
2026-07-26 13:59:09.225 | INFO     | llmc.models.base_model:replace_module_subset:432 - replace >>> self_attn.o_proj in 7-th block
2026-07-26 13:59:09.228 | INFO     | llmc.models.base_model:replace_module_subset:432 - replace >>> mlp.gate_proj in 7-th block
2026-07-26 13:59:09.228 | INFO     | llmc.models.base_model:replace_module_subset:432 - replace >>> mlp.gate_proj in 7-th block
2026-07-26 13:59:09.229 | INFO     | llmc.models.base_model:replace_module_subset:432 - replace >>> mlp.up_proj in 7-th block
2026-07-26 13:59:09.229 | INFO     | llmc.models.base_model:replace_module_subset:432 - replace >>> mlp.up_proj in 7-th block
2026-07-26 13:59:09.230 | INFO     | llmc.models.base_model:replace_module_subset:432 - replace >>> mlp.down_proj in 7-th block
2026-07-26 13:59:09.230 | INFO     | llmc.models.base_model:replace_module_subset:432 - replace >>> mlp.down_proj in 7-th block
2026-07-26 13:59:09.522 | INFO     | llmc.models.base_model:replace_module_all:383 - Replace block index: 8/16
2026-07-26 13:59:09.522 | INFO     | llmc.models.base_model:replace_module_all:383 - Replace block index: 8/16
2026-07-26 13:59:09.540 | INFO     | llmc.models.base_model:replace_module_subset:432 - replace >>> self_attn.q_proj in 8-th block
2026-07-26 13:59:09.540 | INFO     | llmc.models.base_model:replace_module_subset:432 - replace >>> self_attn.q_proj in 8-th block
2026-07-26 13:59:09.541 | INFO     | llmc.models.base_model:replace_module_subset:432 - replace >>> self_attn.k_proj in 8-th block
2026-07-26 13:59:09.541 | INFO     | llmc.models.base_model:replace_module_subset:432 - replace >>> self_attn.k_proj in 8-th block
2026-07-26 13:59:09.541 | INFO     | llmc.models.base_model:replace_module_subset:432 - replace >>> self_attn.v_proj in 8-th block
2026-07-26 13:59:09.541 | INFO     | llmc.models.base_model:replace_module_subset:432 - replace >>> self_attn.v_proj in 8-th block
2026-07-26 13:59:09.541 | INFO     | llmc.models.base_model:replace_module_subset:432 - replace >>> self_attn.o_proj in 8-th block
2026-07-26 13:59:09.541 | INFO     | llmc.models.base_model:replace_module_subset:432 - replace >>> self_attn.o_proj in 8-th block
2026-07-26 13:59:09.544 | INFO     | llmc.models.base_model:replace_module_subset:432 - replace >>> mlp.gate_proj in 8-th block
2026-07-26 13:59:09.544 | INFO     | llmc.models.base_model:replace_module_subset:432 - replace >>> mlp.gate_proj in 8-th block
2026-07-26 13:59:09.544 | INFO     | llmc.models.base_model:replace_module_subset:432 - replace >>> mlp.up_proj in 8-th block
2026-07-26 13:59:09.544 | INFO     | llmc.models.base_model:replace_module_subset:432 - replace >>> mlp.up_proj in 8-th block
2026-07-26 13:59:09.545 | INFO     | llmc.models.base_model:replace_module_subset:432 - replace >>> mlp.down_proj in 8-th block
2026-07-26 13:59:09.545 | INFO     | llmc.models.base_model:replace_module_subset:432 - replace >>> mlp.down_proj in 8-th block
2026-07-26 13:59:09.842 | INFO     | llmc.models.base_model:replace_module_all:383 - Replace block index: 9/16
2026-07-26 13:59:09.842 | INFO     | llmc.models.base_model:replace_module_all:383 - Replace block index: 9/16
2026-07-26 13:59:09.859 | INFO     | llmc.models.base_model:replace_module_subset:432 - replace >>> self_attn.q_proj in 9-th block
2026-07-26 13:59:09.859 | INFO     | llmc.models.base_model:replace_module_subset:432 - replace >>> self_attn.q_proj in 9-th block
2026-07-26 13:59:09.860 | INFO     | llmc.models.base_model:replace_module_subset:432 - replace >>> self_attn.k_proj in 9-th block
2026-07-26 13:59:09.860 | INFO     | llmc.models.base_model:replace_module_subset:432 - replace >>> self_attn.k_proj in 9-th block
2026-07-26 13:59:09.860 | INFO     | llmc.models.base_model:replace_module_subset:432 - replace >>> self_attn.v_proj in 9-th block
2026-07-26 13:59:09.860 | INFO     | llmc.models.base_model:replace_module_subset:432 - replace >>> self_attn.v_proj in 9-th block
2026-07-26 13:59:09.860 | INFO     | llmc.models.base_model:replace_module_subset:432 - replace >>> self_attn.o_proj in 9-th block
2026-07-26 13:59:09.860 | INFO     | llmc.models.base_model:replace_module_subset:432 - replace >>> self_attn.o_proj in 9-th block
2026-07-26 13:59:09.862 | INFO     | llmc.models.base_model:replace_module_subset:432 - replace >>> mlp.gate_proj in 9-th block
2026-07-26 13:59:09.862 | INFO     | llmc.models.base_model:replace_module_subset:432 - replace >>> mlp.gate_proj in 9-th block
2026-07-26 13:59:09.863 | INFO     | llmc.models.base_model:replace_module_subset:432 - replace >>> mlp.up_proj in 9-th block
2026-07-26 13:59:09.863 | INFO     | llmc.models.base_model:replace_module_subset:432 - replace >>> mlp.up_proj in 9-th block
2026-07-26 13:59:09.864 | INFO     | llmc.models.base_model:replace_module_subset:432 - replace >>> mlp.down_proj in 9-th block
2026-07-26 13:59:09.864 | INFO     | llmc.models.base_model:replace_module_subset:432 - replace >>> mlp.down_proj in 9-th block
2026-07-26 13:59:10.167 | INFO     | llmc.models.base_model:replace_module_all:383 - Replace block index: 10/16
2026-07-26 13:59:10.167 | INFO     | llmc.models.base_model:replace_module_all:383 - Replace block index: 10/16
2026-07-26 13:59:10.184 | INFO     | llmc.models.base_model:replace_module_subset:432 - replace >>> self_attn.q_proj in 10-th block
2026-07-26 13:59:10.184 | INFO     | llmc.models.base_model:replace_module_subset:432 - replace >>> self_attn.q_proj in 10-th block
2026-07-26 13:59:10.185 | INFO     | llmc.models.base_model:replace_module_subset:432 - replace >>> self_attn.k_proj in 10-th block
2026-07-26 13:59:10.185 | INFO     | llmc.models.base_model:replace_module_subset:432 - replace >>> self_attn.k_proj in 10-th block
2026-07-26 13:59:10.186 | INFO     | llmc.models.base_model:replace_module_subset:432 - replace >>> self_attn.v_proj in 10-th block
2026-07-26 13:59:10.186 | INFO     | llmc.models.base_model:replace_module_subset:432 - replace >>> self_attn.v_proj in 10-th block
2026-07-26 13:59:10.186 | INFO     | llmc.models.base_model:replace_module_subset:432 - replace >>> self_attn.o_proj in 10-th block
2026-07-26 13:59:10.186 | INFO     | llmc.models.base_model:replace_module_subset:432 - replace >>> self_attn.o_proj in 10-th block
2026-07-26 13:59:10.188 | INFO     | llmc.models.base_model:replace_module_subset:432 - replace >>> mlp.gate_proj in 10-th block
2026-07-26 13:59:10.188 | INFO     | llmc.models.base_model:replace_module_subset:432 - replace >>> mlp.gate_proj in 10-th block
2026-07-26 13:59:10.189 | INFO     | llmc.models.base_model:replace_module_subset:432 - replace >>> mlp.up_proj in 10-th block
2026-07-26 13:59:10.189 | INFO     | llmc.models.base_model:replace_module_subset:432 - replace >>> mlp.up_proj in 10-th block
2026-07-26 13:59:10.190 | INFO     | llmc.models.base_model:replace_module_subset:432 - replace >>> mlp.down_proj in 10-th block
2026-07-26 13:59:10.190 | INFO     | llmc.models.base_model:replace_module_subset:432 - replace >>> mlp.down_proj in 10-th block
2026-07-26 13:59:10.488 | INFO     | llmc.models.base_model:replace_module_all:383 - Replace block index: 11/16
2026-07-26 13:59:10.488 | INFO     | llmc.models.base_model:replace_module_all:383 - Replace block index: 11/16
2026-07-26 13:59:10.505 | INFO     | llmc.models.base_model:replace_module_subset:432 - replace >>> self_attn.q_proj in 11-th block
2026-07-26 13:59:10.505 | INFO     | llmc.models.base_model:replace_module_subset:432 - replace >>> self_attn.q_proj in 11-th block
2026-07-26 13:59:10.505 | INFO     | llmc.models.base_model:replace_module_subset:432 - replace >>> self_attn.k_proj in 11-th block
2026-07-26 13:59:10.505 | INFO     | llmc.models.base_model:replace_module_subset:432 - replace >>> self_attn.k_proj in 11-th block
2026-07-26 13:59:10.505 | INFO     | llmc.models.base_model:replace_module_subset:432 - replace >>> self_attn.v_proj in 11-th block
2026-07-26 13:59:10.505 | INFO     | llmc.models.base_model:replace_module_subset:432 - replace >>> self_attn.v_proj in 11-th block
2026-07-26 13:59:10.506 | INFO     | llmc.models.base_model:replace_module_subset:432 - replace >>> self_attn.o_proj in 11-th block
2026-07-26 13:59:10.506 | INFO     | llmc.models.base_model:replace_module_subset:432 - replace >>> self_attn.o_proj in 11-th block
2026-07-26 13:59:10.508 | INFO     | llmc.models.base_model:replace_module_subset:432 - replace >>> mlp.gate_proj in 11-th block
2026-07-26 13:59:10.508 | INFO     | llmc.models.base_model:replace_module_subset:432 - replace >>> mlp.gate_proj in 11-th block
2026-07-26 13:59:10.509 | INFO     | llmc.models.base_model:replace_module_subset:432 - replace >>> mlp.up_proj in 11-th block
2026-07-26 13:59:10.509 | INFO     | llmc.models.base_model:replace_module_subset:432 - replace >>> mlp.up_proj in 11-th block
2026-07-26 13:59:10.510 | INFO     | llmc.models.base_model:replace_module_subset:432 - replace >>> mlp.down_proj in 11-th block
2026-07-26 13:59:10.510 | INFO     | llmc.models.base_model:replace_module_subset:432 - replace >>> mlp.down_proj in 11-th block
2026-07-26 13:59:10.807 | INFO     | llmc.models.base_model:replace_module_all:383 - Replace block index: 12/16
2026-07-26 13:59:10.807 | INFO     | llmc.models.base_model:replace_module_all:383 - Replace block index: 12/16
2026-07-26 13:59:10.824 | INFO     | llmc.models.base_model:replace_module_subset:432 - replace >>> self_attn.q_proj in 12-th block
2026-07-26 13:59:10.824 | INFO     | llmc.models.base_model:replace_module_subset:432 - replace >>> self_attn.q_proj in 12-th block
2026-07-26 13:59:10.825 | INFO     | llmc.models.base_model:replace_module_subset:432 - replace >>> self_attn.k_proj in 12-th block
2026-07-26 13:59:10.825 | INFO     | llmc.models.base_model:replace_module_subset:432 - replace >>> self_attn.k_proj in 12-th block
2026-07-26 13:59:10.826 | INFO     | llmc.models.base_model:replace_module_subset:432 - replace >>> self_attn.v_proj in 12-th block
2026-07-26 13:59:10.826 | INFO     | llmc.models.base_model:replace_module_subset:432 - replace >>> self_attn.v_proj in 12-th block
2026-07-26 13:59:10.826 | INFO     | llmc.models.base_model:replace_module_subset:432 - replace >>> self_attn.o_proj in 12-th block
2026-07-26 13:59:10.826 | INFO     | llmc.models.base_model:replace_module_subset:432 - replace >>> self_attn.o_proj in 12-th block
2026-07-26 13:59:10.828 | INFO     | llmc.models.base_model:replace_module_subset:432 - replace >>> mlp.gate_proj in 12-th block
2026-07-26 13:59:10.828 | INFO     | llmc.models.base_model:replace_module_subset:432 - replace >>> mlp.gate_proj in 12-th block
2026-07-26 13:59:10.829 | INFO     | llmc.models.base_model:replace_module_subset:432 - replace >>> mlp.up_proj in 12-th block
2026-07-26 13:59:10.829 | INFO     | llmc.models.base_model:replace_module_subset:432 - replace >>> mlp.up_proj in 12-th block
2026-07-26 13:59:10.830 | INFO     | llmc.models.base_model:replace_module_subset:432 - replace >>> mlp.down_proj in 12-th block
2026-07-26 13:59:10.830 | INFO     | llmc.models.base_model:replace_module_subset:432 - replace >>> mlp.down_proj in 12-th block
2026-07-26 13:59:11.144 | INFO     | llmc.models.base_model:replace_module_all:383 - Replace block index: 13/16
2026-07-26 13:59:11.144 | INFO     | llmc.models.base_model:replace_module_all:383 - Replace block index: 13/16
2026-07-26 13:59:11.162 | INFO     | llmc.models.base_model:replace_module_subset:432 - replace >>> self_attn.q_proj in 13-th block
2026-07-26 13:59:11.162 | INFO     | llmc.models.base_model:replace_module_subset:432 - replace >>> self_attn.q_proj in 13-th block
2026-07-26 13:59:11.163 | INFO     | llmc.models.base_model:replace_module_subset:432 - replace >>> self_attn.k_proj in 13-th block
2026-07-26 13:59:11.163 | INFO     | llmc.models.base_model:replace_module_subset:432 - replace >>> self_attn.k_proj in 13-th block
2026-07-26 13:59:11.163 | INFO     | llmc.models.base_model:replace_module_subset:432 - replace >>> self_attn.v_proj in 13-th block
2026-07-26 13:59:11.163 | INFO     | llmc.models.base_model:replace_module_subset:432 - replace >>> self_attn.v_proj in 13-th block
2026-07-26 13:59:11.164 | INFO     | llmc.models.base_model:replace_module_subset:432 - replace >>> self_attn.o_proj in 13-th block
2026-07-26 13:59:11.164 | INFO     | llmc.models.base_model:replace_module_subset:432 - replace >>> self_attn.o_proj in 13-th block
2026-07-26 13:59:11.167 | INFO     | llmc.models.base_model:replace_module_subset:432 - replace >>> mlp.gate_proj in 13-th block
2026-07-26 13:59:11.167 | INFO     | llmc.models.base_model:replace_module_subset:432 - replace >>> mlp.gate_proj in 13-th block
2026-07-26 13:59:11.168 | INFO     | llmc.models.base_model:replace_module_subset:432 - replace >>> mlp.up_proj in 13-th block
2026-07-26 13:59:11.168 | INFO     | llmc.models.base_model:replace_module_subset:432 - replace >>> mlp.up_proj in 13-th block
2026-07-26 13:59:11.170 | INFO     | llmc.models.base_model:replace_module_subset:432 - replace >>> mlp.down_proj in 13-th block
2026-07-26 13:59:11.170 | INFO     | llmc.models.base_model:replace_module_subset:432 - replace >>> mlp.down_proj in 13-th block
2026-07-26 13:59:11.472 | INFO     | llmc.models.base_model:replace_module_all:383 - Replace block index: 14/16
2026-07-26 13:59:11.472 | INFO     | llmc.models.base_model:replace_module_all:383 - Replace block index: 14/16
2026-07-26 13:59:11.489 | INFO     | llmc.models.base_model:replace_module_subset:432 - replace >>> self_attn.q_proj in 14-th block
2026-07-26 13:59:11.489 | INFO     | llmc.models.base_model:replace_module_subset:432 - replace >>> self_attn.q_proj in 14-th block
2026-07-26 13:59:11.489 | INFO     | llmc.models.base_model:replace_module_subset:432 - replace >>> self_attn.k_proj in 14-th block
2026-07-26 13:59:11.489 | INFO     | llmc.models.base_model:replace_module_subset:432 - replace >>> self_attn.k_proj in 14-th block
2026-07-26 13:59:11.489 | INFO     | llmc.models.base_model:replace_module_subset:432 - replace >>> self_attn.v_proj in 14-th block
2026-07-26 13:59:11.489 | INFO     | llmc.models.base_model:replace_module_subset:432 - replace >>> self_attn.v_proj in 14-th block
2026-07-26 13:59:11.489 | INFO     | llmc.models.base_model:replace_module_subset:432 - replace >>> self_attn.o_proj in 14-th block
2026-07-26 13:59:11.489 | INFO     | llmc.models.base_model:replace_module_subset:432 - replace >>> self_attn.o_proj in 14-th block
2026-07-26 13:59:11.492 | INFO     | llmc.models.base_model:replace_module_subset:432 - replace >>> mlp.gate_proj in 14-th block
2026-07-26 13:59:11.492 | INFO     | llmc.models.base_model:replace_module_subset:432 - replace >>> mlp.gate_proj in 14-th block
2026-07-26 13:59:11.492 | INFO     | llmc.models.base_model:replace_module_subset:432 - replace >>> mlp.up_proj in 14-th block
2026-07-26 13:59:11.492 | INFO     | llmc.models.base_model:replace_module_subset:432 - replace >>> mlp.up_proj in 14-th block
2026-07-26 13:59:11.494 | INFO     | llmc.models.base_model:replace_module_subset:432 - replace >>> mlp.down_proj in 14-th block
2026-07-26 13:59:11.494 | INFO     | llmc.models.base_model:replace_module_subset:432 - replace >>> mlp.down_proj in 14-th block
2026-07-26 13:59:11.806 | INFO     | llmc.models.base_model:replace_module_all:383 - Replace block index: 15/16
2026-07-26 13:59:11.806 | INFO     | llmc.models.base_model:replace_module_all:383 - Replace block index: 15/16
2026-07-26 13:59:11.823 | INFO     | llmc.models.base_model:replace_module_subset:432 - replace >>> self_attn.q_proj in 15-th block
2026-07-26 13:59:11.823 | INFO     | llmc.models.base_model:replace_module_subset:432 - replace >>> self_attn.q_proj in 15-th block
2026-07-26 13:59:11.824 | INFO     | llmc.models.base_model:replace_module_subset:432 - replace >>> self_attn.k_proj in 15-th block
2026-07-26 13:59:11.824 | INFO     | llmc.models.base_model:replace_module_subset:432 - replace >>> self_attn.k_proj in 15-th block
2026-07-26 13:59:11.824 | INFO     | llmc.models.base_model:replace_module_subset:432 - replace >>> self_attn.v_proj in 15-th block
2026-07-26 13:59:11.824 | INFO     | llmc.models.base_model:replace_module_subset:432 - replace >>> self_attn.v_proj in 15-th block
2026-07-26 13:59:11.824 | INFO     | llmc.models.base_model:replace_module_subset:432 - replace >>> self_attn.o_proj in 15-th block
2026-07-26 13:59:11.824 | INFO     | llmc.models.base_model:replace_module_subset:432 - replace >>> self_attn.o_proj in 15-th block
2026-07-26 13:59:11.827 | INFO     | llmc.models.base_model:replace_module_subset:432 - replace >>> mlp.gate_proj in 15-th block
2026-07-26 13:59:11.827 | INFO     | llmc.models.base_model:replace_module_subset:432 - replace >>> mlp.gate_proj in 15-th block
2026-07-26 13:59:11.827 | INFO     | llmc.models.base_model:replace_module_subset:432 - replace >>> mlp.up_proj in 15-th block
2026-07-26 13:59:11.827 | INFO     | llmc.models.base_model:replace_module_subset:432 - replace >>> mlp.up_proj in 15-th block
2026-07-26 13:59:11.828 | INFO     | llmc.models.base_model:replace_module_subset:432 - replace >>> mlp.down_proj in 15-th block
2026-07-26 13:59:11.828 | INFO     | llmc.models.base_model:replace_module_subset:432 - replace >>> mlp.down_proj in 15-th block
2026-07-26 13:59:12.135 | INFO     | llmc.compression.quantization.base_blockwise_quantization:deploy:1014 - -- deploy_fake_quant_model done --
2026-07-26 13:59:12.135 | INFO     | llmc.compression.quantization.base_blockwise_quantization:deploy:1014 - -- deploy_fake_quant_model done --
2026-07-26 13:59:26.367 | INFO     | llmc.compression.quantization.base_blockwise_quantization:save_model:1079 - save model done --
2026-07-26 13:59:26.367 | INFO     | llmc.compression.quantization.base_blockwise_quantization:save_model:1079 - save model done --
2026-07-26 13:59:26.512 | INFO     | llmc.compression.quantization.base_blockwise_quantization:copy_tokenizer:1020 - copy tokenizer done --
2026-07-26 13:59:26.512 | INFO     | llmc.compression.quantization.base_blockwise_quantization:copy_tokenizer:1020 - copy tokenizer done --
2026-07-26 13:59:26.765 | INFO     | __main__:<module>:291 - llmc_duration_time: 272.74374318122864 s
2026-07-26 13:59:26.765 | INFO     | __main__:<module>:291 - llmc_duration_time: 272.74374318122864 s
2026-07-26 13:59:26.765 | INFO     | __main__:<module>:292 - --- llmc finished ---
2026-07-26 13:59:26.765 | INFO     | __main__:<module>:292 - --- llmc finished ---
