Removing invalid partial LLMC checkpoint: /mnt/e/seq v4/SEQ-clean-v4/runs/final/llmc/Llama-3.2-1B/gptq/artifacts/fake_quant_model
Running native LLMC GPTQ W4 g128...
2026-07-30 16:39:22.085 | WARNING  | llmc.utils.visualizer:<module>:13 - Can not import matplotlib. If you need it, please install.
2026-07-30 16:40:18.186 | INFO     | llmc.compression.quantization.module_utils:<module>:16 - Successfully imported Triton kernel.
2026-07-30 16:40:18.187 | WARNING  | llmc.compression.quantization.module_utils:<module>:35 - fast_hadamard_transform not installed. If you need it, please install it firstly.
2026-07-30 16:40:18.188 | INFO     | llmc.compression.quantization.auto_clip:<module>:13 - Successfully imported Triton kernel.
2026-07-30 16:40:18.188 | INFO     | llmc.compression.quantization.base_blockwise_quantization:<module>:24 - Successfully imported Triton kernel.
2026-07-30 16:40:18.211 | WARNING  | llmc.compression.quantization.hadamard_utils:<module>:9 - fast_hadamard_transform not installed.If you need it, please install it firstly.
2026-07-30 16:40:19.546 | WARNING  | llmc.compression.quantization.quant:<module>:13 - qtorch not found, please install qtorch.Please install qtorch (pip install qtorch).
2026-07-30 16:40:19.554 | INFO     | llmc.compression.quantization.awq:<module>:16 - Successfully imported Triton kernel.
2026-07-30 16:40:20.279 | INFO     | llmc.compression.quantization.osplus:<module>:20 - Successfully imported Triton kernel.
2026-07-30 16:41:18.031 | WARNING  | llmc.models.internomni:<module>:14 - InternOmni-internvl not installed. If you need it, please install it.
2026-07-30 16:41:18.039 | WARNING  | llmc.models.internvl2:<module>:22 - InternLM2 conversation.py not be found. If you need it, please copy it from model path to llmc/models.
2026-07-30 16:41:18.048 | WARNING  | llmc.models.internvl3_5:<module>:21 - InternLM2 conversation.py not be found. If you need it, please copy it from model path to llmc/models.
2026-07-30 16:41:18.070 | DEBUG    | llmc.models.llava:<module>:30 - LLaVA is not installed. Please install LLaVA to use this model.
Error: No module named 'llava'
2026-07-30 16:41:18.093 | DEBUG    | llmc.models.llava_onevision:<module>:27 - LLaVA is not installed. Please install LLaVA to use this model.
Error: No module named 'llava'
2026-07-30 16:41:19.002 | WARNING  | llmc.models.vila:<module>:25 - VILA is not installed. Please install VILA to use this model. Error: No module named 'llava'
2026-07-30 16:41:28.406 | INFO     | llmc.utils.utils:check_config:49 - Tokenizer_mode is set to slow.
2026-07-30 16:41:28.406 | INFO     | llmc.utils.utils:check_config:49 - Tokenizer_mode is set to slow.
2026-07-30 16:41:28.406 | INFO     | __main__:<module>:216 - args: Namespace(config='/mnt/e/seq v4/SEQ-clean-v4/runs/final/llmc/Llama-3.2-1B/gptq/config.yml', task_id='gptq_w4_g128_llama32_1b')
2026-07-30 16:41:28.406 | INFO     | __main__:<module>:216 - args: Namespace(config='/mnt/e/seq v4/SEQ-clean-v4/runs/final/llmc/Llama-3.2-1B/gptq/config.yml', task_id='gptq_w4_g128_llama32_1b')
2026-07-30 16:41:28.406 | INFO     | __main__:<module>:217 - config:
{
    "base": {
        "seed": 42
    },
    "model": {
        "type": "Llama",
        "path": "meta-llama/Llama-3.2-1B",
        "torch_dtype": "auto",
        "tokenizer_mode": "slow"
    },
    "calib": {
        "name": "wikitext2",
        "download": true,
        "n_samples": 128,
        "bs": 1,
        "seq_len": 2048,
        "preproc": "wikitext2_gptq",
        "seed": 0
    },
    "eval": {
        "eval_pos": [
            "fake_quant"
        ],
        "name": "wikitext2",
        "download": true,
        "bs": 1,
        "seq_len": 2048,
        "inference_per_block": false
    },
    "quant": {
        "method": "GPTQ",
        "weight": {
            "bit": 4,
            "symmetric": false,
            "granularity": "per_group",
            "group_size": 128
        },
        "special": {
            "actorder": true,
            "static_groups": false,
            "percdamp": 0.01,
            "blocksize": 128,
            "true_sequential": true
        },
        "quant_out": true
    },
    "save": {
        "save_trans": false,
        "save_fake": true,
        "save_vllm": false,
        "save_path": "/mnt/e/seq v4/SEQ-clean-v4/runs/final/llmc/Llama-3.2-1B/gptq/artifacts"
    }
}
2026-07-30 16:41:28.406 | INFO     | __main__:<module>:217 - config:
{
    "base": {
        "seed": 42
    },
    "model": {
        "type": "Llama",
        "path": "meta-llama/Llama-3.2-1B",
        "torch_dtype": "auto",
        "tokenizer_mode": "slow"
    },
    "calib": {
        "name": "wikitext2",
        "download": true,
        "n_samples": 128,
        "bs": 1,
        "seq_len": 2048,
        "preproc": "wikitext2_gptq",
        "seed": 0
    },
    "eval": {
        "eval_pos": [
            "fake_quant"
        ],
        "name": "wikitext2",
        "download": true,
        "bs": 1,
        "seq_len": 2048,
        "inference_per_block": false
    },
    "quant": {
        "method": "GPTQ",
        "weight": {
            "bit": 4,
            "symmetric": false,
            "granularity": "per_group",
            "group_size": 128
        },
        "special": {
            "actorder": true,
            "static_groups": false,
            "percdamp": 0.01,
            "blocksize": 128,
            "true_sequential": true
        },
        "quant_out": true
    },
    "save": {
        "save_trans": false,
        "save_fake": true,
        "save_vllm": false,
        "save_path": "/mnt/e/seq v4/SEQ-clean-v4/runs/final/llmc/Llama-3.2-1B/gptq/artifacts"
    }
}
2026-07-30 16:41:28.410 | INFO     | llmc.utils.utils:print_important_package_version:73 - torch : 2.13.0
2026-07-30 16:41:28.410 | INFO     | llmc.utils.utils:print_important_package_version:73 - torch : 2.13.0
2026-07-30 16:41:28.415 | INFO     | llmc.utils.utils:print_important_package_version:74 - transformers : 4.57.6
2026-07-30 16:41:28.415 | INFO     | llmc.utils.utils:print_important_package_version:74 - transformers : 4.57.6
2026-07-30 16:41:28.419 | INFO     | llmc.utils.utils:print_important_package_version:75 - tokenizers : 0.22.2
2026-07-30 16:41:28.419 | INFO     | llmc.utils.utils:print_important_package_version:75 - tokenizers : 0.22.2
2026-07-30 16:41:28.422 | INFO     | llmc.utils.utils:print_important_package_version:76 - huggingface-hub : 0.36.2
2026-07-30 16:41:28.422 | INFO     | llmc.utils.utils:print_important_package_version:76 - huggingface-hub : 0.36.2
2026-07-30 16:41:28.425 | INFO     | llmc.utils.utils:print_important_package_version:77 - datasets : 2.16.1
2026-07-30 16:41:28.425 | INFO     | llmc.utils.utils:print_important_package_version:77 - datasets : 2.16.1
2026-07-30 16:41:28.425 | INFO     | __main__:<module>:221 - WORLD_SIZE : 1
2026-07-30 16:41:28.425 | INFO     | __main__:<module>:221 - WORLD_SIZE : 1
/mnt/e/LightCompress/.venv-llmc/lib/python3.11/site-packages/torch/distributed/c10d_logger.py:83: UserWarning: barrier(): using the device under current context. You can specify `device_id` in `init_process_group` to mute this warning.
  return func(*args, **kwargs)
[rank0]:[W730 16:41:28.104746554 ProcessGroupNCCL.cpp:5276] Guessing device ID based on global rank. This can cause a hang if rank to GPU mapping is heterogeneous. You can specify device_id in init_process_group()
2026-07-30 16:41:35.076 | INFO     | llmc.models.base_model:build_model:204 - self.model_config : LlamaConfig {
  "architectures": [
    "LlamaForCausalLM"
  ],
  "attention_bias": false,
  "attention_dropout": 0.0,
  "bos_token_id": 128000,
  "dtype": "bfloat16",
  "eos_token_id": 128001,
  "head_dim": 64,
  "hidden_act": "silu",
  "hidden_size": 2048,
  "initializer_range": 0.02,
  "intermediate_size": 8192,
  "max_position_embeddings": 131072,
  "mlp_bias": false,
  "model_type": "llama",
  "num_attention_heads": 32,
  "num_hidden_layers": 16,
  "num_key_value_heads": 8,
  "pretraining_tp": 1,
  "rms_norm_eps": 1e-05,
  "rope_scaling": {
    "factor": 32.0,
    "high_freq_factor": 4.0,
    "low_freq_factor": 1.0,
    "original_max_position_embeddings": 8192,
    "rope_type": "llama3"
  },
  "rope_theta": 500000.0,
  "tie_word_embeddings": true,
  "transformers_version": "4.57.6",
  "use_cache": false,
  "vocab_size": 128256
}

2026-07-30 16:41:35.076 | INFO     | llmc.models.base_model:build_model:204 - self.model_config : LlamaConfig {
  "architectures": [
    "LlamaForCausalLM"
  ],
  "attention_bias": false,
  "attention_dropout": 0.0,
  "bos_token_id": 128000,
  "dtype": "bfloat16",
  "eos_token_id": 128001,
  "head_dim": 64,
  "hidden_act": "silu",
  "hidden_size": 2048,
  "initializer_range": 0.02,
  "intermediate_size": 8192,
  "max_position_embeddings": 131072,
  "mlp_bias": false,
  "model_type": "llama",
  "num_attention_heads": 32,
  "num_hidden_layers": 16,
  "num_key_value_heads": 8,
  "pretraining_tp": 1,
  "rms_norm_eps": 1e-05,
  "rope_scaling": {
    "factor": 32.0,
    "high_freq_factor": 4.0,
    "low_freq_factor": 1.0,
    "original_max_position_embeddings": 8192,
    "rope_type": "llama3"
  },
  "rope_theta": 500000.0,
  "tie_word_embeddings": true,
  "transformers_version": "4.57.6",
  "use_cache": false,
  "vocab_size": 128256
}

`torch_dtype` is deprecated! Use `dtype` instead!
2026-07-30 16:41:36.397 | INFO     | llmc.models.base_model:build_model:242 - self.model : LlamaForCausalLM(
  (model): LlamaModel(
    (embed_tokens): Embedding(128256, 2048)
    (layers): ModuleList(
      (0-15): 16 x LlamaDecoderLayer(
        (self_attn): LlamaAttention(
          (q_proj): Linear(in_features=2048, out_features=2048, bias=False)
          (k_proj): Linear(in_features=2048, out_features=512, bias=False)
          (v_proj): Linear(in_features=2048, out_features=512, bias=False)
          (o_proj): Linear(in_features=2048, out_features=2048, bias=False)
        )
        (mlp): LlamaMLP(
          (gate_proj): Linear(in_features=2048, out_features=8192, bias=False)
          (up_proj): Linear(in_features=2048, out_features=8192, bias=False)
          (down_proj): Linear(in_features=8192, out_features=2048, bias=False)
          (act_fn): SiLUActivation()
        )
        (input_layernorm): LlamaRMSNorm((2048,), eps=1e-05)
        (post_attention_layernorm): LlamaRMSNorm((2048,), eps=1e-05)
      )
    )
    (norm): LlamaRMSNorm((2048,), eps=1e-05)
    (rotary_emb): LlamaRotaryEmbedding()
  )
  (lm_head): Linear(in_features=2048, out_features=128256, bias=False)
)
2026-07-30 16:41:36.397 | INFO     | llmc.models.base_model:build_model:242 - self.model : LlamaForCausalLM(
  (model): LlamaModel(
    (embed_tokens): Embedding(128256, 2048)
    (layers): ModuleList(
      (0-15): 16 x LlamaDecoderLayer(
        (self_attn): LlamaAttention(
          (q_proj): Linear(in_features=2048, out_features=2048, bias=False)
          (k_proj): Linear(in_features=2048, out_features=512, bias=False)
          (v_proj): Linear(in_features=2048, out_features=512, bias=False)
          (o_proj): Linear(in_features=2048, out_features=2048, bias=False)
        )
        (mlp): LlamaMLP(
          (gate_proj): Linear(in_features=2048, out_features=8192, bias=False)
          (up_proj): Linear(in_features=2048, out_features=8192, bias=False)
          (down_proj): Linear(in_features=8192, out_features=2048, bias=False)
          (act_fn): SiLUActivation()
        )
        (input_layernorm): LlamaRMSNorm((2048,), eps=1e-05)
        (post_attention_layernorm): LlamaRMSNorm((2048,), eps=1e-05)
      )
    )
    (norm): LlamaRMSNorm((2048,), eps=1e-05)
    (rotary_emb): LlamaRotaryEmbedding()
  )
  (lm_head): Linear(in_features=2048, out_features=128256, bias=False)
)
2026-07-30 16:41:36.397 | INFO     | llmc.models.base_model:add_layernorms_class:277 - _TRANSFORMERS_LN_TYPES_ : [<class 'torch.nn.modules.normalization.LayerNorm'>, <class 'transformers.models.llama.modeling_llama.LlamaRMSNorm'>]
2026-07-30 16:41:36.397 | INFO     | llmc.models.base_model:add_layernorms_class:277 - _TRANSFORMERS_LN_TYPES_ : [<class 'torch.nn.modules.normalization.LayerNorm'>, <class 'transformers.models.llama.modeling_llama.LlamaRMSNorm'>]
2026-07-30 16:41:36.398 | INFO     | __main__:main:32 - model: 
Config: 
LlamaConfig {
  "architectures": [
    "LlamaForCausalLM"
  ],
  "attention_bias": false,
  "attention_dropout": 0.0,
  "bos_token_id": 128000,
  "dtype": "bfloat16",
  "eos_token_id": 128001,
  "head_dim": 64,
  "hidden_act": "silu",
  "hidden_size": 2048,
  "initializer_range": 0.02,
  "intermediate_size": 8192,
  "max_position_embeddings": 131072,
  "mlp_bias": false,
  "model_type": "llama",
  "num_attention_heads": 32,
  "num_hidden_layers": 16,
  "num_key_value_heads": 8,
  "pretraining_tp": 1,
  "rms_norm_eps": 1e-05,
  "rope_scaling": {
    "factor": 32.0,
    "high_freq_factor": 4.0,
    "low_freq_factor": 1.0,
    "original_max_position_embeddings": 8192,
    "rope_type": "llama3"
  },
  "rope_theta": 500000.0,
  "tie_word_embeddings": true,
  "transformers_version": "4.57.6",
  "use_cache": false,
  "vocab_size": 128256
}
 
Model: 
LlamaForCausalLM(
  (model): LlamaModel(
    (embed_tokens): Embedding(128256, 2048)
    (layers): ModuleList(
      (0-15): 16 x LlamaDecoderLayer(
        (self_attn): LlamaAttention(
          (q_proj): Linear(in_features=2048, out_features=2048, bias=False)
          (k_proj): Linear(in_features=2048, out_features=512, bias=False)
          (v_proj): Linear(in_features=2048, out_features=512, bias=False)
          (o_proj): Linear(in_features=2048, out_features=2048, bias=False)
        )
        (mlp): LlamaMLP(
          (gate_proj): Linear(in_features=2048, out_features=8192, bias=False)
          (up_proj): Linear(in_features=2048, out_features=8192, bias=False)
          (down_proj): Linear(in_features=8192, out_features=2048, bias=False)
          (act_fn): SiLUActivation()
        )
        (input_layernorm): LlamaRMSNorm((2048,), eps=1e-05)
        (post_attention_layernorm): LlamaRMSNorm((2048,), eps=1e-05)
      )
    )
    (norm): LlamaRMSNorm((2048,), eps=1e-05)
    (rotary_emb): LlamaRotaryEmbedding()
  )
  (lm_head): Linear(in_features=2048, out_features=128256, bias=False)
)
2026-07-30 16:41:36.398 | INFO     | __main__:main:32 - model: 
Config: 
LlamaConfig {
  "architectures": [
    "LlamaForCausalLM"
  ],
  "attention_bias": false,
  "attention_dropout": 0.0,
  "bos_token_id": 128000,
  "dtype": "bfloat16",
  "eos_token_id": 128001,
  "head_dim": 64,
  "hidden_act": "silu",
  "hidden_size": 2048,
  "initializer_range": 0.02,
  "intermediate_size": 8192,
  "max_position_embeddings": 131072,
  "mlp_bias": false,
  "model_type": "llama",
  "num_attention_heads": 32,
  "num_hidden_layers": 16,
  "num_key_value_heads": 8,
  "pretraining_tp": 1,
  "rms_norm_eps": 1e-05,
  "rope_scaling": {
    "factor": 32.0,
    "high_freq_factor": 4.0,
    "low_freq_factor": 1.0,
    "original_max_position_embeddings": 8192,
    "rope_type": "llama3"
  },
  "rope_theta": 500000.0,
  "tie_word_embeddings": true,
  "transformers_version": "4.57.6",
  "use_cache": false,
  "vocab_size": 128256
}
 
Model: 
LlamaForCausalLM(
  (model): LlamaModel(
    (embed_tokens): Embedding(128256, 2048)
    (layers): ModuleList(
      (0-15): 16 x LlamaDecoderLayer(
        (self_attn): LlamaAttention(
          (q_proj): Linear(in_features=2048, out_features=2048, bias=False)
          (k_proj): Linear(in_features=2048, out_features=512, bias=False)
          (v_proj): Linear(in_features=2048, out_features=512, bias=False)
          (o_proj): Linear(in_features=2048, out_features=2048, bias=False)
        )
        (mlp): LlamaMLP(
          (gate_proj): Linear(in_features=2048, out_features=8192, bias=False)
          (up_proj): Linear(in_features=2048, out_features=8192, bias=False)
          (down_proj): Linear(in_features=8192, out_features=2048, bias=False)
          (act_fn): SiLUActivation()
        )
        (input_layernorm): LlamaRMSNorm((2048,), eps=1e-05)
        (post_attention_layernorm): LlamaRMSNorm((2048,), eps=1e-05)
      )
    )
    (norm): LlamaRMSNorm((2048,), eps=1e-05)
    (rotary_emb): LlamaRotaryEmbedding()
  )
  (lm_head): Linear(in_features=2048, out_features=128256, bias=False)
)
2026-07-30 16:41:36.398 | INFO     | __main__:main:33 - tokenizer: PreTrainedTokenizerFast(name_or_path='meta-llama/Llama-3.2-1B', vocab_size=128000, model_max_length=131072, is_fast=True, padding_side='right', truncation_side='right', special_tokens={'bos_token': '<|begin_of_text|>', 'eos_token': '<|end_of_text|>', 'pad_token': '<|end_of_text|>'}, clean_up_tokenization_spaces=True, added_tokens_decoder={
	128000: AddedToken("<|begin_of_text|>", rstrip=False, lstrip=False, single_word=False, normalized=False, special=True),
	128001: AddedToken("<|end_of_text|>", rstrip=False, lstrip=False, single_word=False, normalized=False, special=True),
	128002: AddedToken("<|reserved_special_token_0|>", rstrip=False, lstrip=False, single_word=False, normalized=False, special=True),
	128003: AddedToken("<|reserved_special_token_1|>", rstrip=False, lstrip=False, single_word=False, normalized=False, special=True),
	128004: AddedToken("<|finetune_right_pad_id|>", rstrip=False, lstrip=False, single_word=False, normalized=False, special=True),
	128005: AddedToken("<|reserved_special_token_2|>", rstrip=False, lstrip=False, single_word=False, normalized=False, special=True),
	128006: AddedToken("<|start_header_id|>", rstrip=False, lstrip=False, single_word=False, normalized=False, special=True),
	128007: AddedToken("<|end_header_id|>", rstrip=False, lstrip=False, single_word=False, normalized=False, special=True),
	128008: AddedToken("<|eom_id|>", rstrip=False, lstrip=False, single_word=False, normalized=False, special=True),
	128009: AddedToken("<|eot_id|>", rstrip=False, lstrip=False, single_word=False, normalized=False, special=True),
	128010: AddedToken("<|python_tag|>", rstrip=False, lstrip=False, single_word=False, normalized=False, special=True),
	128011: AddedToken("<|reserved_special_token_3|>", rstrip=False, lstrip=False, single_word=False, normalized=False, special=True),
	128012: AddedToken("<|reserved_special_token_4|>", rstrip=False, lstrip=False, single_word=False, normalized=False, special=True),
	128013: AddedToken("<|reserved_special_token_5|>", rstrip=False, lstrip=False, single_word=False, normalized=False, special=True),
	128014: AddedToken("<|reserved_special_token_6|>", rstrip=False, lstrip=False, single_word=False, normalized=False, special=True),
	128015: AddedToken("<|reserved_special_token_7|>", rstrip=False, lstrip=False, single_word=False, normalized=False, special=True),
	128016: AddedToken("<|reserved_special_token_8|>", rstrip=False, lstrip=False, single_word=False, normalized=False, special=True),
	128017: AddedToken("<|reserved_special_token_9|>", rstrip=False, lstrip=False, single_word=False, normalized=False, special=True),
	128018: AddedToken("<|reserved_special_token_10|>", rstrip=False, lstrip=False, single_word=False, normalized=False, special=True),
	128019: AddedToken("<|reserved_special_token_11|>", rstrip=False, lstrip=False, single_word=False, normalized=False, special=True),
	128020: AddedToken("<|reserved_special_token_12|>", rstrip=False, lstrip=False, single_word=False, normalized=False, special=True),
	128021: AddedToken("<|reserved_special_token_13|>", rstrip=False, lstrip=False, single_word=False, normalized=False, special=True),
	128022: AddedToken("<|reserved_special_token_14|>", rstrip=False, lstrip=False, single_word=False, normalized=False, special=True),
	128023: AddedToken("<|reserved_special_token_15|>", rstrip=False, lstrip=False, single_word=False, normalized=False, special=True),
	128024: AddedToken("<|reserved_special_token_16|>", rstrip=False, lstrip=False, single_word=False, normalized=False, special=True),
	128025: AddedToken("<|reserved_special_token_17|>", rstrip=False, lstrip=False, single_word=False, normalized=False, special=True),
	128026: AddedToken("<|reserved_special_token_18|>", rstrip=False, lstrip=False, single_word=False, normalized=False, special=True),
	128027: AddedToken("<|reserved_special_token_19|>", rstrip=False, lstrip=False, single_word=False, normalized=False, special=True),
	128028: AddedToken("<|reserved_special_token_20|>", rstrip=False, lstrip=False, single_word=False, normalized=False, special=True),
	128029: AddedToken("<|reserved_special_token_21|>", rstrip=False, lstrip=False, single_word=False, normalized=False, special=True),
	128030: AddedToken("<|reserved_special_token_22|>", rstrip=False, lstrip=False, single_word=False, normalized=False, special=True),
	128031: AddedToken("<|reserved_special_token_23|>", rstrip=False, lstrip=False, single_word=False, normalized=False, special=True),
	128032: AddedToken("<|reserved_special_token_24|>", rstrip=False, lstrip=False, single_word=False, normalized=False, special=True),
	128033: AddedToken("<|reserved_special_token_25|>", rstrip=False, lstrip=False, single_word=False, normalized=False, special=True),
	128034: AddedToken("<|reserved_special_token_26|>", rstrip=False, lstrip=False, single_word=False, normalized=False, special=True),
	128035: AddedToken("<|reserved_special_token_27|>", rstrip=False, lstrip=False, single_word=False, normalized=False, special=True),
	128036: AddedToken("<|reserved_special_token_28|>", rstrip=False, lstrip=False, single_word=False, normalized=False, special=True),
	128037: AddedToken("<|reserved_special_token_29|>", rstrip=False, lstrip=False, single_word=False, normalized=False, special=True),
	128038: AddedToken("<|reserved_special_token_30|>", rstrip=False, lstrip=False, single_word=False, normalized=False, special=True),
	128039: AddedToken("<|reserved_special_token_31|>", rstrip=False, lstrip=False, single_word=False, normalized=False, special=True),
	128040: AddedToken("<|reserved_special_token_32|>", rstrip=False, lstrip=False, single_word=False, normalized=False, special=True),
	128041: AddedToken("<|reserved_special_token_33|>", rstrip=False, lstrip=False, single_word=False, normalized=False, special=True),
	128042: AddedToken("<|reserved_special_token_34|>", rstrip=False, lstrip=False, single_word=False, normalized=False, special=True),
	128043: AddedToken("<|reserved_special_token_35|>", rstrip=False, lstrip=False, single_word=False, normalized=False, special=True),
	128044: AddedToken("<|reserved_special_token_36|>", rstrip=False, lstrip=False, single_word=False, normalized=False, special=True),
	128045: AddedToken("<|reserved_special_token_37|>", rstrip=False, lstrip=False, single_word=False, normalized=False, special=True),
	128046: AddedToken("<|reserved_special_token_38|>", rstrip=False, lstrip=False, single_word=False, normalized=False, special=True),
	128047: AddedToken("<|reserved_special_token_39|>", rstrip=False, lstrip=False, single_word=False, normalized=False, special=True),
	128048: AddedToken("<|reserved_special_token_40|>", rstrip=False, lstrip=False, single_word=False, normalized=False, special=True),
	128049: AddedToken("<|reserved_special_token_41|>", rstrip=False, lstrip=False, single_word=False, normalized=False, special=True),
	128050: AddedToken("<|reserved_special_token_42|>", rstrip=False, lstrip=False, single_word=False, normalized=False, special=True),
	128051: AddedToken("<|reserved_special_token_43|>", rstrip=False, lstrip=False, single_word=False, normalized=False, special=True),
	128052: AddedToken("<|reserved_special_token_44|>", rstrip=False, lstrip=False, single_word=False, normalized=False, special=True),
	128053: AddedToken("<|reserved_special_token_45|>", rstrip=False, lstrip=False, single_word=False, normalized=False, special=True),
	128054: AddedToken("<|reserved_special_token_46|>", rstrip=False, lstrip=False, single_word=False, normalized=False, special=True),
	128055: AddedToken("<|reserved_special_token_47|>", rstrip=False, lstrip=False, single_word=False, normalized=False, special=True),
	128056: AddedToken("<|reserved_special_token_48|>", rstrip=False, lstrip=False, single_word=False, normalized=False, special=True),
	128057: AddedToken("<|reserved_special_token_49|>", rstrip=False, lstrip=False, single_word=False, normalized=False, special=True),
	128058: AddedToken("<|reserved_special_token_50|>", rstrip=False, lstrip=False, single_word=False, normalized=False, special=True),
	128059: AddedToken("<|reserved_special_token_51|>", rstrip=False, lstrip=False, single_word=False, normalized=False, special=True),
	128060: AddedToken("<|reserved_special_token_52|>", rstrip=False, lstrip=False, single_word=False, normalized=False, special=True),
	128061: AddedToken("<|reserved_special_token_53|>", rstrip=False, lstrip=False, single_word=False, normalized=False, special=True),
	128062: AddedToken("<|reserved_special_token_54|>", rstrip=False, lstrip=False, single_word=False, normalized=False, special=True),
	128063: AddedToken("<|reserved_special_token_55|>", rstrip=False, lstrip=False, single_word=False, normalized=False, special=True),
	128064: AddedToken("<|reserved_special_token_56|>", rstrip=False, lstrip=False, single_word=False, normalized=False, special=True),
	128065: AddedToken("<|reserved_special_token_57|>", rstrip=False, lstrip=False, single_word=False, normalized=False, special=True),
	128066: AddedToken("<|reserved_special_token_58|>", rstrip=False, lstrip=False, single_word=False, normalized=False, special=True),
	128067: AddedToken("<|reserved_special_token_59|>", rstrip=False, lstrip=False, single_word=False, normalized=False, special=True),
	128068: AddedToken("<|reserved_special_token_60|>", rstrip=False, lstrip=False, single_word=False, normalized=False, special=True),
	128069: AddedToken("<|reserved_special_token_61|>", rstrip=False, lstrip=False, single_word=False, normalized=False, special=True),
	128070: AddedToken("<|reserved_special_token_62|>", rstrip=False, lstrip=False, single_word=False, normalized=False, special=True),
	128071: AddedToken("<|reserved_special_token_63|>", rstrip=False, lstrip=False, single_word=False, normalized=False, special=True),
	128072: AddedToken("<|reserved_special_token_64|>", rstrip=False, lstrip=False, single_word=False, normalized=False, special=True),
	128073: AddedToken("<|reserved_special_token_65|>", rstrip=False, lstrip=False, single_word=False, normalized=False, special=True),
	128074: AddedToken("<|reserved_special_token_66|>", rstrip=False, lstrip=False, single_word=False, normalized=False, special=True),
	128075: AddedToken("<|reserved_special_token_67|>", rstrip=False, lstrip=False, single_word=False, normalized=False, special=True),
	128076: AddedToken("<|reserved_special_token_68|>", rstrip=False, lstrip=False, single_word=False, normalized=False, special=True),
	128077: AddedToken("<|reserved_special_token_69|>", rstrip=False, lstrip=False, single_word=False, normalized=False, special=True),
	128078: AddedToken("<|reserved_special_token_70|>", rstrip=False, lstrip=False, single_word=False, normalized=False, special=True),
	128079: AddedToken("<|reserved_special_token_71|>", rstrip=False, lstrip=False, single_word=False, normalized=False, special=True),
	128080: AddedToken("<|reserved_special_token_72|>", rstrip=False, lstrip=False, single_word=False, normalized=False, special=True),
	128081: AddedToken("<|reserved_special_token_73|>", rstrip=False, lstrip=False, single_word=False, normalized=False, special=True),
	128082: AddedToken("<|reserved_special_token_74|>", rstrip=False, lstrip=False, single_word=False, normalized=False, special=True),
	128083: AddedToken("<|reserved_special_token_75|>", rstrip=False, lstrip=False, single_word=False, normalized=False, special=True),
	128084: AddedToken("<|reserved_special_token_76|>", rstrip=False, lstrip=False, single_word=False, normalized=False, special=True),
	128085: AddedToken("<|reserved_special_token_77|>", rstrip=False, lstrip=False, single_word=False, normalized=False, special=True),
	128086: AddedToken("<|reserved_special_token_78|>", rstrip=False, lstrip=False, single_word=False, normalized=False, special=True),
	128087: AddedToken("<|reserved_special_token_79|>", rstrip=False, lstrip=False, single_word=False, normalized=False, special=True),
	128088: AddedToken("<|reserved_special_token_80|>", rstrip=False, lstrip=False, single_word=False, normalized=False, special=True),
	128089: AddedToken("<|reserved_special_token_81|>", rstrip=False, lstrip=False, single_word=False, normalized=False, special=True),
	128090: AddedToken("<|reserved_special_token_82|>", rstrip=False, lstrip=False, single_word=False, normalized=False, special=True),
	128091: AddedToken("<|reserved_special_token_83|>", rstrip=False, lstrip=False, single_word=False, normalized=False, special=True),
	128092: AddedToken("<|reserved_special_token_84|>", rstrip=False, lstrip=False, single_word=False, normalized=False, special=True),
	128093: AddedToken("<|reserved_special_token_85|>", rstrip=False, lstrip=False, single_word=False, normalized=False, special=True),
	128094: AddedToken("<|reserved_special_token_86|>", rstrip=False, lstrip=False, single_word=False, normalized=False, special=True),
	128095: AddedToken("<|reserved_special_token_87|>", rstrip=False, lstrip=False, single_word=False, normalized=False, special=True),
	128096: AddedToken("<|reserved_special_token_88|>", rstrip=False, lstrip=False, single_word=False, normalized=False, special=True),
	128097: AddedToken("<|reserved_special_token_89|>", rstrip=False, lstrip=False, single_word=False, normalized=False, special=True),
	128098: AddedToken("<|reserved_special_token_90|>", rstrip=False, lstrip=False, single_word=False, normalized=False, special=True),
	128099: AddedToken("<|reserved_special_token_91|>", rstrip=False, lstrip=False, single_word=False, normalized=False, special=True),
	128100: AddedToken("<|reserved_special_token_92|>", rstrip=False, lstrip=False, single_word=False, normalized=False, special=True),
	128101: AddedToken("<|reserved_special_token_93|>", rstrip=False, lstrip=False, single_word=False, normalized=False, special=True),
	128102: AddedToken("<|reserved_special_token_94|>", rstrip=False, lstrip=False, single_word=False, normalized=False, special=True),
	128103: AddedToken("<|reserved_special_token_95|>", rstrip=False, lstrip=False, single_word=False, normalized=False, special=True),
	128104: AddedToken("<|reserved_special_token_96|>", rstrip=False, lstrip=False, single_word=False, normalized=False, special=True),
	128105: AddedToken("<|reserved_special_token_97|>", rstrip=False, lstrip=False, single_word=False, normalized=False, special=True),
	128106: AddedToken("<|reserved_special_token_98|>", rstrip=False, lstrip=False, single_word=False, normalized=False, special=True),
	128107: AddedToken("<|reserved_special_token_99|>", rstrip=False, lstrip=False, single_word=False, normalized=False, special=True),
	128108: AddedToken("<|reserved_special_token_100|>", rstrip=False, lstrip=False, single_word=False, normalized=False, special=True),
	128109: AddedToken("<|reserved_special_token_101|>", rstrip=False, lstrip=False, single_word=False, normalized=False, special=True),
	128110: AddedToken("<|reserved_special_token_102|>", rstrip=False, lstrip=False, single_word=False, normalized=False, special=True),
	128111: AddedToken("<|reserved_special_token_103|>", rstrip=False, lstrip=False, single_word=False, normalized=False, special=True),
	128112: AddedToken("<|reserved_special_token_104|>", rstrip=False, lstrip=False, single_word=False, normalized=False, special=True),
	128113: AddedToken("<|reserved_special_token_105|>", rstrip=False, lstrip=False, single_word=False, normalized=False, special=True),
	128114: AddedToken("<|reserved_special_token_106|>", rstrip=False, lstrip=False, single_word=False, normalized=False, special=True),
	128115: AddedToken("<|reserved_special_token_107|>", rstrip=False, lstrip=False, single_word=False, normalized=False, special=True),
	128116: AddedToken("<|reserved_special_token_108|>", rstrip=False, lstrip=False, single_word=False, normalized=False, special=True),
	128117: AddedToken("<|reserved_special_token_109|>", rstrip=False, lstrip=False, single_word=False, normalized=False, special=True),
	128118: AddedToken("<|reserved_special_token_110|>", rstrip=False, lstrip=False, single_word=False, normalized=False, special=True),
	128119: AddedToken("<|reserved_special_token_111|>", rstrip=False, lstrip=False, single_word=False, normalized=False, special=True),
	128120: AddedToken("<|reserved_special_token_112|>", rstrip=False, lstrip=False, single_word=False, normalized=False, special=True),
	128121: AddedToken("<|reserved_special_token_113|>", rstrip=False, lstrip=False, single_word=False, normalized=False, special=True),
	128122: AddedToken("<|reserved_special_token_114|>", rstrip=False, lstrip=False, single_word=False, normalized=False, special=True),
	128123: AddedToken("<|reserved_special_token_115|>", rstrip=False, lstrip=False, single_word=False, normalized=False, special=True),
	128124: AddedToken("<|reserved_special_token_116|>", rstrip=False, lstrip=False, single_word=False, normalized=False, special=True),
	128125: AddedToken("<|reserved_special_token_117|>", rstrip=False, lstrip=False, single_word=False, normalized=False, special=True),
	128126: AddedToken("<|reserved_special_token_118|>", rstrip=False, lstrip=False, single_word=False, normalized=False, special=True),
	128127: AddedToken("<|reserved_special_token_119|>", rstrip=False, lstrip=False, single_word=False, normalized=False, special=True),
	128128: AddedToken("<|reserved_special_token_120|>", rstrip=False, lstrip=False, single_word=False, normalized=False, special=True),
	128129: AddedToken("<|reserved_special_token_121|>", rstrip=False, lstrip=False, single_word=False, normalized=False, special=True),
	128130: AddedToken("<|reserved_special_token_122|>", rstrip=False, lstrip=False, single_word=False, normalized=False, special=True),
	128131: AddedToken("<|reserved_special_token_123|>", rstrip=False, lstrip=False, single_word=False, normalized=False, special=True),
	128132: AddedToken("<|reserved_special_token_124|>", rstrip=False, lstrip=False, single_word=False, normalized=False, special=True),
	128133: AddedToken("<|reserved_special_token_125|>", rstrip=False, lstrip=False, single_word=False, normalized=False, special=True),
	128134: AddedToken("<|reserved_special_token_126|>", rstrip=False, lstrip=False, single_word=False, normalized=False, special=True),
	128135: AddedToken("<|reserved_special_token_127|>", rstrip=False, lstrip=False, single_word=False, normalized=False, special=True),
	128136: AddedToken("<|reserved_special_token_128|>", rstrip=False, lstrip=False, single_word=False, normalized=False, special=True),
	128137: AddedToken("<|reserved_special_token_129|>", rstrip=False, lstrip=False, single_word=False, normalized=False, special=True),
	128138: AddedToken("<|reserved_special_token_130|>", rstrip=False, lstrip=False, single_word=False, normalized=False, special=True),
	128139: AddedToken("<|reserved_special_token_131|>", rstrip=False, lstrip=False, single_word=False, normalized=False, special=True),
	128140: AddedToken("<|reserved_special_token_132|>", rstrip=False, lstrip=False, single_word=False, normalized=False, special=True),
	128141: AddedToken("<|reserved_special_token_133|>", rstrip=False, lstrip=False, single_word=False, normalized=False, special=True),
	128142: AddedToken("<|reserved_special_token_134|>", rstrip=False, lstrip=False, single_word=False, normalized=False, special=True),
	128143: AddedToken("<|reserved_special_token_135|>", rstrip=False, lstrip=False, single_word=False, normalized=False, special=True),
	128144: AddedToken("<|reserved_special_token_136|>", rstrip=False, lstrip=False, single_word=False, normalized=False, special=True),
	128145: AddedToken("<|reserved_special_token_137|>", rstrip=False, lstrip=False, single_word=False, normalized=False, special=True),
	128146: AddedToken("<|reserved_special_token_138|>", rstrip=False, lstrip=False, single_word=False, normalized=False, special=True),
	128147: AddedToken("<|reserved_special_token_139|>", rstrip=False, lstrip=False, single_word=False, normalized=False, special=True),
	128148: AddedToken("<|reserved_special_token_140|>", rstrip=False, lstrip=False, single_word=False, normalized=False, special=True),
	128149: AddedToken("<|reserved_special_token_141|>", rstrip=False, lstrip=False, single_word=False, normalized=False, special=True),
	128150: AddedToken("<|reserved_special_token_142|>", rstrip=False, lstrip=False, single_word=False, normalized=False, special=True),
	128151: AddedToken("<|reserved_special_token_143|>", rstrip=False, lstrip=False, single_word=False, normalized=False, special=True),
	128152: AddedToken("<|reserved_special_token_144|>", rstrip=False, lstrip=False, single_word=False, normalized=False, special=True),
	128153: AddedToken("<|reserved_special_token_145|>", rstrip=False, lstrip=False, single_word=False, normalized=False, special=True),
	128154: AddedToken("<|reserved_special_token_146|>", rstrip=False, lstrip=False, single_word=False, normalized=False, special=True),
	128155: AddedToken("<|reserved_special_token_147|>", rstrip=False, lstrip=False, single_word=False, normalized=False, special=True),
	128156: AddedToken("<|reserved_special_token_148|>", rstrip=False, lstrip=False, single_word=False, normalized=False, special=True),
	128157: AddedToken("<|reserved_special_token_149|>", rstrip=False, lstrip=False, single_word=False, normalized=False, special=True),
	128158: AddedToken("<|reserved_special_token_150|>", rstrip=False, lstrip=False, single_word=False, normalized=False, special=True),
	128159: AddedToken("<|reserved_special_token_151|>", rstrip=False, lstrip=False, single_word=False, normalized=False, special=True),
	128160: AddedToken("<|reserved_special_token_152|>", rstrip=False, lstrip=False, single_word=False, normalized=False, special=True),
	128161: AddedToken("<|reserved_special_token_153|>", rstrip=False, lstrip=False, single_word=False, normalized=False, special=True),
	128162: AddedToken("<|reserved_special_token_154|>", rstrip=False, lstrip=False, single_word=False, normalized=False, special=True),
	128163: AddedToken("<|reserved_special_token_155|>", rstrip=False, lstrip=False, single_word=False, normalized=False, special=True),
	128164: AddedToken("<|reserved_special_token_156|>", rstrip=False, lstrip=False, single_word=False, normalized=False, special=True),
	128165: AddedToken("<|reserved_special_token_157|>", rstrip=False, lstrip=False, single_word=False, normalized=False, special=True),
	128166: AddedToken("<|reserved_special_token_158|>", rstrip=False, lstrip=False, single_word=False, normalized=False, special=True),
	128167: AddedToken("<|reserved_special_token_159|>", rstrip=False, lstrip=False, single_word=False, normalized=False, special=True),
	128168: AddedToken("<|reserved_special_token_160|>", rstrip=False, lstrip=False, single_word=False, normalized=False, special=True),
	128169: AddedToken("<|reserved_special_token_161|>", rstrip=False, lstrip=False, single_word=False, normalized=False, special=True),
	128170: AddedToken("<|reserved_special_token_162|>", rstrip=False, lstrip=False, single_word=False, normalized=False, special=True),
	128171: AddedToken("<|reserved_special_token_163|>", rstrip=False, lstrip=False, single_word=False, normalized=False, special=True),
	128172: AddedToken("<|reserved_special_token_164|>", rstrip=False, lstrip=False, single_word=False, normalized=False, special=True),
	128173: AddedToken("<|reserved_special_token_165|>", rstrip=False, lstrip=False, single_word=False, normalized=False, special=True),
	128174: AddedToken("<|reserved_special_token_166|>", rstrip=False, lstrip=False, single_word=False, normalized=False, special=True),
	128175: AddedToken("<|reserved_special_token_167|>", rstrip=False, lstrip=False, single_word=False, normalized=False, special=True),
	128176: AddedToken("<|reserved_special_token_168|>", rstrip=False, lstrip=False, single_word=False, normalized=False, special=True),
	128177: AddedToken("<|reserved_special_token_169|>", rstrip=False, lstrip=False, single_word=False, normalized=False, special=True),
	128178: AddedToken("<|reserved_special_token_170|>", rstrip=False, lstrip=False, single_word=False, normalized=False, special=True),
	128179: AddedToken("<|reserved_special_token_171|>", rstrip=False, lstrip=False, single_word=False, normalized=False, special=True),
	128180: AddedToken("<|reserved_special_token_172|>", rstrip=False, lstrip=False, single_word=False, normalized=False, special=True),
	128181: AddedToken("<|reserved_special_token_173|>", rstrip=False, lstrip=False, single_word=False, normalized=False, special=True),
	128182: AddedToken("<|reserved_special_token_174|>", rstrip=False, lstrip=False, single_word=False, normalized=False, special=True),
	128183: AddedToken("<|reserved_special_token_175|>", rstrip=False, lstrip=False, single_word=False, normalized=False, special=True),
	128184: AddedToken("<|reserved_special_token_176|>", rstrip=False, lstrip=False, single_word=False, normalized=False, special=True),
	128185: AddedToken("<|reserved_special_token_177|>", rstrip=False, lstrip=False, single_word=False, normalized=False, special=True),
	128186: AddedToken("<|reserved_special_token_178|>", rstrip=False, lstrip=False, single_word=False, normalized=False, special=True),
	128187: AddedToken("<|reserved_special_token_179|>", rstrip=False, lstrip=False, single_word=False, normalized=False, special=True),
	128188: AddedToken("<|reserved_special_token_180|>", rstrip=False, lstrip=False, single_word=False, normalized=False, special=True),
	128189: AddedToken("<|reserved_special_token_181|>", rstrip=False, lstrip=False, single_word=False, normalized=False, special=True),
	128190: AddedToken("<|reserved_special_token_182|>", rstrip=False, lstrip=False, single_word=False, normalized=False, special=True),
	128191: AddedToken("<|reserved_special_token_183|>", rstrip=False, lstrip=False, single_word=False, normalized=False, special=True),
	128192: AddedToken("<|reserved_special_token_184|>", rstrip=False, lstrip=False, single_word=False, normalized=False, special=True),
	128193: AddedToken("<|reserved_special_token_185|>", rstrip=False, lstrip=False, single_word=False, normalized=False, special=True),
	128194: AddedToken("<|reserved_special_token_186|>", rstrip=False, lstrip=False, single_word=False, normalized=False, special=True),
	128195: AddedToken("<|reserved_special_token_187|>", rstrip=False, lstrip=False, single_word=False, normalized=False, special=True),
	128196: AddedToken("<|reserved_special_token_188|>", rstrip=False, lstrip=False, single_word=False, normalized=False, special=True),
	128197: AddedToken("<|reserved_special_token_189|>", rstrip=False, lstrip=False, single_word=False, normalized=False, special=True),
	128198: AddedToken("<|reserved_special_token_190|>", rstrip=False, lstrip=False, single_word=False, normalized=False, special=True),
	128199: AddedToken("<|reserved_special_token_191|>", rstrip=False, lstrip=False, single_word=False, normalized=False, special=True),
	128200: AddedToken("<|reserved_special_token_192|>", rstrip=False, lstrip=False, single_word=False, normalized=False, special=True),
	128201: AddedToken("<|reserved_special_token_193|>", rstrip=False, lstrip=False, single_word=False, normalized=False, special=True),
	128202: AddedToken("<|reserved_special_token_194|>", rstrip=False, lstrip=False, single_word=False, normalized=False, special=True),
	128203: AddedToken("<|reserved_special_token_195|>", rstrip=False, lstrip=False, single_word=False, normalized=False, special=True),
	128204: AddedToken("<|reserved_special_token_196|>", rstrip=False, lstrip=False, single_word=False, normalized=False, special=True),
	128205: AddedToken("<|reserved_special_token_197|>", rstrip=False, lstrip=False, single_word=False, normalized=False, special=True),
	128206: AddedToken("<|reserved_special_token_198|>", rstrip=False, lstrip=False, single_word=False, normalized=False, special=True),
	128207: AddedToken("<|reserved_special_token_199|>", rstrip=False, lstrip=False, single_word=False, normalized=False, special=True),
	128208: AddedToken("<|reserved_special_token_200|>", rstrip=False, lstrip=False, single_word=False, normalized=False, special=True),
	128209: AddedToken("<|reserved_special_token_201|>", rstrip=False, lstrip=False, single_word=False, normalized=False, special=True),
	128210: AddedToken("<|reserved_special_token_202|>", rstrip=False, lstrip=False, single_word=False, normalized=False, special=True),
	128211: AddedToken("<|reserved_special_token_203|>", rstrip=False, lstrip=False, single_word=False, normalized=False, special=True),
	128212: AddedToken("<|reserved_special_token_204|>", rstrip=False, lstrip=False, single_word=False, normalized=False, special=True),
	128213: AddedToken("<|reserved_special_token_205|>", rstrip=False, lstrip=False, single_word=False, normalized=False, special=True),
	128214: AddedToken("<|reserved_special_token_206|>", rstrip=False, lstrip=False, single_word=False, normalized=False, special=True),
	128215: AddedToken("<|reserved_special_token_207|>", rstrip=False, lstrip=False, single_word=False, normalized=False, special=True),
	128216: AddedToken("<|reserved_special_token_208|>", rstrip=False, lstrip=False, single_word=False, normalized=False, special=True),
	128217: AddedToken("<|reserved_special_token_209|>", rstrip=False, lstrip=False, single_word=False, normalized=False, special=True),
	128218: AddedToken("<|reserved_special_token_210|>", rstrip=False, lstrip=False, single_word=False, normalized=False, special=True),
	128219: AddedToken("<|reserved_special_token_211|>", rstrip=False, lstrip=False, single_word=False, normalized=False, special=True),
	128220: AddedToken("<|reserved_special_token_212|>", rstrip=False, lstrip=False, single_word=False, normalized=False, special=True),
	128221: AddedToken("<|reserved_special_token_213|>", rstrip=False, lstrip=False, single_word=False, normalized=False, special=True),
	128222: AddedToken("<|reserved_special_token_214|>", rstrip=False, lstrip=False, single_word=False, normalized=False, special=True),
	128223: AddedToken("<|reserved_special_token_215|>", rstrip=False, lstrip=False, single_word=False, normalized=False, special=True),
	128224: AddedToken("<|reserved_special_token_216|>", rstrip=False, lstrip=False, single_word=False, normalized=False, special=True),
	128225: AddedToken("<|reserved_special_token_217|>", rstrip=False, lstrip=False, single_word=False, normalized=False, special=True),
	128226: AddedToken("<|reserved_special_token_218|>", rstrip=False, lstrip=False, single_word=False, normalized=False, special=True),
	128227: AddedToken("<|reserved_special_token_219|>", rstrip=False, lstrip=False, single_word=False, normalized=False, special=True),
	128228: AddedToken("<|reserved_special_token_220|>", rstrip=False, lstrip=False, single_word=False, normalized=False, special=True),
	128229: AddedToken("<|reserved_special_token_221|>", rstrip=False, lstrip=False, single_word=False, normalized=False, special=True),
	128230: AddedToken("<|reserved_special_token_222|>", rstrip=False, lstrip=False, single_word=False, normalized=False, special=True),
	128231: AddedToken("<|reserved_special_token_223|>", rstrip=False, lstrip=False, single_word=False, normalized=False, special=True),
	128232: AddedToken("<|reserved_special_token_224|>", rstrip=False, lstrip=False, single_word=False, normalized=False, special=True),
	128233: AddedToken("<|reserved_special_token_225|>", rstrip=False, lstrip=False, single_word=False, normalized=False, special=True),
	128234: AddedToken("<|reserved_special_token_226|>", rstrip=False, lstrip=False, single_word=False, normalized=False, special=True),
	128235: AddedToken("<|reserved_special_token_227|>", rstrip=False, lstrip=False, single_word=False, normalized=False, special=True),
	128236: AddedToken("<|reserved_special_token_228|>", rstrip=False, lstrip=False, single_word=False, normalized=False, special=True),
	128237: AddedToken("<|reserved_special_token_229|>", rstrip=False, lstrip=False, single_word=False, normalized=False, special=True),
	128238: AddedToken("<|reserved_special_token_230|>", rstrip=False, lstrip=False, single_word=False, normalized=False, special=True),
	128239: AddedToken("<|reserved_special_token_231|>", rstrip=False, lstrip=False, single_word=False, normalized=False, special=True),
	128240: AddedToken("<|reserved_special_token_232|>", rstrip=False, lstrip=False, single_word=False, normalized=False, special=True),
	128241: AddedToken("<|reserved_special_token_233|>", rstrip=False, lstrip=False, single_word=False, normalized=False, special=True),
	128242: AddedToken("<|reserved_special_token_234|>", rstrip=False, lstrip=False, single_word=False, normalized=False, special=True),
	128243: AddedToken("<|reserved_special_token_235|>", rstrip=False, lstrip=False, single_word=False, normalized=False, special=True),
	128244: AddedToken("<|reserved_special_token_236|>", rstrip=False, lstrip=False, single_word=False, normalized=False, special=True),
	128245: AddedToken("<|reserved_special_token_237|>", rstrip=False, lstrip=False, single_word=False, normalized=False, special=True),
	128246: AddedToken("<|reserved_special_token_238|>", rstrip=False, lstrip=False, single_word=False, normalized=False, special=True),
	128247: AddedToken("<|reserved_special_token_239|>", rstrip=False, lstrip=False, single_word=False, normalized=False, special=True),
	128248: AddedToken("<|reserved_special_token_240|>", rstrip=False, lstrip=False, single_word=False, normalized=False, special=True),
	128249: AddedToken("<|reserved_special_token_241|>", rstrip=False, lstrip=False, single_word=False, normalized=False, special=True),
	128250: AddedToken("<|reserved_special_token_242|>", rstrip=False, lstrip=False, single_word=False, normalized=False, special=True),
	128251: AddedToken("<|reserved_special_token_243|>", rstrip=False, lstrip=False, single_word=False, normalized=False, special=True),
	128252: AddedToken("<|reserved_special_token_244|>", rstrip=False, lstrip=False, single_word=False, normalized=False, special=True),
	128253: AddedToken("<|reserved_special_token_245|>", rstrip=False, lstrip=False, single_word=False, normalized=False, special=True),
	128254: AddedToken("<|reserved_special_token_246|>", rstrip=False, lstrip=False, single_word=False, normalized=False, special=True),
	128255: AddedToken("<|reserved_special_token_247|>", rstrip=False, lstrip=False, single_word=False, normalized=False, special=True),
}
)
2026-07-30 16:41:36.398 | INFO     | __main__:main:33 - tokenizer: PreTrainedTokenizerFast(name_or_path='meta-llama/Llama-3.2-1B', vocab_size=128000, model_max_length=131072, is_fast=True, padding_side='right', truncation_side='right', special_tokens={'bos_token': '<|begin_of_text|>', 'eos_token': '<|end_of_text|>', 'pad_token': '<|end_of_text|>'}, clean_up_tokenization_spaces=True, added_tokens_decoder={
	128000: AddedToken("<|begin_of_text|>", rstrip=False, lstrip=False, single_word=False, normalized=False, special=True),
	128001: AddedToken("<|end_of_text|>", rstrip=False, lstrip=False, single_word=False, normalized=False, special=True),
	128002: AddedToken("<|reserved_special_token_0|>", rstrip=False, lstrip=False, single_word=False, normalized=False, special=True),
	128003: AddedToken("<|reserved_special_token_1|>", rstrip=False, lstrip=False, single_word=False, normalized=False, special=True),
	128004: AddedToken("<|finetune_right_pad_id|>", rstrip=False, lstrip=False, single_word=False, normalized=False, special=True),
	128005: AddedToken("<|reserved_special_token_2|>", rstrip=False, lstrip=False, single_word=False, normalized=False, special=True),
	128006: AddedToken("<|start_header_id|>", rstrip=False, lstrip=False, single_word=False, normalized=False, special=True),
	128007: AddedToken("<|end_header_id|>", rstrip=False, lstrip=False, single_word=False, normalized=False, special=True),
	128008: AddedToken("<|eom_id|>", rstrip=False, lstrip=False, single_word=False, normalized=False, special=True),
	128009: AddedToken("<|eot_id|>", rstrip=False, lstrip=False, single_word=False, normalized=False, special=True),
	128010: AddedToken("<|python_tag|>", rstrip=False, lstrip=False, single_word=False, normalized=False, special=True),
	128011: AddedToken("<|reserved_special_token_3|>", rstrip=False, lstrip=False, single_word=False, normalized=False, special=True),
	128012: AddedToken("<|reserved_special_token_4|>", rstrip=False, lstrip=False, single_word=False, normalized=False, special=True),
	128013: AddedToken("<|reserved_special_token_5|>", rstrip=False, lstrip=False, single_word=False, normalized=False, special=True),
	128014: AddedToken("<|reserved_special_token_6|>", rstrip=False, lstrip=False, single_word=False, normalized=False, special=True),
	128015: AddedToken("<|reserved_special_token_7|>", rstrip=False, lstrip=False, single_word=False, normalized=False, special=True),
	128016: AddedToken("<|reserved_special_token_8|>", rstrip=False, lstrip=False, single_word=False, normalized=False, special=True),
	128017: AddedToken("<|reserved_special_token_9|>", rstrip=False, lstrip=False, single_word=False, normalized=False, special=True),
	128018: AddedToken("<|reserved_special_token_10|>", rstrip=False, lstrip=False, single_word=False, normalized=False, special=True),
	128019: AddedToken("<|reserved_special_token_11|>", rstrip=False, lstrip=False, single_word=False, normalized=False, special=True),
	128020: AddedToken("<|reserved_special_token_12|>", rstrip=False, lstrip=False, single_word=False, normalized=False, special=True),
	128021: AddedToken("<|reserved_special_token_13|>", rstrip=False, lstrip=False, single_word=False, normalized=False, special=True),
	128022: AddedToken("<|reserved_special_token_14|>", rstrip=False, lstrip=False, single_word=False, normalized=False, special=True),
	128023: AddedToken("<|reserved_special_token_15|>", rstrip=False, lstrip=False, single_word=False, normalized=False, special=True),
	128024: AddedToken("<|reserved_special_token_16|>", rstrip=False, lstrip=False, single_word=False, normalized=False, special=True),
	128025: AddedToken("<|reserved_special_token_17|>", rstrip=False, lstrip=False, single_word=False, normalized=False, special=True),
	128026: AddedToken("<|reserved_special_token_18|>", rstrip=False, lstrip=False, single_word=False, normalized=False, special=True),
	128027: AddedToken("<|reserved_special_token_19|>", rstrip=False, lstrip=False, single_word=False, normalized=False, special=True),
	128028: AddedToken("<|reserved_special_token_20|>", rstrip=False, lstrip=False, single_word=False, normalized=False, special=True),
	128029: AddedToken("<|reserved_special_token_21|>", rstrip=False, lstrip=False, single_word=False, normalized=False, special=True),
	128030: AddedToken("<|reserved_special_token_22|>", rstrip=False, lstrip=False, single_word=False, normalized=False, special=True),
	128031: AddedToken("<|reserved_special_token_23|>", rstrip=False, lstrip=False, single_word=False, normalized=False, special=True),
	128032: AddedToken("<|reserved_special_token_24|>", rstrip=False, lstrip=False, single_word=False, normalized=False, special=True),
	128033: AddedToken("<|reserved_special_token_25|>", rstrip=False, lstrip=False, single_word=False, normalized=False, special=True),
	128034: AddedToken("<|reserved_special_token_26|>", rstrip=False, lstrip=False, single_word=False, normalized=False, special=True),
	128035: AddedToken("<|reserved_special_token_27|>", rstrip=False, lstrip=False, single_word=False, normalized=False, special=True),
	128036: AddedToken("<|reserved_special_token_28|>", rstrip=False, lstrip=False, single_word=False, normalized=False, special=True),
	128037: AddedToken("<|reserved_special_token_29|>", rstrip=False, lstrip=False, single_word=False, normalized=False, special=True),
	128038: AddedToken("<|reserved_special_token_30|>", rstrip=False, lstrip=False, single_word=False, normalized=False, special=True),
	128039: AddedToken("<|reserved_special_token_31|>", rstrip=False, lstrip=False, single_word=False, normalized=False, special=True),
	128040: AddedToken("<|reserved_special_token_32|>", rstrip=False, lstrip=False, single_word=False, normalized=False, special=True),
	128041: AddedToken("<|reserved_special_token_33|>", rstrip=False, lstrip=False, single_word=False, normalized=False, special=True),
	128042: AddedToken("<|reserved_special_token_34|>", rstrip=False, lstrip=False, single_word=False, normalized=False, special=True),
	128043: AddedToken("<|reserved_special_token_35|>", rstrip=False, lstrip=False, single_word=False, normalized=False, special=True),
	128044: AddedToken("<|reserved_special_token_36|>", rstrip=False, lstrip=False, single_word=False, normalized=False, special=True),
	128045: AddedToken("<|reserved_special_token_37|>", rstrip=False, lstrip=False, single_word=False, normalized=False, special=True),
	128046: AddedToken("<|reserved_special_token_38|>", rstrip=False, lstrip=False, single_word=False, normalized=False, special=True),
	128047: AddedToken("<|reserved_special_token_39|>", rstrip=False, lstrip=False, single_word=False, normalized=False, special=True),
	128048: AddedToken("<|reserved_special_token_40|>", rstrip=False, lstrip=False, single_word=False, normalized=False, special=True),
	128049: AddedToken("<|reserved_special_token_41|>", rstrip=False, lstrip=False, single_word=False, normalized=False, special=True),
	128050: AddedToken("<|reserved_special_token_42|>", rstrip=False, lstrip=False, single_word=False, normalized=False, special=True),
	128051: AddedToken("<|reserved_special_token_43|>", rstrip=False, lstrip=False, single_word=False, normalized=False, special=True),
	128052: AddedToken("<|reserved_special_token_44|>", rstrip=False, lstrip=False, single_word=False, normalized=False, special=True),
	128053: AddedToken("<|reserved_special_token_45|>", rstrip=False, lstrip=False, single_word=False, normalized=False, special=True),
	128054: AddedToken("<|reserved_special_token_46|>", rstrip=False, lstrip=False, single_word=False, normalized=False, special=True),
	128055: AddedToken("<|reserved_special_token_47|>", rstrip=False, lstrip=False, single_word=False, normalized=False, special=True),
	128056: AddedToken("<|reserved_special_token_48|>", rstrip=False, lstrip=False, single_word=False, normalized=False, special=True),
	128057: AddedToken("<|reserved_special_token_49|>", rstrip=False, lstrip=False, single_word=False, normalized=False, special=True),
	128058: AddedToken("<|reserved_special_token_50|>", rstrip=False, lstrip=False, single_word=False, normalized=False, special=True),
	128059: AddedToken("<|reserved_special_token_51|>", rstrip=False, lstrip=False, single_word=False, normalized=False, special=True),
	128060: AddedToken("<|reserved_special_token_52|>", rstrip=False, lstrip=False, single_word=False, normalized=False, special=True),
	128061: AddedToken("<|reserved_special_token_53|>", rstrip=False, lstrip=False, single_word=False, normalized=False, special=True),
	128062: AddedToken("<|reserved_special_token_54|>", rstrip=False, lstrip=False, single_word=False, normalized=False, special=True),
	128063: AddedToken("<|reserved_special_token_55|>", rstrip=False, lstrip=False, single_word=False, normalized=False, special=True),
	128064: AddedToken("<|reserved_special_token_56|>", rstrip=False, lstrip=False, single_word=False, normalized=False, special=True),
	128065: AddedToken("<|reserved_special_token_57|>", rstrip=False, lstrip=False, single_word=False, normalized=False, special=True),
	128066: AddedToken("<|reserved_special_token_58|>", rstrip=False, lstrip=False, single_word=False, normalized=False, special=True),
	128067: AddedToken("<|reserved_special_token_59|>", rstrip=False, lstrip=False, single_word=False, normalized=False, special=True),
	128068: AddedToken("<|reserved_special_token_60|>", rstrip=False, lstrip=False, single_word=False, normalized=False, special=True),
	128069: AddedToken("<|reserved_special_token_61|>", rstrip=False, lstrip=False, single_word=False, normalized=False, special=True),
	128070: AddedToken("<|reserved_special_token_62|>", rstrip=False, lstrip=False, single_word=False, normalized=False, special=True),
	128071: AddedToken("<|reserved_special_token_63|>", rstrip=False, lstrip=False, single_word=False, normalized=False, special=True),
	128072: AddedToken("<|reserved_special_token_64|>", rstrip=False, lstrip=False, single_word=False, normalized=False, special=True),
	128073: AddedToken("<|reserved_special_token_65|>", rstrip=False, lstrip=False, single_word=False, normalized=False, special=True),
	128074: AddedToken("<|reserved_special_token_66|>", rstrip=False, lstrip=False, single_word=False, normalized=False, special=True),
	128075: AddedToken("<|reserved_special_token_67|>", rstrip=False, lstrip=False, single_word=False, normalized=False, special=True),
	128076: AddedToken("<|reserved_special_token_68|>", rstrip=False, lstrip=False, single_word=False, normalized=False, special=True),
	128077: AddedToken("<|reserved_special_token_69|>", rstrip=False, lstrip=False, single_word=False, normalized=False, special=True),
	128078: AddedToken("<|reserved_special_token_70|>", rstrip=False, lstrip=False, single_word=False, normalized=False, special=True),
	128079: AddedToken("<|reserved_special_token_71|>", rstrip=False, lstrip=False, single_word=False, normalized=False, special=True),
	128080: AddedToken("<|reserved_special_token_72|>", rstrip=False, lstrip=False, single_word=False, normalized=False, special=True),
	128081: AddedToken("<|reserved_special_token_73|>", rstrip=False, lstrip=False, single_word=False, normalized=False, special=True),
	128082: AddedToken("<|reserved_special_token_74|>", rstrip=False, lstrip=False, single_word=False, normalized=False, special=True),
	128083: AddedToken("<|reserved_special_token_75|>", rstrip=False, lstrip=False, single_word=False, normalized=False, special=True),
	128084: AddedToken("<|reserved_special_token_76|>", rstrip=False, lstrip=False, single_word=False, normalized=False, special=True),
	128085: AddedToken("<|reserved_special_token_77|>", rstrip=False, lstrip=False, single_word=False, normalized=False, special=True),
	128086: AddedToken("<|reserved_special_token_78|>", rstrip=False, lstrip=False, single_word=False, normalized=False, special=True),
	128087: AddedToken("<|reserved_special_token_79|>", rstrip=False, lstrip=False, single_word=False, normalized=False, special=True),
	128088: AddedToken("<|reserved_special_token_80|>", rstrip=False, lstrip=False, single_word=False, normalized=False, special=True),
	128089: AddedToken("<|reserved_special_token_81|>", rstrip=False, lstrip=False, single_word=False, normalized=False, special=True),
	128090: AddedToken("<|reserved_special_token_82|>", rstrip=False, lstrip=False, single_word=False, normalized=False, special=True),
	128091: AddedToken("<|reserved_special_token_83|>", rstrip=False, lstrip=False, single_word=False, normalized=False, special=True),
	128092: AddedToken("<|reserved_special_token_84|>", rstrip=False, lstrip=False, single_word=False, normalized=False, special=True),
	128093: AddedToken("<|reserved_special_token_85|>", rstrip=False, lstrip=False, single_word=False, normalized=False, special=True),
	128094: AddedToken("<|reserved_special_token_86|>", rstrip=False, lstrip=False, single_word=False, normalized=False, special=True),
	128095: AddedToken("<|reserved_special_token_87|>", rstrip=False, lstrip=False, single_word=False, normalized=False, special=True),
	128096: AddedToken("<|reserved_special_token_88|>", rstrip=False, lstrip=False, single_word=False, normalized=False, special=True),
	128097: AddedToken("<|reserved_special_token_89|>", rstrip=False, lstrip=False, single_word=False, normalized=False, special=True),
	128098: AddedToken("<|reserved_special_token_90|>", rstrip=False, lstrip=False, single_word=False, normalized=False, special=True),
	128099: AddedToken("<|reserved_special_token_91|>", rstrip=False, lstrip=False, single_word=False, normalized=False, special=True),
	128100: AddedToken("<|reserved_special_token_92|>", rstrip=False, lstrip=False, single_word=False, normalized=False, special=True),
	128101: AddedToken("<|reserved_special_token_93|>", rstrip=False, lstrip=False, single_word=False, normalized=False, special=True),
	128102: AddedToken("<|reserved_special_token_94|>", rstrip=False, lstrip=False, single_word=False, normalized=False, special=True),
	128103: AddedToken("<|reserved_special_token_95|>", rstrip=False, lstrip=False, single_word=False, normalized=False, special=True),
	128104: AddedToken("<|reserved_special_token_96|>", rstrip=False, lstrip=False, single_word=False, normalized=False, special=True),
	128105: AddedToken("<|reserved_special_token_97|>", rstrip=False, lstrip=False, single_word=False, normalized=False, special=True),
	128106: AddedToken("<|reserved_special_token_98|>", rstrip=False, lstrip=False, single_word=False, normalized=False, special=True),
	128107: AddedToken("<|reserved_special_token_99|>", rstrip=False, lstrip=False, single_word=False, normalized=False, special=True),
	128108: AddedToken("<|reserved_special_token_100|>", rstrip=False, lstrip=False, single_word=False, normalized=False, special=True),
	128109: AddedToken("<|reserved_special_token_101|>", rstrip=False, lstrip=False, single_word=False, normalized=False, special=True),
	128110: AddedToken("<|reserved_special_token_102|>", rstrip=False, lstrip=False, single_word=False, normalized=False, special=True),
	128111: AddedToken("<|reserved_special_token_103|>", rstrip=False, lstrip=False, single_word=False, normalized=False, special=True),
	128112: AddedToken("<|reserved_special_token_104|>", rstrip=False, lstrip=False, single_word=False, normalized=False, special=True),
	128113: AddedToken("<|reserved_special_token_105|>", rstrip=False, lstrip=False, single_word=False, normalized=False, special=True),
	128114: AddedToken("<|reserved_special_token_106|>", rstrip=False, lstrip=False, single_word=False, normalized=False, special=True),
	128115: AddedToken("<|reserved_special_token_107|>", rstrip=False, lstrip=False, single_word=False, normalized=False, special=True),
	128116: AddedToken("<|reserved_special_token_108|>", rstrip=False, lstrip=False, single_word=False, normalized=False, special=True),
	128117: AddedToken("<|reserved_special_token_109|>", rstrip=False, lstrip=False, single_word=False, normalized=False, special=True),
	128118: AddedToken("<|reserved_special_token_110|>", rstrip=False, lstrip=False, single_word=False, normalized=False, special=True),
	128119: AddedToken("<|reserved_special_token_111|>", rstrip=False, lstrip=False, single_word=False, normalized=False, special=True),
	128120: AddedToken("<|reserved_special_token_112|>", rstrip=False, lstrip=False, single_word=False, normalized=False, special=True),
	128121: AddedToken("<|reserved_special_token_113|>", rstrip=False, lstrip=False, single_word=False, normalized=False, special=True),
	128122: AddedToken("<|reserved_special_token_114|>", rstrip=False, lstrip=False, single_word=False, normalized=False, special=True),
	128123: AddedToken("<|reserved_special_token_115|>", rstrip=False, lstrip=False, single_word=False, normalized=False, special=True),
	128124: AddedToken("<|reserved_special_token_116|>", rstrip=False, lstrip=False, single_word=False, normalized=False, special=True),
	128125: AddedToken("<|reserved_special_token_117|>", rstrip=False, lstrip=False, single_word=False, normalized=False, special=True),
	128126: AddedToken("<|reserved_special_token_118|>", rstrip=False, lstrip=False, single_word=False, normalized=False, special=True),
	128127: AddedToken("<|reserved_special_token_119|>", rstrip=False, lstrip=False, single_word=False, normalized=False, special=True),
	128128: AddedToken("<|reserved_special_token_120|>", rstrip=False, lstrip=False, single_word=False, normalized=False, special=True),
	128129: AddedToken("<|reserved_special_token_121|>", rstrip=False, lstrip=False, single_word=False, normalized=False, special=True),
	128130: AddedToken("<|reserved_special_token_122|>", rstrip=False, lstrip=False, single_word=False, normalized=False, special=True),
	128131: AddedToken("<|reserved_special_token_123|>", rstrip=False, lstrip=False, single_word=False, normalized=False, special=True),
	128132: AddedToken("<|reserved_special_token_124|>", rstrip=False, lstrip=False, single_word=False, normalized=False, special=True),
	128133: AddedToken("<|reserved_special_token_125|>", rstrip=False, lstrip=False, single_word=False, normalized=False, special=True),
	128134: AddedToken("<|reserved_special_token_126|>", rstrip=False, lstrip=False, single_word=False, normalized=False, special=True),
	128135: AddedToken("<|reserved_special_token_127|>", rstrip=False, lstrip=False, single_word=False, normalized=False, special=True),
	128136: AddedToken("<|reserved_special_token_128|>", rstrip=False, lstrip=False, single_word=False, normalized=False, special=True),
	128137: AddedToken("<|reserved_special_token_129|>", rstrip=False, lstrip=False, single_word=False, normalized=False, special=True),
	128138: AddedToken("<|reserved_special_token_130|>", rstrip=False, lstrip=False, single_word=False, normalized=False, special=True),
	128139: AddedToken("<|reserved_special_token_131|>", rstrip=False, lstrip=False, single_word=False, normalized=False, special=True),
	128140: AddedToken("<|reserved_special_token_132|>", rstrip=False, lstrip=False, single_word=False, normalized=False, special=True),
	128141: AddedToken("<|reserved_special_token_133|>", rstrip=False, lstrip=False, single_word=False, normalized=False, special=True),
	128142: AddedToken("<|reserved_special_token_134|>", rstrip=False, lstrip=False, single_word=False, normalized=False, special=True),
	128143: AddedToken("<|reserved_special_token_135|>", rstrip=False, lstrip=False, single_word=False, normalized=False, special=True),
	128144: AddedToken("<|reserved_special_token_136|>", rstrip=False, lstrip=False, single_word=False, normalized=False, special=True),
	128145: AddedToken("<|reserved_special_token_137|>", rstrip=False, lstrip=False, single_word=False, normalized=False, special=True),
	128146: AddedToken("<|reserved_special_token_138|>", rstrip=False, lstrip=False, single_word=False, normalized=False, special=True),
	128147: AddedToken("<|reserved_special_token_139|>", rstrip=False, lstrip=False, single_word=False, normalized=False, special=True),
	128148: AddedToken("<|reserved_special_token_140|>", rstrip=False, lstrip=False, single_word=False, normalized=False, special=True),
	128149: AddedToken("<|reserved_special_token_141|>", rstrip=False, lstrip=False, single_word=False, normalized=False, special=True),
	128150: AddedToken("<|reserved_special_token_142|>", rstrip=False, lstrip=False, single_word=False, normalized=False, special=True),
	128151: AddedToken("<|reserved_special_token_143|>", rstrip=False, lstrip=False, single_word=False, normalized=False, special=True),
	128152: AddedToken("<|reserved_special_token_144|>", rstrip=False, lstrip=False, single_word=False, normalized=False, special=True),
	128153: AddedToken("<|reserved_special_token_145|>", rstrip=False, lstrip=False, single_word=False, normalized=False, special=True),
	128154: AddedToken("<|reserved_special_token_146|>", rstrip=False, lstrip=False, single_word=False, normalized=False, special=True),
	128155: AddedToken("<|reserved_special_token_147|>", rstrip=False, lstrip=False, single_word=False, normalized=False, special=True),
	128156: AddedToken("<|reserved_special_token_148|>", rstrip=False, lstrip=False, single_word=False, normalized=False, special=True),
	128157: AddedToken("<|reserved_special_token_149|>", rstrip=False, lstrip=False, single_word=False, normalized=False, special=True),
	128158: AddedToken("<|reserved_special_token_150|>", rstrip=False, lstrip=False, single_word=False, normalized=False, special=True),
	128159: AddedToken("<|reserved_special_token_151|>", rstrip=False, lstrip=False, single_word=False, normalized=False, special=True),
	128160: AddedToken("<|reserved_special_token_152|>", rstrip=False, lstrip=False, single_word=False, normalized=False, special=True),
	128161: AddedToken("<|reserved_special_token_153|>", rstrip=False, lstrip=False, single_word=False, normalized=False, special=True),
	128162: AddedToken("<|reserved_special_token_154|>", rstrip=False, lstrip=False, single_word=False, normalized=False, special=True),
	128163: AddedToken("<|reserved_special_token_155|>", rstrip=False, lstrip=False, single_word=False, normalized=False, special=True),
	128164: AddedToken("<|reserved_special_token_156|>", rstrip=False, lstrip=False, single_word=False, normalized=False, special=True),
	128165: AddedToken("<|reserved_special_token_157|>", rstrip=False, lstrip=False, single_word=False, normalized=False, special=True),
	128166: AddedToken("<|reserved_special_token_158|>", rstrip=False, lstrip=False, single_word=False, normalized=False, special=True),
	128167: AddedToken("<|reserved_special_token_159|>", rstrip=False, lstrip=False, single_word=False, normalized=False, special=True),
	128168: AddedToken("<|reserved_special_token_160|>", rstrip=False, lstrip=False, single_word=False, normalized=False, special=True),
	128169: AddedToken("<|reserved_special_token_161|>", rstrip=False, lstrip=False, single_word=False, normalized=False, special=True),
	128170: AddedToken("<|reserved_special_token_162|>", rstrip=False, lstrip=False, single_word=False, normalized=False, special=True),
	128171: AddedToken("<|reserved_special_token_163|>", rstrip=False, lstrip=False, single_word=False, normalized=False, special=True),
	128172: AddedToken("<|reserved_special_token_164|>", rstrip=False, lstrip=False, single_word=False, normalized=False, special=True),
	128173: AddedToken("<|reserved_special_token_165|>", rstrip=False, lstrip=False, single_word=False, normalized=False, special=True),
	128174: AddedToken("<|reserved_special_token_166|>", rstrip=False, lstrip=False, single_word=False, normalized=False, special=True),
	128175: AddedToken("<|reserved_special_token_167|>", rstrip=False, lstrip=False, single_word=False, normalized=False, special=True),
	128176: AddedToken("<|reserved_special_token_168|>", rstrip=False, lstrip=False, single_word=False, normalized=False, special=True),
	128177: AddedToken("<|reserved_special_token_169|>", rstrip=False, lstrip=False, single_word=False, normalized=False, special=True),
	128178: AddedToken("<|reserved_special_token_170|>", rstrip=False, lstrip=False, single_word=False, normalized=False, special=True),
	128179: AddedToken("<|reserved_special_token_171|>", rstrip=False, lstrip=False, single_word=False, normalized=False, special=True),
	128180: AddedToken("<|reserved_special_token_172|>", rstrip=False, lstrip=False, single_word=False, normalized=False, special=True),
	128181: AddedToken("<|reserved_special_token_173|>", rstrip=False, lstrip=False, single_word=False, normalized=False, special=True),
	128182: AddedToken("<|reserved_special_token_174|>", rstrip=False, lstrip=False, single_word=False, normalized=False, special=True),
	128183: AddedToken("<|reserved_special_token_175|>", rstrip=False, lstrip=False, single_word=False, normalized=False, special=True),
	128184: AddedToken("<|reserved_special_token_176|>", rstrip=False, lstrip=False, single_word=False, normalized=False, special=True),
	128185: AddedToken("<|reserved_special_token_177|>", rstrip=False, lstrip=False, single_word=False, normalized=False, special=True),
	128186: AddedToken("<|reserved_special_token_178|>", rstrip=False, lstrip=False, single_word=False, normalized=False, special=True),
	128187: AddedToken("<|reserved_special_token_179|>", rstrip=False, lstrip=False, single_word=False, normalized=False, special=True),
	128188: AddedToken("<|reserved_special_token_180|>", rstrip=False, lstrip=False, single_word=False, normalized=False, special=True),
	128189: AddedToken("<|reserved_special_token_181|>", rstrip=False, lstrip=False, single_word=False, normalized=False, special=True),
	128190: AddedToken("<|reserved_special_token_182|>", rstrip=False, lstrip=False, single_word=False, normalized=False, special=True),
	128191: AddedToken("<|reserved_special_token_183|>", rstrip=False, lstrip=False, single_word=False, normalized=False, special=True),
	128192: AddedToken("<|reserved_special_token_184|>", rstrip=False, lstrip=False, single_word=False, normalized=False, special=True),
	128193: AddedToken("<|reserved_special_token_185|>", rstrip=False, lstrip=False, single_word=False, normalized=False, special=True),
	128194: AddedToken("<|reserved_special_token_186|>", rstrip=False, lstrip=False, single_word=False, normalized=False, special=True),
	128195: AddedToken("<|reserved_special_token_187|>", rstrip=False, lstrip=False, single_word=False, normalized=False, special=True),
	128196: AddedToken("<|reserved_special_token_188|>", rstrip=False, lstrip=False, single_word=False, normalized=False, special=True),
	128197: AddedToken("<|reserved_special_token_189|>", rstrip=False, lstrip=False, single_word=False, normalized=False, special=True),
	128198: AddedToken("<|reserved_special_token_190|>", rstrip=False, lstrip=False, single_word=False, normalized=False, special=True),
	128199: AddedToken("<|reserved_special_token_191|>", rstrip=False, lstrip=False, single_word=False, normalized=False, special=True),
	128200: AddedToken("<|reserved_special_token_192|>", rstrip=False, lstrip=False, single_word=False, normalized=False, special=True),
	128201: AddedToken("<|reserved_special_token_193|>", rstrip=False, lstrip=False, single_word=False, normalized=False, special=True),
	128202: AddedToken("<|reserved_special_token_194|>", rstrip=False, lstrip=False, single_word=False, normalized=False, special=True),
	128203: AddedToken("<|reserved_special_token_195|>", rstrip=False, lstrip=False, single_word=False, normalized=False, special=True),
	128204: AddedToken("<|reserved_special_token_196|>", rstrip=False, lstrip=False, single_word=False, normalized=False, special=True),
	128205: AddedToken("<|reserved_special_token_197|>", rstrip=False, lstrip=False, single_word=False, normalized=False, special=True),
	128206: AddedToken("<|reserved_special_token_198|>", rstrip=False, lstrip=False, single_word=False, normalized=False, special=True),
	128207: AddedToken("<|reserved_special_token_199|>", rstrip=False, lstrip=False, single_word=False, normalized=False, special=True),
	128208: AddedToken("<|reserved_special_token_200|>", rstrip=False, lstrip=False, single_word=False, normalized=False, special=True),
	128209: AddedToken("<|reserved_special_token_201|>", rstrip=False, lstrip=False, single_word=False, normalized=False, special=True),
	128210: AddedToken("<|reserved_special_token_202|>", rstrip=False, lstrip=False, single_word=False, normalized=False, special=True),
	128211: AddedToken("<|reserved_special_token_203|>", rstrip=False, lstrip=False, single_word=False, normalized=False, special=True),
	128212: AddedToken("<|reserved_special_token_204|>", rstrip=False, lstrip=False, single_word=False, normalized=False, special=True),
	128213: AddedToken("<|reserved_special_token_205|>", rstrip=False, lstrip=False, single_word=False, normalized=False, special=True),
	128214: AddedToken("<|reserved_special_token_206|>", rstrip=False, lstrip=False, single_word=False, normalized=False, special=True),
	128215: AddedToken("<|reserved_special_token_207|>", rstrip=False, lstrip=False, single_word=False, normalized=False, special=True),
	128216: AddedToken("<|reserved_special_token_208|>", rstrip=False, lstrip=False, single_word=False, normalized=False, special=True),
	128217: AddedToken("<|reserved_special_token_209|>", rstrip=False, lstrip=False, single_word=False, normalized=False, special=True),
	128218: AddedToken("<|reserved_special_token_210|>", rstrip=False, lstrip=False, single_word=False, normalized=False, special=True),
	128219: AddedToken("<|reserved_special_token_211|>", rstrip=False, lstrip=False, single_word=False, normalized=False, special=True),
	128220: AddedToken("<|reserved_special_token_212|>", rstrip=False, lstrip=False, single_word=False, normalized=False, special=True),
	128221: AddedToken("<|reserved_special_token_213|>", rstrip=False, lstrip=False, single_word=False, normalized=False, special=True),
	128222: AddedToken("<|reserved_special_token_214|>", rstrip=False, lstrip=False, single_word=False, normalized=False, special=True),
	128223: AddedToken("<|reserved_special_token_215|>", rstrip=False, lstrip=False, single_word=False, normalized=False, special=True),
	128224: AddedToken("<|reserved_special_token_216|>", rstrip=False, lstrip=False, single_word=False, normalized=False, special=True),
	128225: AddedToken("<|reserved_special_token_217|>", rstrip=False, lstrip=False, single_word=False, normalized=False, special=True),
	128226: AddedToken("<|reserved_special_token_218|>", rstrip=False, lstrip=False, single_word=False, normalized=False, special=True),
	128227: AddedToken("<|reserved_special_token_219|>", rstrip=False, lstrip=False, single_word=False, normalized=False, special=True),
	128228: AddedToken("<|reserved_special_token_220|>", rstrip=False, lstrip=False, single_word=False, normalized=False, special=True),
	128229: AddedToken("<|reserved_special_token_221|>", rstrip=False, lstrip=False, single_word=False, normalized=False, special=True),
	128230: AddedToken("<|reserved_special_token_222|>", rstrip=False, lstrip=False, single_word=False, normalized=False, special=True),
	128231: AddedToken("<|reserved_special_token_223|>", rstrip=False, lstrip=False, single_word=False, normalized=False, special=True),
	128232: AddedToken("<|reserved_special_token_224|>", rstrip=False, lstrip=False, single_word=False, normalized=False, special=True),
	128233: AddedToken("<|reserved_special_token_225|>", rstrip=False, lstrip=False, single_word=False, normalized=False, special=True),
	128234: AddedToken("<|reserved_special_token_226|>", rstrip=False, lstrip=False, single_word=False, normalized=False, special=True),
	128235: AddedToken("<|reserved_special_token_227|>", rstrip=False, lstrip=False, single_word=False, normalized=False, special=True),
	128236: AddedToken("<|reserved_special_token_228|>", rstrip=False, lstrip=False, single_word=False, normalized=False, special=True),
	128237: AddedToken("<|reserved_special_token_229|>", rstrip=False, lstrip=False, single_word=False, normalized=False, special=True),
	128238: AddedToken("<|reserved_special_token_230|>", rstrip=False, lstrip=False, single_word=False, normalized=False, special=True),
	128239: AddedToken("<|reserved_special_token_231|>", rstrip=False, lstrip=False, single_word=False, normalized=False, special=True),
	128240: AddedToken("<|reserved_special_token_232|>", rstrip=False, lstrip=False, single_word=False, normalized=False, special=True),
	128241: AddedToken("<|reserved_special_token_233|>", rstrip=False, lstrip=False, single_word=False, normalized=False, special=True),
	128242: AddedToken("<|reserved_special_token_234|>", rstrip=False, lstrip=False, single_word=False, normalized=False, special=True),
	128243: AddedToken("<|reserved_special_token_235|>", rstrip=False, lstrip=False, single_word=False, normalized=False, special=True),
	128244: AddedToken("<|reserved_special_token_236|>", rstrip=False, lstrip=False, single_word=False, normalized=False, special=True),
	128245: AddedToken("<|reserved_special_token_237|>", rstrip=False, lstrip=False, single_word=False, normalized=False, special=True),
	128246: AddedToken("<|reserved_special_token_238|>", rstrip=False, lstrip=False, single_word=False, normalized=False, special=True),
	128247: AddedToken("<|reserved_special_token_239|>", rstrip=False, lstrip=False, single_word=False, normalized=False, special=True),
	128248: AddedToken("<|reserved_special_token_240|>", rstrip=False, lstrip=False, single_word=False, normalized=False, special=True),
	128249: AddedToken("<|reserved_special_token_241|>", rstrip=False, lstrip=False, single_word=False, normalized=False, special=True),
	128250: AddedToken("<|reserved_special_token_242|>", rstrip=False, lstrip=False, single_word=False, normalized=False, special=True),
	128251: AddedToken("<|reserved_special_token_243|>", rstrip=False, lstrip=False, single_word=False, normalized=False, special=True),
	128252: AddedToken("<|reserved_special_token_244|>", rstrip=False, lstrip=False, single_word=False, normalized=False, special=True),
	128253: AddedToken("<|reserved_special_token_245|>", rstrip=False, lstrip=False, single_word=False, normalized=False, special=True),
	128254: AddedToken("<|reserved_special_token_246|>", rstrip=False, lstrip=False, single_word=False, normalized=False, special=True),
	128255: AddedToken("<|reserved_special_token_247|>", rstrip=False, lstrip=False, single_word=False, normalized=False, special=True),
}
)
2026-07-30 16:41:36.453 | INFO     | llmc.eval.eval_base:__init__:21 - eval_cfg : {'eval_pos': ['fake_quant'], 'name': 'wikitext2', 'download': True, 'bs': 1, 'seq_len': 2048, 'inference_per_block': False, 'type': 'ppl'}
2026-07-30 16:41:36.453 | INFO     | llmc.eval.eval_base:__init__:21 - eval_cfg : {'eval_pos': ['fake_quant'], 'name': 'wikitext2', 'download': True, 'bs': 1, 'seq_len': 2048, 'inference_per_block': False, 'type': 'ppl'}
Token indices sequence length is longer than the specified maximum sequence length for this model (289077 > 131072). Running this sequence through the model will result in indexing errors
2026-07-30 16:41:44.869 | INFO     | llmc.models.base_model:add_layernorms_class:277 - _TRANSFORMERS_LN_TYPES_ : [<class 'torch.nn.modules.normalization.LayerNorm'>, <class 'transformers.models.llama.modeling_llama.LlamaRMSNorm'>]
2026-07-30 16:41:44.869 | INFO     | llmc.models.base_model:add_layernorms_class:277 - _TRANSFORMERS_LN_TYPES_ : [<class 'torch.nn.modules.normalization.LayerNorm'>, <class 'transformers.models.llama.modeling_llama.LlamaRMSNorm'>]
2026-07-30 16:41:44.869 | INFO     | llmc.data.dataset.base_dataset:__init__:17 - calib_cfg : {'name': 'wikitext2', 'download': True, 'n_samples': 128, 'bs': 1, 'seq_len': 2048, 'preproc': 'wikitext2_gptq', 'seed': 0}
2026-07-30 16:41:44.869 | INFO     | llmc.data.dataset.base_dataset:__init__:17 - calib_cfg : {'name': 'wikitext2', 'download': True, 'n_samples': 128, 'bs': 1, 'seq_len': 2048, 'preproc': 'wikitext2_gptq', 'seed': 0}
2026-07-30 16:41:49.384 | INFO     | llmc.data.dataset.base_dataset:get_calib_dataset:179 - len(samples) rank : 36718
2026-07-30 16:41:49.384 | INFO     | llmc.data.dataset.base_dataset:get_calib_dataset:179 - len(samples) rank : 36718
2026-07-30 16:41:54.135 | INFO     | llmc.data.dataset.base_dataset:get_calib_dataset:182 - len(calib_model_inputs) : 128
2026-07-30 16:41:54.135 | INFO     | llmc.data.dataset.base_dataset:get_calib_dataset:182 - len(calib_model_inputs) : 128
2026-07-30 16:42:04.336 | INFO     | llmc.compression.quantization.base_blockwise_quantization:set_quant_config:144 - mixed_precision = False
2026-07-30 16:42:04.336 | INFO     | llmc.compression.quantization.base_blockwise_quantization:set_quant_config:144 - mixed_precision = False
2026-07-30 16:42:04.336 | INFO     | llmc.compression.quantization.base_blockwise_quantization:set_quant_config:160 - The used Weight Quant Module is <class 'llmc.compression.quantization.quant.IntegerQuantizer'>
2026-07-30 16:42:04.336 | INFO     | llmc.compression.quantization.base_blockwise_quantization:set_quant_config:160 - The used Weight Quant Module is <class 'llmc.compression.quantization.quant.IntegerQuantizer'>
2026-07-30 16:42:04.336 | INFO     | llmc.compression.quantization.base_blockwise_quantization:set_quant_config:265 - self.quant_objects : language
2026-07-30 16:42:04.336 | INFO     | llmc.compression.quantization.base_blockwise_quantization:set_quant_config:265 - self.quant_objects : language
2026-07-30 16:42:04.336 | INFO     | llmc.compression.quantization.base_blockwise_quantization:set_quant_config:275 - self.do_gqa_trans : False
2026-07-30 16:42:04.336 | INFO     | llmc.compression.quantization.base_blockwise_quantization:set_quant_config:275 - self.do_gqa_trans : False
/mnt/e/LightCompress/llmc/compression/quantization/base_blockwise_quantization.py:371: UserWarning: To copy construct from a tensor, it is recommended to use sourceTensor.detach().clone() or sourceTensor.detach().clone().requires_grad_(True), rather than torch.tensor(sourceTensor).
  m.register_buffer('buf_qmax', torch.tensor(max_int).to(self.dev))
/mnt/e/LightCompress/llmc/compression/quantization/base_blockwise_quantization.py:372: UserWarning: To copy construct from a tensor, it is recommended to use sourceTensor.detach().clone() or sourceTensor.detach().clone().requires_grad_(True), rather than torch.tensor(sourceTensor).
  m.register_buffer('buf_qmin', torch.tensor(min_int).to(self.dev))
2026-07-30 16:42:08.880 | INFO     | llmc.compression.blockwise_optimization:run_block_loop:36 - 
block index: 0/16 
block: LlamaDecoderLayer(
  (self_attn): LlamaAttention(
    (q_proj): Linear(in_features=2048, out_features=2048, bias=False)
    (k_proj): Linear(in_features=2048, out_features=512, bias=False)
    (v_proj): Linear(in_features=2048, out_features=512, bias=False)
    (o_proj): Linear(in_features=2048, out_features=2048, bias=False)
  )
  (mlp): LlamaMLP(
    (gate_proj): Linear(in_features=2048, out_features=8192, bias=False)
    (up_proj): Linear(in_features=2048, out_features=8192, bias=False)
    (down_proj): Linear(in_features=8192, out_features=2048, bias=False)
    (act_fn): SiLUActivation()
  )
  (input_layernorm): LlamaRMSNorm((2048,), eps=1e-05)
  (post_attention_layernorm): LlamaRMSNorm((2048,), eps=1e-05)
)
2026-07-30 16:42:08.880 | INFO     | llmc.compression.blockwise_optimization:run_block_loop:36 - 
block index: 0/16 
block: LlamaDecoderLayer(
  (self_attn): LlamaAttention(
    (q_proj): Linear(in_features=2048, out_features=2048, bias=False)
    (k_proj): Linear(in_features=2048, out_features=512, bias=False)
    (v_proj): Linear(in_features=2048, out_features=512, bias=False)
    (o_proj): Linear(in_features=2048, out_features=2048, bias=False)
  )
  (mlp): LlamaMLP(
    (gate_proj): Linear(in_features=2048, out_features=8192, bias=False)
    (up_proj): Linear(in_features=2048, out_features=8192, bias=False)
    (down_proj): Linear(in_features=8192, out_features=2048, bias=False)
    (act_fn): SiLUActivation()
  )
  (input_layernorm): LlamaRMSNorm((2048,), eps=1e-05)
  (post_attention_layernorm): LlamaRMSNorm((2048,), eps=1e-05)
)
2026-07-30 16:42:08.897 | INFO     | llmc.compression.quantization.base_blockwise_quantization:block_opt:416 - input_feat_modules: {'self_attn.q_proj': Linear(in_features=2048, out_features=2048, bias=False), 'self_attn.k_proj': Linear(in_features=2048, out_features=512, bias=False), 'self_attn.v_proj': Linear(in_features=2048, out_features=512, bias=False), 'self_attn.o_proj': Linear(in_features=2048, out_features=2048, bias=False), 'mlp.gate_proj': Linear(in_features=2048, out_features=8192, bias=False), 'mlp.up_proj': Linear(in_features=2048, out_features=8192, bias=False), 'mlp.down_proj': Linear(in_features=8192, out_features=2048, bias=False)}
2026-07-30 16:42:08.897 | INFO     | llmc.compression.quantization.base_blockwise_quantization:block_opt:416 - input_feat_modules: {'self_attn.q_proj': Linear(in_features=2048, out_features=2048, bias=False), 'self_attn.k_proj': Linear(in_features=2048, out_features=512, bias=False), 'self_attn.v_proj': Linear(in_features=2048, out_features=512, bias=False), 'self_attn.o_proj': Linear(in_features=2048, out_features=2048, bias=False), 'mlp.gate_proj': Linear(in_features=2048, out_features=8192, bias=False), 'mlp.up_proj': Linear(in_features=2048, out_features=8192, bias=False), 'mlp.down_proj': Linear(in_features=8192, out_features=2048, bias=False)}
2026-07-30 16:42:17.560 | INFO     | llmc.compression.quantization.base_blockwise_quantization:block_transform:484 - Start transform the 0-th block
2026-07-30 16:42:17.560 | INFO     | llmc.compression.quantization.base_blockwise_quantization:block_transform:484 - Start transform the 0-th block
2026-07-30 16:42:17.561 | INFO     | llmc.compression.quantization.base_blockwise_quantization:block_transform:493 - subset: {'layers': {'self_attn.q_proj': Linear(in_features=2048, out_features=2048, bias=False), 'self_attn.k_proj': Linear(in_features=2048, out_features=512, bias=False), 'self_attn.v_proj': Linear(in_features=2048, out_features=512, bias=False)}, 'prev_op': [LlamaRMSNorm((2048,), eps=1e-05)], 'input': ['self_attn.q_proj'], 'inspect': LlamaAttention(
  (q_proj): Linear(in_features=2048, out_features=2048, bias=False)
  (k_proj): Linear(in_features=2048, out_features=512, bias=False)
  (v_proj): Linear(in_features=2048, out_features=512, bias=False)
  (o_proj): Linear(in_features=2048, out_features=2048, bias=False)
), 'has_kwargs': True}
2026-07-30 16:42:17.561 | INFO     | llmc.compression.quantization.base_blockwise_quantization:block_transform:493 - subset: {'layers': {'self_attn.q_proj': Linear(in_features=2048, out_features=2048, bias=False), 'self_attn.k_proj': Linear(in_features=2048, out_features=512, bias=False), 'self_attn.v_proj': Linear(in_features=2048, out_features=512, bias=False)}, 'prev_op': [LlamaRMSNorm((2048,), eps=1e-05)], 'input': ['self_attn.q_proj'], 'inspect': LlamaAttention(
  (q_proj): Linear(in_features=2048, out_features=2048, bias=False)
  (k_proj): Linear(in_features=2048, out_features=512, bias=False)
  (v_proj): Linear(in_features=2048, out_features=512, bias=False)
  (o_proj): Linear(in_features=2048, out_features=2048, bias=False)
), 'has_kwargs': True}
2026-07-30 16:42:20.641 | INFO     | llmc.compression.quantization.gptq:update_layer_with_transformed_weights:184 - error 2106.39990234375
2026-07-30 16:42:20.641 | INFO     | llmc.compression.quantization.gptq:update_layer_with_transformed_weights:184 - error 2106.39990234375
2026-07-30 16:42:22.526 | INFO     | llmc.compression.quantization.gptq:update_layer_with_transformed_weights:184 - error 1020.8841552734375
2026-07-30 16:42:22.526 | INFO     | llmc.compression.quantization.gptq:update_layer_with_transformed_weights:184 - error 1020.8841552734375
2026-07-30 16:42:22.956 | INFO     | llmc.compression.quantization.gptq:update_layer_with_transformed_weights:184 - error 25.31760025024414
2026-07-30 16:42:22.956 | INFO     | llmc.compression.quantization.gptq:update_layer_with_transformed_weights:184 - error 25.31760025024414
2026-07-30 16:42:22.957 | INFO     | llmc.models.base_model:replace_module_subset:432 - replace >>> self_attn.q_proj in 0-th block
2026-07-30 16:42:22.957 | INFO     | llmc.models.base_model:replace_module_subset:432 - replace >>> self_attn.q_proj in 0-th block
2026-07-30 16:42:22.957 | INFO     | llmc.models.base_model:replace_module_subset:432 - replace >>> self_attn.k_proj in 0-th block
2026-07-30 16:42:22.957 | INFO     | llmc.models.base_model:replace_module_subset:432 - replace >>> self_attn.k_proj in 0-th block
2026-07-30 16:42:22.958 | INFO     | llmc.models.base_model:replace_module_subset:432 - replace >>> self_attn.v_proj in 0-th block
2026-07-30 16:42:22.958 | INFO     | llmc.models.base_model:replace_module_subset:432 - replace >>> self_attn.v_proj in 0-th block
2026-07-30 16:42:25.363 | INFO     | llmc.compression.quantization.base_blockwise_quantization:block_transform:493 - subset: {'layers': {'self_attn.o_proj': Linear(in_features=2048, out_features=2048, bias=False)}, 'prev_op': [Linear(in_features=2048, out_features=512, bias=False)], 'input': ['self_attn.o_proj'], 'inspect': Linear(in_features=2048, out_features=2048, bias=False), 'has_kwargs': False}
2026-07-30 16:42:25.363 | INFO     | llmc.compression.quantization.base_blockwise_quantization:block_transform:493 - subset: {'layers': {'self_attn.o_proj': Linear(in_features=2048, out_features=2048, bias=False)}, 'prev_op': [Linear(in_features=2048, out_features=512, bias=False)], 'input': ['self_attn.o_proj'], 'inspect': Linear(in_features=2048, out_features=2048, bias=False), 'has_kwargs': False}
2026-07-30 16:42:25.775 | INFO     | llmc.compression.quantization.gptq:update_layer_with_transformed_weights:184 - error 2.4973275661468506
2026-07-30 16:42:25.775 | INFO     | llmc.compression.quantization.gptq:update_layer_with_transformed_weights:184 - error 2.4973275661468506
2026-07-30 16:42:25.796 | INFO     | llmc.models.base_model:replace_module_subset:432 - replace >>> self_attn.o_proj in 0-th block
2026-07-30 16:42:25.796 | INFO     | llmc.models.base_model:replace_module_subset:432 - replace >>> self_attn.o_proj in 0-th block
2026-07-30 16:42:28.145 | INFO     | llmc.compression.quantization.base_blockwise_quantization:block_transform:493 - subset: {'layers': {'mlp.gate_proj': Linear(in_features=2048, out_features=8192, bias=False), 'mlp.up_proj': Linear(in_features=2048, out_features=8192, bias=False)}, 'prev_op': [LlamaRMSNorm((2048,), eps=1e-05)], 'input': ['mlp.gate_proj'], 'inspect': LlamaMLP(
  (gate_proj): Linear(in_features=2048, out_features=8192, bias=False)
  (up_proj): Linear(in_features=2048, out_features=8192, bias=False)
  (down_proj): Linear(in_features=8192, out_features=2048, bias=False)
  (act_fn): SiLUActivation()
), 'has_kwargs': False, 'is_mlp': True}
2026-07-30 16:42:28.145 | INFO     | llmc.compression.quantization.base_blockwise_quantization:block_transform:493 - subset: {'layers': {'mlp.gate_proj': Linear(in_features=2048, out_features=8192, bias=False), 'mlp.up_proj': Linear(in_features=2048, out_features=8192, bias=False)}, 'prev_op': [LlamaRMSNorm((2048,), eps=1e-05)], 'input': ['mlp.gate_proj'], 'inspect': LlamaMLP(
  (gate_proj): Linear(in_features=2048, out_features=8192, bias=False)
  (up_proj): Linear(in_features=2048, out_features=8192, bias=False)
  (down_proj): Linear(in_features=8192, out_features=2048, bias=False)
  (act_fn): SiLUActivation()
), 'has_kwargs': False, 'is_mlp': True}
2026-07-30 16:42:30.658 | INFO     | llmc.compression.quantization.gptq:update_layer_with_transformed_weights:184 - error 2379.956298828125
2026-07-30 16:42:30.658 | INFO     | llmc.compression.quantization.gptq:update_layer_with_transformed_weights:184 - error 2379.956298828125
2026-07-30 16:42:31.115 | INFO     | llmc.compression.quantization.gptq:update_layer_with_transformed_weights:184 - error 1884.010498046875
2026-07-30 16:42:31.115 | INFO     | llmc.compression.quantization.gptq:update_layer_with_transformed_weights:184 - error 1884.010498046875
2026-07-30 16:42:31.134 | INFO     | llmc.models.base_model:replace_module_subset:432 - replace >>> mlp.gate_proj in 0-th block
2026-07-30 16:42:31.134 | INFO     | llmc.models.base_model:replace_module_subset:432 - replace >>> mlp.gate_proj in 0-th block
2026-07-30 16:42:31.134 | INFO     | llmc.models.base_model:replace_module_subset:432 - replace >>> mlp.up_proj in 0-th block
2026-07-30 16:42:31.134 | INFO     | llmc.models.base_model:replace_module_subset:432 - replace >>> mlp.up_proj in 0-th block
2026-07-30 16:42:36.729 | INFO     | llmc.compression.quantization.base_blockwise_quantization:block_transform:493 - subset: {'layers': {'mlp.down_proj': Linear(in_features=8192, out_features=2048, bias=False)}, 'prev_op': [Linear(in_features=2048, out_features=8192, bias=False)], 'input': ['mlp.down_proj'], 'inspect': Linear(in_features=8192, out_features=2048, bias=False), 'has_kwargs': False, 'is_mlp': True}
2026-07-30 16:42:36.729 | INFO     | llmc.compression.quantization.base_blockwise_quantization:block_transform:493 - subset: {'layers': {'mlp.down_proj': Linear(in_features=8192, out_features=2048, bias=False)}, 'prev_op': [Linear(in_features=2048, out_features=8192, bias=False)], 'input': ['mlp.down_proj'], 'inspect': Linear(in_features=8192, out_features=2048, bias=False), 'has_kwargs': False, 'is_mlp': True}
2026-07-30 16:42:40.673 | INFO     | llmc.compression.quantization.gptq:update_layer_with_transformed_weights:184 - error 13.358940124511719
2026-07-30 16:42:40.673 | INFO     | llmc.compression.quantization.gptq:update_layer_with_transformed_weights:184 - error 13.358940124511719
2026-07-30 16:42:40.753 | INFO     | llmc.compression.quantization.base_blockwise_quantization:block_transform:523 - End transform the 0-th block
2026-07-30 16:42:40.753 | INFO     | llmc.compression.quantization.base_blockwise_quantization:block_transform:523 - End transform the 0-th block
2026-07-30 16:42:40.753 | INFO     | llmc.models.base_model:replace_module_subset:432 - replace >>> self_attn.q_proj in 0-th block
2026-07-30 16:42:40.753 | INFO     | llmc.models.base_model:replace_module_subset:432 - replace >>> self_attn.q_proj in 0-th block
2026-07-30 16:42:40.753 | INFO     | llmc.models.base_model:replace_module_subset:432 - replace >>> self_attn.k_proj in 0-th block
2026-07-30 16:42:40.753 | INFO     | llmc.models.base_model:replace_module_subset:432 - replace >>> self_attn.k_proj in 0-th block
2026-07-30 16:42:40.753 | INFO     | llmc.models.base_model:replace_module_subset:432 - replace >>> self_attn.v_proj in 0-th block
2026-07-30 16:42:40.753 | INFO     | llmc.models.base_model:replace_module_subset:432 - replace >>> self_attn.v_proj in 0-th block
2026-07-30 16:42:40.754 | INFO     | llmc.models.base_model:replace_module_subset:432 - replace >>> self_attn.o_proj in 0-th block
2026-07-30 16:42:40.754 | INFO     | llmc.models.base_model:replace_module_subset:432 - replace >>> self_attn.o_proj in 0-th block
2026-07-30 16:42:40.754 | INFO     | llmc.models.base_model:replace_module_subset:432 - replace >>> mlp.gate_proj in 0-th block
2026-07-30 16:42:40.754 | INFO     | llmc.models.base_model:replace_module_subset:432 - replace >>> mlp.gate_proj in 0-th block
2026-07-30 16:42:40.754 | INFO     | llmc.models.base_model:replace_module_subset:432 - replace >>> mlp.up_proj in 0-th block
2026-07-30 16:42:40.754 | INFO     | llmc.models.base_model:replace_module_subset:432 - replace >>> mlp.up_proj in 0-th block
2026-07-30 16:42:40.754 | INFO     | llmc.models.base_model:replace_module_subset:432 - replace >>> mlp.down_proj in 0-th block
2026-07-30 16:42:40.754 | INFO     | llmc.models.base_model:replace_module_subset:432 - replace >>> mlp.down_proj in 0-th block
2026-07-30 16:42:43.374 | INFO     | llmc.compression.blockwise_optimization:run_block_loop:36 - 
block index: 1/16 
block: LlamaDecoderLayer(
  (self_attn): LlamaAttention(
    (q_proj): Linear(in_features=2048, out_features=2048, bias=False)
    (k_proj): Linear(in_features=2048, out_features=512, bias=False)
    (v_proj): Linear(in_features=2048, out_features=512, bias=False)
    (o_proj): Linear(in_features=2048, out_features=2048, bias=False)
  )
  (mlp): LlamaMLP(
    (gate_proj): Linear(in_features=2048, out_features=8192, bias=False)
    (up_proj): Linear(in_features=2048, out_features=8192, bias=False)
    (down_proj): Linear(in_features=8192, out_features=2048, bias=False)
    (act_fn): SiLUActivation()
  )
  (input_layernorm): LlamaRMSNorm((2048,), eps=1e-05)
  (post_attention_layernorm): LlamaRMSNorm((2048,), eps=1e-05)
)
2026-07-30 16:42:43.374 | INFO     | llmc.compression.blockwise_optimization:run_block_loop:36 - 
block index: 1/16 
block: LlamaDecoderLayer(
  (self_attn): LlamaAttention(
    (q_proj): Linear(in_features=2048, out_features=2048, bias=False)
    (k_proj): Linear(in_features=2048, out_features=512, bias=False)
    (v_proj): Linear(in_features=2048, out_features=512, bias=False)
    (o_proj): Linear(in_features=2048, out_features=2048, bias=False)
  )
  (mlp): LlamaMLP(
    (gate_proj): Linear(in_features=2048, out_features=8192, bias=False)
    (up_proj): Linear(in_features=2048, out_features=8192, bias=False)
    (down_proj): Linear(in_features=8192, out_features=2048, bias=False)
    (act_fn): SiLUActivation()
  )
  (input_layernorm): LlamaRMSNorm((2048,), eps=1e-05)
  (post_attention_layernorm): LlamaRMSNorm((2048,), eps=1e-05)
)
2026-07-30 16:42:43.393 | INFO     | llmc.compression.quantization.base_blockwise_quantization:block_opt:416 - input_feat_modules: {'self_attn.q_proj': Linear(in_features=2048, out_features=2048, bias=False), 'self_attn.k_proj': Linear(in_features=2048, out_features=512, bias=False), 'self_attn.v_proj': Linear(in_features=2048, out_features=512, bias=False), 'self_attn.o_proj': Linear(in_features=2048, out_features=2048, bias=False), 'mlp.gate_proj': Linear(in_features=2048, out_features=8192, bias=False), 'mlp.up_proj': Linear(in_features=2048, out_features=8192, bias=False), 'mlp.down_proj': Linear(in_features=8192, out_features=2048, bias=False)}
2026-07-30 16:42:43.393 | INFO     | llmc.compression.quantization.base_blockwise_quantization:block_opt:416 - input_feat_modules: {'self_attn.q_proj': Linear(in_features=2048, out_features=2048, bias=False), 'self_attn.k_proj': Linear(in_features=2048, out_features=512, bias=False), 'self_attn.v_proj': Linear(in_features=2048, out_features=512, bias=False), 'self_attn.o_proj': Linear(in_features=2048, out_features=2048, bias=False), 'mlp.gate_proj': Linear(in_features=2048, out_features=8192, bias=False), 'mlp.up_proj': Linear(in_features=2048, out_features=8192, bias=False), 'mlp.down_proj': Linear(in_features=8192, out_features=2048, bias=False)}
2026-07-30 16:42:49.585 | INFO     | llmc.compression.quantization.base_blockwise_quantization:block_transform:484 - Start transform the 1-th block
2026-07-30 16:42:49.585 | INFO     | llmc.compression.quantization.base_blockwise_quantization:block_transform:484 - Start transform the 1-th block
2026-07-30 16:42:49.585 | INFO     | llmc.compression.quantization.base_blockwise_quantization:block_transform:493 - subset: {'layers': {'self_attn.q_proj': Linear(in_features=2048, out_features=2048, bias=False), 'self_attn.k_proj': Linear(in_features=2048, out_features=512, bias=False), 'self_attn.v_proj': Linear(in_features=2048, out_features=512, bias=False)}, 'prev_op': [LlamaRMSNorm((2048,), eps=1e-05)], 'input': ['self_attn.q_proj'], 'inspect': LlamaAttention(
  (q_proj): Linear(in_features=2048, out_features=2048, bias=False)
  (k_proj): Linear(in_features=2048, out_features=512, bias=False)
  (v_proj): Linear(in_features=2048, out_features=512, bias=False)
  (o_proj): Linear(in_features=2048, out_features=2048, bias=False)
), 'has_kwargs': True}
2026-07-30 16:42:49.585 | INFO     | llmc.compression.quantization.base_blockwise_quantization:block_transform:493 - subset: {'layers': {'self_attn.q_proj': Linear(in_features=2048, out_features=2048, bias=False), 'self_attn.k_proj': Linear(in_features=2048, out_features=512, bias=False), 'self_attn.v_proj': Linear(in_features=2048, out_features=512, bias=False)}, 'prev_op': [LlamaRMSNorm((2048,), eps=1e-05)], 'input': ['self_attn.q_proj'], 'inspect': LlamaAttention(
  (q_proj): Linear(in_features=2048, out_features=2048, bias=False)
  (k_proj): Linear(in_features=2048, out_features=512, bias=False)
  (v_proj): Linear(in_features=2048, out_features=512, bias=False)
  (o_proj): Linear(in_features=2048, out_features=2048, bias=False)
), 'has_kwargs': True}
2026-07-30 16:42:50.000 | INFO     | llmc.compression.quantization.gptq:update_layer_with_transformed_weights:184 - error 3205.09619140625
2026-07-30 16:42:50.000 | INFO     | llmc.compression.quantization.gptq:update_layer_with_transformed_weights:184 - error 3205.09619140625
2026-07-30 16:42:52.364 | INFO     | llmc.compression.quantization.gptq:update_layer_with_transformed_weights:184 - error 1708.8157958984375
2026-07-30 16:42:52.364 | INFO     | llmc.compression.quantization.gptq:update_layer_with_transformed_weights:184 - error 1708.8157958984375
2026-07-30 16:42:52.778 | INFO     | llmc.compression.quantization.gptq:update_layer_with_transformed_weights:184 - error 96.9085693359375
2026-07-30 16:42:52.778 | INFO     | llmc.compression.quantization.gptq:update_layer_with_transformed_weights:184 - error 96.9085693359375
2026-07-30 16:42:52.779 | INFO     | llmc.models.base_model:replace_module_subset:432 - replace >>> self_attn.q_proj in 1-th block
2026-07-30 16:42:52.779 | INFO     | llmc.models.base_model:replace_module_subset:432 - replace >>> self_attn.q_proj in 1-th block
2026-07-30 16:42:52.779 | INFO     | llmc.models.base_model:replace_module_subset:432 - replace >>> self_attn.k_proj in 1-th block
2026-07-30 16:42:52.779 | INFO     | llmc.models.base_model:replace_module_subset:432 - replace >>> self_attn.k_proj in 1-th block
2026-07-30 16:42:52.779 | INFO     | llmc.models.base_model:replace_module_subset:432 - replace >>> self_attn.v_proj in 1-th block
2026-07-30 16:42:52.779 | INFO     | llmc.models.base_model:replace_module_subset:432 - replace >>> self_attn.v_proj in 1-th block
2026-07-30 16:42:55.303 | INFO     | llmc.compression.quantization.base_blockwise_quantization:block_transform:493 - subset: {'layers': {'self_attn.o_proj': Linear(in_features=2048, out_features=2048, bias=False)}, 'prev_op': [Linear(in_features=2048, out_features=512, bias=False)], 'input': ['self_attn.o_proj'], 'inspect': Linear(in_features=2048, out_features=2048, bias=False), 'has_kwargs': False}
2026-07-30 16:42:55.303 | INFO     | llmc.compression.quantization.base_blockwise_quantization:block_transform:493 - subset: {'layers': {'self_attn.o_proj': Linear(in_features=2048, out_features=2048, bias=False)}, 'prev_op': [Linear(in_features=2048, out_features=512, bias=False)], 'input': ['self_attn.o_proj'], 'inspect': Linear(in_features=2048, out_features=2048, bias=False), 'has_kwargs': False}
2026-07-30 16:42:55.745 | INFO     | llmc.compression.quantization.gptq:update_layer_with_transformed_weights:184 - error 7.887109756469727
2026-07-30 16:42:55.745 | INFO     | llmc.compression.quantization.gptq:update_layer_with_transformed_weights:184 - error 7.887109756469727
2026-07-30 16:42:55.747 | INFO     | llmc.models.base_model:replace_module_subset:432 - replace >>> self_attn.o_proj in 1-th block
2026-07-30 16:42:55.747 | INFO     | llmc.models.base_model:replace_module_subset:432 - replace >>> self_attn.o_proj in 1-th block
2026-07-30 16:42:58.310 | INFO     | llmc.compression.quantization.base_blockwise_quantization:block_transform:493 - subset: {'layers': {'mlp.gate_proj': Linear(in_features=2048, out_features=8192, bias=False), 'mlp.up_proj': Linear(in_features=2048, out_features=8192, bias=False)}, 'prev_op': [LlamaRMSNorm((2048,), eps=1e-05)], 'input': ['mlp.gate_proj'], 'inspect': LlamaMLP(
  (gate_proj): Linear(in_features=2048, out_features=8192, bias=False)
  (up_proj): Linear(in_features=2048, out_features=8192, bias=False)
  (down_proj): Linear(in_features=8192, out_features=2048, bias=False)
  (act_fn): SiLUActivation()
), 'has_kwargs': False, 'is_mlp': True}
2026-07-30 16:42:58.310 | INFO     | llmc.compression.quantization.base_blockwise_quantization:block_transform:493 - subset: {'layers': {'mlp.gate_proj': Linear(in_features=2048, out_features=8192, bias=False), 'mlp.up_proj': Linear(in_features=2048, out_features=8192, bias=False)}, 'prev_op': [LlamaRMSNorm((2048,), eps=1e-05)], 'input': ['mlp.gate_proj'], 'inspect': LlamaMLP(
  (gate_proj): Linear(in_features=2048, out_features=8192, bias=False)
  (up_proj): Linear(in_features=2048, out_features=8192, bias=False)
  (down_proj): Linear(in_features=8192, out_features=2048, bias=False)
  (act_fn): SiLUActivation()
), 'has_kwargs': False, 'is_mlp': True}
2026-07-30 16:42:58.814 | INFO     | llmc.compression.quantization.gptq:update_layer_with_transformed_weights:184 - error 3638.12060546875
2026-07-30 16:42:58.814 | INFO     | llmc.compression.quantization.gptq:update_layer_with_transformed_weights:184 - error 3638.12060546875
2026-07-30 16:43:01.432 | INFO     | llmc.compression.quantization.gptq:update_layer_with_transformed_weights:184 - error 2636.6826171875
2026-07-30 16:43:01.432 | INFO     | llmc.compression.quantization.gptq:update_layer_with_transformed_weights:184 - error 2636.6826171875
2026-07-30 16:43:01.447 | INFO     | llmc.models.base_model:replace_module_subset:432 - replace >>> mlp.gate_proj in 1-th block
2026-07-30 16:43:01.447 | INFO     | llmc.models.base_model:replace_module_subset:432 - replace >>> mlp.gate_proj in 1-th block
2026-07-30 16:43:01.447 | INFO     | llmc.models.base_model:replace_module_subset:432 - replace >>> mlp.up_proj in 1-th block
2026-07-30 16:43:01.447 | INFO     | llmc.models.base_model:replace_module_subset:432 - replace >>> mlp.up_proj in 1-th block
2026-07-30 16:43:05.161 | INFO     | llmc.compression.quantization.base_blockwise_quantization:block_transform:493 - subset: {'layers': {'mlp.down_proj': Linear(in_features=8192, out_features=2048, bias=False)}, 'prev_op': [Linear(in_features=2048, out_features=8192, bias=False)], 'input': ['mlp.down_proj'], 'inspect': Linear(in_features=8192, out_features=2048, bias=False), 'has_kwargs': False, 'is_mlp': True}
2026-07-30 16:43:05.161 | INFO     | llmc.compression.quantization.base_blockwise_quantization:block_transform:493 - subset: {'layers': {'mlp.down_proj': Linear(in_features=8192, out_features=2048, bias=False)}, 'prev_op': [Linear(in_features=2048, out_features=8192, bias=False)], 'input': ['mlp.down_proj'], 'inspect': Linear(in_features=8192, out_features=2048, bias=False), 'has_kwargs': False, 'is_mlp': True}
2026-07-30 16:43:12.049 | INFO     | llmc.compression.quantization.gptq:update_layer_with_transformed_weights:184 - error 417.4294738769531
2026-07-30 16:43:12.049 | INFO     | llmc.compression.quantization.gptq:update_layer_with_transformed_weights:184 - error 417.4294738769531
2026-07-30 16:43:12.114 | INFO     | llmc.compression.quantization.base_blockwise_quantization:block_transform:523 - End transform the 1-th block
2026-07-30 16:43:12.114 | INFO     | llmc.compression.quantization.base_blockwise_quantization:block_transform:523 - End transform the 1-th block
2026-07-30 16:43:12.114 | INFO     | llmc.models.base_model:replace_module_subset:432 - replace >>> self_attn.q_proj in 1-th block
2026-07-30 16:43:12.114 | INFO     | llmc.models.base_model:replace_module_subset:432 - replace >>> self_attn.q_proj in 1-th block
2026-07-30 16:43:12.114 | INFO     | llmc.models.base_model:replace_module_subset:432 - replace >>> self_attn.k_proj in 1-th block
2026-07-30 16:43:12.114 | INFO     | llmc.models.base_model:replace_module_subset:432 - replace >>> self_attn.k_proj in 1-th block
2026-07-30 16:43:12.114 | INFO     | llmc.models.base_model:replace_module_subset:432 - replace >>> self_attn.v_proj in 1-th block
2026-07-30 16:43:12.114 | INFO     | llmc.models.base_model:replace_module_subset:432 - replace >>> self_attn.v_proj in 1-th block
2026-07-30 16:43:12.114 | INFO     | llmc.models.base_model:replace_module_subset:432 - replace >>> self_attn.o_proj in 1-th block
2026-07-30 16:43:12.114 | INFO     | llmc.models.base_model:replace_module_subset:432 - replace >>> self_attn.o_proj in 1-th block
2026-07-30 16:43:12.114 | INFO     | llmc.models.base_model:replace_module_subset:432 - replace >>> mlp.gate_proj in 1-th block
2026-07-30 16:43:12.114 | INFO     | llmc.models.base_model:replace_module_subset:432 - replace >>> mlp.gate_proj in 1-th block
2026-07-30 16:43:12.114 | INFO     | llmc.models.base_model:replace_module_subset:432 - replace >>> mlp.up_proj in 1-th block
2026-07-30 16:43:12.114 | INFO     | llmc.models.base_model:replace_module_subset:432 - replace >>> mlp.up_proj in 1-th block
2026-07-30 16:43:12.115 | INFO     | llmc.models.base_model:replace_module_subset:432 - replace >>> mlp.down_proj in 1-th block
2026-07-30 16:43:12.115 | INFO     | llmc.models.base_model:replace_module_subset:432 - replace >>> mlp.down_proj in 1-th block
2026-07-30 16:43:14.646 | INFO     | llmc.compression.blockwise_optimization:run_block_loop:36 - 
block index: 2/16 
block: LlamaDecoderLayer(
  (self_attn): LlamaAttention(
    (q_proj): Linear(in_features=2048, out_features=2048, bias=False)
    (k_proj): Linear(in_features=2048, out_features=512, bias=False)
    (v_proj): Linear(in_features=2048, out_features=512, bias=False)
    (o_proj): Linear(in_features=2048, out_features=2048, bias=False)
  )
  (mlp): LlamaMLP(
    (gate_proj): Linear(in_features=2048, out_features=8192, bias=False)
    (up_proj): Linear(in_features=2048, out_features=8192, bias=False)
    (down_proj): Linear(in_features=8192, out_features=2048, bias=False)
    (act_fn): SiLUActivation()
  )
  (input_layernorm): LlamaRMSNorm((2048,), eps=1e-05)
  (post_attention_layernorm): LlamaRMSNorm((2048,), eps=1e-05)
)
2026-07-30 16:43:14.646 | INFO     | llmc.compression.blockwise_optimization:run_block_loop:36 - 
block index: 2/16 
block: LlamaDecoderLayer(
  (self_attn): LlamaAttention(
    (q_proj): Linear(in_features=2048, out_features=2048, bias=False)
    (k_proj): Linear(in_features=2048, out_features=512, bias=False)
    (v_proj): Linear(in_features=2048, out_features=512, bias=False)
    (o_proj): Linear(in_features=2048, out_features=2048, bias=False)
  )
  (mlp): LlamaMLP(
    (gate_proj): Linear(in_features=2048, out_features=8192, bias=False)
    (up_proj): Linear(in_features=2048, out_features=8192, bias=False)
    (down_proj): Linear(in_features=8192, out_features=2048, bias=False)
    (act_fn): SiLUActivation()
  )
  (input_layernorm): LlamaRMSNorm((2048,), eps=1e-05)
  (post_attention_layernorm): LlamaRMSNorm((2048,), eps=1e-05)
)
2026-07-30 16:43:14.663 | INFO     | llmc.compression.quantization.base_blockwise_quantization:block_opt:416 - input_feat_modules: {'self_attn.q_proj': Linear(in_features=2048, out_features=2048, bias=False), 'self_attn.k_proj': Linear(in_features=2048, out_features=512, bias=False), 'self_attn.v_proj': Linear(in_features=2048, out_features=512, bias=False), 'self_attn.o_proj': Linear(in_features=2048, out_features=2048, bias=False), 'mlp.gate_proj': Linear(in_features=2048, out_features=8192, bias=False), 'mlp.up_proj': Linear(in_features=2048, out_features=8192, bias=False), 'mlp.down_proj': Linear(in_features=8192, out_features=2048, bias=False)}
2026-07-30 16:43:14.663 | INFO     | llmc.compression.quantization.base_blockwise_quantization:block_opt:416 - input_feat_modules: {'self_attn.q_proj': Linear(in_features=2048, out_features=2048, bias=False), 'self_attn.k_proj': Linear(in_features=2048, out_features=512, bias=False), 'self_attn.v_proj': Linear(in_features=2048, out_features=512, bias=False), 'self_attn.o_proj': Linear(in_features=2048, out_features=2048, bias=False), 'mlp.gate_proj': Linear(in_features=2048, out_features=8192, bias=False), 'mlp.up_proj': Linear(in_features=2048, out_features=8192, bias=False), 'mlp.down_proj': Linear(in_features=8192, out_features=2048, bias=False)}
2026-07-30 16:43:20.712 | INFO     | llmc.compression.quantization.base_blockwise_quantization:block_transform:484 - Start transform the 2-th block
2026-07-30 16:43:20.712 | INFO     | llmc.compression.quantization.base_blockwise_quantization:block_transform:484 - Start transform the 2-th block
2026-07-30 16:43:20.713 | INFO     | llmc.compression.quantization.base_blockwise_quantization:block_transform:493 - subset: {'layers': {'self_attn.q_proj': Linear(in_features=2048, out_features=2048, bias=False), 'self_attn.k_proj': Linear(in_features=2048, out_features=512, bias=False), 'self_attn.v_proj': Linear(in_features=2048, out_features=512, bias=False)}, 'prev_op': [LlamaRMSNorm((2048,), eps=1e-05)], 'input': ['self_attn.q_proj'], 'inspect': LlamaAttention(
  (q_proj): Linear(in_features=2048, out_features=2048, bias=False)
  (k_proj): Linear(in_features=2048, out_features=512, bias=False)
  (v_proj): Linear(in_features=2048, out_features=512, bias=False)
  (o_proj): Linear(in_features=2048, out_features=2048, bias=False)
), 'has_kwargs': True}
2026-07-30 16:43:20.713 | INFO     | llmc.compression.quantization.base_blockwise_quantization:block_transform:493 - subset: {'layers': {'self_attn.q_proj': Linear(in_features=2048, out_features=2048, bias=False), 'self_attn.k_proj': Linear(in_features=2048, out_features=512, bias=False), 'self_attn.v_proj': Linear(in_features=2048, out_features=512, bias=False)}, 'prev_op': [LlamaRMSNorm((2048,), eps=1e-05)], 'input': ['self_attn.q_proj'], 'inspect': LlamaAttention(
  (q_proj): Linear(in_features=2048, out_features=2048, bias=False)
  (k_proj): Linear(in_features=2048, out_features=512, bias=False)
  (v_proj): Linear(in_features=2048, out_features=512, bias=False)
  (o_proj): Linear(in_features=2048, out_features=2048, bias=False)
), 'has_kwargs': True}
2026-07-30 16:43:21.132 | INFO     | llmc.compression.quantization.gptq:update_layer_with_transformed_weights:184 - error 6710.76953125
2026-07-30 16:43:21.132 | INFO     | llmc.compression.quantization.gptq:update_layer_with_transformed_weights:184 - error 6710.76953125
2026-07-30 16:43:21.534 | INFO     | llmc.compression.quantization.gptq:update_layer_with_transformed_weights:184 - error 3431.34814453125
2026-07-30 16:43:21.534 | INFO     | llmc.compression.quantization.gptq:update_layer_with_transformed_weights:184 - error 3431.34814453125
2026-07-30 16:43:23.450 | INFO     | llmc.compression.quantization.gptq:update_layer_with_transformed_weights:184 - error 238.73049926757812
2026-07-30 16:43:23.450 | INFO     | llmc.compression.quantization.gptq:update_layer_with_transformed_weights:184 - error 238.73049926757812
2026-07-30 16:43:23.451 | INFO     | llmc.models.base_model:replace_module_subset:432 - replace >>> self_attn.q_proj in 2-th block
2026-07-30 16:43:23.451 | INFO     | llmc.models.base_model:replace_module_subset:432 - replace >>> self_attn.q_proj in 2-th block
2026-07-30 16:43:23.451 | INFO     | llmc.models.base_model:replace_module_subset:432 - replace >>> self_attn.k_proj in 2-th block
2026-07-30 16:43:23.451 | INFO     | llmc.models.base_model:replace_module_subset:432 - replace >>> self_attn.k_proj in 2-th block
2026-07-30 16:43:23.451 | INFO     | llmc.models.base_model:replace_module_subset:432 - replace >>> self_attn.v_proj in 2-th block
2026-07-30 16:43:23.451 | INFO     | llmc.models.base_model:replace_module_subset:432 - replace >>> self_attn.v_proj in 2-th block
2026-07-30 16:43:24.091 | INFO     | llmc.compression.quantization.base_blockwise_quantization:block_transform:493 - subset: {'layers': {'self_attn.o_proj': Linear(in_features=2048, out_features=2048, bias=False)}, 'prev_op': [Linear(in_features=2048, out_features=512, bias=False)], 'input': ['self_attn.o_proj'], 'inspect': Linear(in_features=2048, out_features=2048, bias=False), 'has_kwargs': False}
2026-07-30 16:43:24.091 | INFO     | llmc.compression.quantization.base_blockwise_quantization:block_transform:493 - subset: {'layers': {'self_attn.o_proj': Linear(in_features=2048, out_features=2048, bias=False)}, 'prev_op': [Linear(in_features=2048, out_features=512, bias=False)], 'input': ['self_attn.o_proj'], 'inspect': Linear(in_features=2048, out_features=2048, bias=False), 'has_kwargs': False}
2026-07-30 16:43:26.498 | INFO     | llmc.compression.quantization.gptq:update_layer_with_transformed_weights:184 - error 10.589212417602539
2026-07-30 16:43:26.498 | INFO     | llmc.compression.quantization.gptq:update_layer_with_transformed_weights:184 - error 10.589212417602539
2026-07-30 16:43:26.552 | INFO     | llmc.models.base_model:replace_module_subset:432 - replace >>> self_attn.o_proj in 2-th block
2026-07-30 16:43:26.552 | INFO     | llmc.models.base_model:replace_module_subset:432 - replace >>> self_attn.o_proj in 2-th block
2026-07-30 16:43:27.181 | INFO     | llmc.compression.quantization.base_blockwise_quantization:block_transform:493 - subset: {'layers': {'mlp.gate_proj': Linear(in_features=2048, out_features=8192, bias=False), 'mlp.up_proj': Linear(in_features=2048, out_features=8192, bias=False)}, 'prev_op': [LlamaRMSNorm((2048,), eps=1e-05)], 'input': ['mlp.gate_proj'], 'inspect': LlamaMLP(
  (gate_proj): Linear(in_features=2048, out_features=8192, bias=False)
  (up_proj): Linear(in_features=2048, out_features=8192, bias=False)
  (down_proj): Linear(in_features=8192, out_features=2048, bias=False)
  (act_fn): SiLUActivation()
), 'has_kwargs': False, 'is_mlp': True}
2026-07-30 16:43:27.181 | INFO     | llmc.compression.quantization.base_blockwise_quantization:block_transform:493 - subset: {'layers': {'mlp.gate_proj': Linear(in_features=2048, out_features=8192, bias=False), 'mlp.up_proj': Linear(in_features=2048, out_features=8192, bias=False)}, 'prev_op': [LlamaRMSNorm((2048,), eps=1e-05)], 'input': ['mlp.gate_proj'], 'inspect': LlamaMLP(
  (gate_proj): Linear(in_features=2048, out_features=8192, bias=False)
  (up_proj): Linear(in_features=2048, out_features=8192, bias=False)
  (down_proj): Linear(in_features=8192, out_features=2048, bias=False)
  (act_fn): SiLUActivation()
), 'has_kwargs': False, 'is_mlp': True}
2026-07-30 16:43:29.785 | INFO     | llmc.compression.quantization.gptq:update_layer_with_transformed_weights:184 - error 5479.0712890625
2026-07-30 16:43:29.785 | INFO     | llmc.compression.quantization.gptq:update_layer_with_transformed_weights:184 - error 5479.0712890625
2026-07-30 16:43:30.277 | INFO     | llmc.compression.quantization.gptq:update_layer_with_transformed_weights:184 - error 3406.95947265625
2026-07-30 16:43:30.277 | INFO     | llmc.compression.quantization.gptq:update_layer_with_transformed_weights:184 - error 3406.95947265625
2026-07-30 16:43:30.287 | INFO     | llmc.models.base_model:replace_module_subset:432 - replace >>> mlp.gate_proj in 2-th block
2026-07-30 16:43:30.287 | INFO     | llmc.models.base_model:replace_module_subset:432 - replace >>> mlp.gate_proj in 2-th block
2026-07-30 16:43:30.287 | INFO     | llmc.models.base_model:replace_module_subset:432 - replace >>> mlp.up_proj in 2-th block
2026-07-30 16:43:30.287 | INFO     | llmc.models.base_model:replace_module_subset:432 - replace >>> mlp.up_proj in 2-th block
2026-07-30 16:43:35.777 | INFO     | llmc.compression.quantization.base_blockwise_quantization:block_transform:493 - subset: {'layers': {'mlp.down_proj': Linear(in_features=8192, out_features=2048, bias=False)}, 'prev_op': [Linear(in_features=2048, out_features=8192, bias=False)], 'input': ['mlp.down_proj'], 'inspect': Linear(in_features=8192, out_features=2048, bias=False), 'has_kwargs': False, 'is_mlp': True}
2026-07-30 16:43:35.777 | INFO     | llmc.compression.quantization.base_blockwise_quantization:block_transform:493 - subset: {'layers': {'mlp.down_proj': Linear(in_features=8192, out_features=2048, bias=False)}, 'prev_op': [Linear(in_features=2048, out_features=8192, bias=False)], 'input': ['mlp.down_proj'], 'inspect': Linear(in_features=8192, out_features=2048, bias=False), 'has_kwargs': False, 'is_mlp': True}
2026-07-30 16:43:41.893 | INFO     | llmc.compression.quantization.gptq:update_layer_with_transformed_weights:184 - error 44.56462860107422
2026-07-30 16:43:41.893 | INFO     | llmc.compression.quantization.gptq:update_layer_with_transformed_weights:184 - error 44.56462860107422
2026-07-30 16:43:41.965 | INFO     | llmc.compression.quantization.base_blockwise_quantization:block_transform:523 - End transform the 2-th block
2026-07-30 16:43:41.965 | INFO     | llmc.compression.quantization.base_blockwise_quantization:block_transform:523 - End transform the 2-th block
2026-07-30 16:43:41.965 | INFO     | llmc.models.base_model:replace_module_subset:432 - replace >>> self_attn.q_proj in 2-th block
2026-07-30 16:43:41.965 | INFO     | llmc.models.base_model:replace_module_subset:432 - replace >>> self_attn.q_proj in 2-th block
2026-07-30 16:43:41.965 | INFO     | llmc.models.base_model:replace_module_subset:432 - replace >>> self_attn.k_proj in 2-th block
2026-07-30 16:43:41.965 | INFO     | llmc.models.base_model:replace_module_subset:432 - replace >>> self_attn.k_proj in 2-th block
2026-07-30 16:43:41.965 | INFO     | llmc.models.base_model:replace_module_subset:432 - replace >>> self_attn.v_proj in 2-th block
2026-07-30 16:43:41.965 | INFO     | llmc.models.base_model:replace_module_subset:432 - replace >>> self_attn.v_proj in 2-th block
2026-07-30 16:43:41.965 | INFO     | llmc.models.base_model:replace_module_subset:432 - replace >>> self_attn.o_proj in 2-th block
2026-07-30 16:43:41.965 | INFO     | llmc.models.base_model:replace_module_subset:432 - replace >>> self_attn.o_proj in 2-th block
2026-07-30 16:43:41.965 | INFO     | llmc.models.base_model:replace_module_subset:432 - replace >>> mlp.gate_proj in 2-th block
2026-07-30 16:43:41.965 | INFO     | llmc.models.base_model:replace_module_subset:432 - replace >>> mlp.gate_proj in 2-th block
2026-07-30 16:43:41.965 | INFO     | llmc.models.base_model:replace_module_subset:432 - replace >>> mlp.up_proj in 2-th block
2026-07-30 16:43:41.965 | INFO     | llmc.models.base_model:replace_module_subset:432 - replace >>> mlp.up_proj in 2-th block
2026-07-30 16:43:41.965 | INFO     | llmc.models.base_model:replace_module_subset:432 - replace >>> mlp.down_proj in 2-th block
2026-07-30 16:43:41.965 | INFO     | llmc.models.base_model:replace_module_subset:432 - replace >>> mlp.down_proj in 2-th block
2026-07-30 16:43:42.651 | INFO     | llmc.compression.blockwise_optimization:run_block_loop:36 - 
block index: 3/16 
block: LlamaDecoderLayer(
  (self_attn): LlamaAttention(
    (q_proj): Linear(in_features=2048, out_features=2048, bias=False)
    (k_proj): Linear(in_features=2048, out_features=512, bias=False)
    (v_proj): Linear(in_features=2048, out_features=512, bias=False)
    (o_proj): Linear(in_features=2048, out_features=2048, bias=False)
  )
  (mlp): LlamaMLP(
    (gate_proj): Linear(in_features=2048, out_features=8192, bias=False)
    (up_proj): Linear(in_features=2048, out_features=8192, bias=False)
    (down_proj): Linear(in_features=8192, out_features=2048, bias=False)
    (act_fn): SiLUActivation()
  )
  (input_layernorm): LlamaRMSNorm((2048,), eps=1e-05)
  (post_attention_layernorm): LlamaRMSNorm((2048,), eps=1e-05)
)
2026-07-30 16:43:42.651 | INFO     | llmc.compression.blockwise_optimization:run_block_loop:36 - 
block index: 3/16 
block: LlamaDecoderLayer(
  (self_attn): LlamaAttention(
    (q_proj): Linear(in_features=2048, out_features=2048, bias=False)
    (k_proj): Linear(in_features=2048, out_features=512, bias=False)
    (v_proj): Linear(in_features=2048, out_features=512, bias=False)
    (o_proj): Linear(in_features=2048, out_features=2048, bias=False)
  )
  (mlp): LlamaMLP(
    (gate_proj): Linear(in_features=2048, out_features=8192, bias=False)
    (up_proj): Linear(in_features=2048, out_features=8192, bias=False)
    (down_proj): Linear(in_features=8192, out_features=2048, bias=False)
    (act_fn): SiLUActivation()
  )
  (input_layernorm): LlamaRMSNorm((2048,), eps=1e-05)
  (post_attention_layernorm): LlamaRMSNorm((2048,), eps=1e-05)
)
2026-07-30 16:43:42.669 | INFO     | llmc.compression.quantization.base_blockwise_quantization:block_opt:416 - input_feat_modules: {'self_attn.q_proj': Linear(in_features=2048, out_features=2048, bias=False), 'self_attn.k_proj': Linear(in_features=2048, out_features=512, bias=False), 'self_attn.v_proj': Linear(in_features=2048, out_features=512, bias=False), 'self_attn.o_proj': Linear(in_features=2048, out_features=2048, bias=False), 'mlp.gate_proj': Linear(in_features=2048, out_features=8192, bias=False), 'mlp.up_proj': Linear(in_features=2048, out_features=8192, bias=False), 'mlp.down_proj': Linear(in_features=8192, out_features=2048, bias=False)}
2026-07-30 16:43:42.669 | INFO     | llmc.compression.quantization.base_blockwise_quantization:block_opt:416 - input_feat_modules: {'self_attn.q_proj': Linear(in_features=2048, out_features=2048, bias=False), 'self_attn.k_proj': Linear(in_features=2048, out_features=512, bias=False), 'self_attn.v_proj': Linear(in_features=2048, out_features=512, bias=False), 'self_attn.o_proj': Linear(in_features=2048, out_features=2048, bias=False), 'mlp.gate_proj': Linear(in_features=2048, out_features=8192, bias=False), 'mlp.up_proj': Linear(in_features=2048, out_features=8192, bias=False), 'mlp.down_proj': Linear(in_features=8192, out_features=2048, bias=False)}
2026-07-30 16:43:48.653 | INFO     | llmc.compression.quantization.base_blockwise_quantization:block_transform:484 - Start transform the 3-th block
2026-07-30 16:43:48.653 | INFO     | llmc.compression.quantization.base_blockwise_quantization:block_transform:484 - Start transform the 3-th block
2026-07-30 16:43:48.653 | INFO     | llmc.compression.quantization.base_blockwise_quantization:block_transform:493 - subset: {'layers': {'self_attn.q_proj': Linear(in_features=2048, out_features=2048, bias=False), 'self_attn.k_proj': Linear(in_features=2048, out_features=512, bias=False), 'self_attn.v_proj': Linear(in_features=2048, out_features=512, bias=False)}, 'prev_op': [LlamaRMSNorm((2048,), eps=1e-05)], 'input': ['self_attn.q_proj'], 'inspect': LlamaAttention(
  (q_proj): Linear(in_features=2048, out_features=2048, bias=False)
  (k_proj): Linear(in_features=2048, out_features=512, bias=False)
  (v_proj): Linear(in_features=2048, out_features=512, bias=False)
  (o_proj): Linear(in_features=2048, out_features=2048, bias=False)
), 'has_kwargs': True}
2026-07-30 16:43:48.653 | INFO     | llmc.compression.quantization.base_blockwise_quantization:block_transform:493 - subset: {'layers': {'self_attn.q_proj': Linear(in_features=2048, out_features=2048, bias=False), 'self_attn.k_proj': Linear(in_features=2048, out_features=512, bias=False), 'self_attn.v_proj': Linear(in_features=2048, out_features=512, bias=False)}, 'prev_op': [LlamaRMSNorm((2048,), eps=1e-05)], 'input': ['self_attn.q_proj'], 'inspect': LlamaAttention(
  (q_proj): Linear(in_features=2048, out_features=2048, bias=False)
  (k_proj): Linear(in_features=2048, out_features=512, bias=False)
  (v_proj): Linear(in_features=2048, out_features=512, bias=False)
  (o_proj): Linear(in_features=2048, out_features=2048, bias=False)
), 'has_kwargs': True}
2026-07-30 16:43:49.067 | INFO     | llmc.compression.quantization.gptq:update_layer_with_transformed_weights:184 - error 4751.953125
2026-07-30 16:43:49.067 | INFO     | llmc.compression.quantization.gptq:update_layer_with_transformed_weights:184 - error 4751.953125
2026-07-30 16:43:51.465 | INFO     | llmc.compression.quantization.gptq:update_layer_with_transformed_weights:184 - error 2166.69775390625
2026-07-30 16:43:51.465 | INFO     | llmc.compression.quantization.gptq:update_layer_with_transformed_weights:184 - error 2166.69775390625
2026-07-30 16:43:51.874 | INFO     | llmc.compression.quantization.gptq:update_layer_with_transformed_weights:184 - error 296.27044677734375
2026-07-30 16:43:51.874 | INFO     | llmc.compression.quantization.gptq:update_layer_with_transformed_weights:184 - error 296.27044677734375
2026-07-30 16:43:51.875 | INFO     | llmc.models.base_model:replace_module_subset:432 - replace >>> self_attn.q_proj in 3-th block
2026-07-30 16:43:51.875 | INFO     | llmc.models.base_model:replace_module_subset:432 - replace >>> self_attn.q_proj in 3-th block
2026-07-30 16:43:51.875 | INFO     | llmc.models.base_model:replace_module_subset:432 - replace >>> self_attn.k_proj in 3-th block
2026-07-30 16:43:51.875 | INFO     | llmc.models.base_model:replace_module_subset:432 - replace >>> self_attn.k_proj in 3-th block
2026-07-30 16:43:51.875 | INFO     | llmc.models.base_model:replace_module_subset:432 - replace >>> self_attn.v_proj in 3-th block
2026-07-30 16:43:51.875 | INFO     | llmc.models.base_model:replace_module_subset:432 - replace >>> self_attn.v_proj in 3-th block
2026-07-30 16:43:54.452 | INFO     | llmc.compression.quantization.base_blockwise_quantization:block_transform:493 - subset: {'layers': {'self_attn.o_proj': Linear(in_features=2048, out_features=2048, bias=False)}, 'prev_op': [Linear(in_features=2048, out_features=512, bias=False)], 'input': ['self_attn.o_proj'], 'inspect': Linear(in_features=2048, out_features=2048, bias=False), 'has_kwargs': False}
2026-07-30 16:43:54.452 | INFO     | llmc.compression.quantization.base_blockwise_quantization:block_transform:493 - subset: {'layers': {'self_attn.o_proj': Linear(in_features=2048, out_features=2048, bias=False)}, 'prev_op': [Linear(in_features=2048, out_features=512, bias=False)], 'input': ['self_attn.o_proj'], 'inspect': Linear(in_features=2048, out_features=2048, bias=False), 'has_kwargs': False}
2026-07-30 16:43:54.866 | INFO     | llmc.compression.quantization.gptq:update_layer_with_transformed_weights:184 - error 22.49214744567871
2026-07-30 16:43:54.866 | INFO     | llmc.compression.quantization.gptq:update_layer_with_transformed_weights:184 - error 22.49214744567871
2026-07-30 16:43:54.867 | INFO     | llmc.models.base_model:replace_module_subset:432 - replace >>> self_attn.o_proj in 3-th block
2026-07-30 16:43:54.867 | INFO     | llmc.models.base_model:replace_module_subset:432 - replace >>> self_attn.o_proj in 3-th block
2026-07-30 16:43:57.482 | INFO     | llmc.compression.quantization.base_blockwise_quantization:block_transform:493 - subset: {'layers': {'mlp.gate_proj': Linear(in_features=2048, out_features=8192, bias=False), 'mlp.up_proj': Linear(in_features=2048, out_features=8192, bias=False)}, 'prev_op': [LlamaRMSNorm((2048,), eps=1e-05)], 'input': ['mlp.gate_proj'], 'inspect': LlamaMLP(
  (gate_proj): Linear(in_features=2048, out_features=8192, bias=False)
  (up_proj): Linear(in_features=2048, out_features=8192, bias=False)
  (down_proj): Linear(in_features=8192, out_features=2048, bias=False)
  (act_fn): SiLUActivation()
), 'has_kwargs': False, 'is_mlp': True}
2026-07-30 16:43:57.482 | INFO     | llmc.compression.quantization.base_blockwise_quantization:block_transform:493 - subset: {'layers': {'mlp.gate_proj': Linear(in_features=2048, out_features=8192, bias=False), 'mlp.up_proj': Linear(in_features=2048, out_features=8192, bias=False)}, 'prev_op': [LlamaRMSNorm((2048,), eps=1e-05)], 'input': ['mlp.gate_proj'], 'inspect': LlamaMLP(
  (gate_proj): Linear(in_features=2048, out_features=8192, bias=False)
  (up_proj): Linear(in_features=2048, out_features=8192, bias=False)
  (down_proj): Linear(in_features=8192, out_features=2048, bias=False)
  (act_fn): SiLUActivation()
), 'has_kwargs': False, 'is_mlp': True}
2026-07-30 16:43:57.921 | INFO     | llmc.compression.quantization.gptq:update_layer_with_transformed_weights:184 - error 7986.6767578125
2026-07-30 16:43:57.921 | INFO     | llmc.compression.quantization.gptq:update_layer_with_transformed_weights:184 - error 7986.6767578125
2026-07-30 16:44:00.482 | INFO     | llmc.compression.quantization.gptq:update_layer_with_transformed_weights:184 - error 3960.275146484375
2026-07-30 16:44:00.482 | INFO     | llmc.compression.quantization.gptq:update_layer_with_transformed_weights:184 - error 3960.275146484375
2026-07-30 16:44:00.495 | INFO     | llmc.models.base_model:replace_module_subset:432 - replace >>> mlp.gate_proj in 3-th block
2026-07-30 16:44:00.495 | INFO     | llmc.models.base_model:replace_module_subset:432 - replace >>> mlp.gate_proj in 3-th block
2026-07-30 16:44:00.495 | INFO     | llmc.models.base_model:replace_module_subset:432 - replace >>> mlp.up_proj in 3-th block
2026-07-30 16:44:00.495 | INFO     | llmc.models.base_model:replace_module_subset:432 - replace >>> mlp.up_proj in 3-th block
2026-07-30 16:44:04.192 | INFO     | llmc.compression.quantization.base_blockwise_quantization:block_transform:493 - subset: {'layers': {'mlp.down_proj': Linear(in_features=8192, out_features=2048, bias=False)}, 'prev_op': [Linear(in_features=2048, out_features=8192, bias=False)], 'input': ['mlp.down_proj'], 'inspect': Linear(in_features=8192, out_features=2048, bias=False), 'has_kwargs': False, 'is_mlp': True}
2026-07-30 16:44:04.192 | INFO     | llmc.compression.quantization.base_blockwise_quantization:block_transform:493 - subset: {'layers': {'mlp.down_proj': Linear(in_features=8192, out_features=2048, bias=False)}, 'prev_op': [Linear(in_features=2048, out_features=8192, bias=False)], 'input': ['mlp.down_proj'], 'inspect': Linear(in_features=8192, out_features=2048, bias=False), 'has_kwargs': False, 'is_mlp': True}
2026-07-30 16:44:11.057 | INFO     | llmc.compression.quantization.gptq:update_layer_with_transformed_weights:184 - error 62.47822952270508
2026-07-30 16:44:11.057 | INFO     | llmc.compression.quantization.gptq:update_layer_with_transformed_weights:184 - error 62.47822952270508
2026-07-30 16:44:11.111 | INFO     | llmc.compression.quantization.base_blockwise_quantization:block_transform:523 - End transform the 3-th block
2026-07-30 16:44:11.111 | INFO     | llmc.compression.quantization.base_blockwise_quantization:block_transform:523 - End transform the 3-th block
2026-07-30 16:44:11.112 | INFO     | llmc.models.base_model:replace_module_subset:432 - replace >>> self_attn.q_proj in 3-th block
2026-07-30 16:44:11.112 | INFO     | llmc.models.base_model:replace_module_subset:432 - replace >>> self_attn.q_proj in 3-th block
2026-07-30 16:44:11.112 | INFO     | llmc.models.base_model:replace_module_subset:432 - replace >>> self_attn.k_proj in 3-th block
2026-07-30 16:44:11.112 | INFO     | llmc.models.base_model:replace_module_subset:432 - replace >>> self_attn.k_proj in 3-th block
2026-07-30 16:44:11.112 | INFO     | llmc.models.base_model:replace_module_subset:432 - replace >>> self_attn.v_proj in 3-th block
2026-07-30 16:44:11.112 | INFO     | llmc.models.base_model:replace_module_subset:432 - replace >>> self_attn.v_proj in 3-th block
2026-07-30 16:44:11.112 | INFO     | llmc.models.base_model:replace_module_subset:432 - replace >>> self_attn.o_proj in 3-th block
2026-07-30 16:44:11.112 | INFO     | llmc.models.base_model:replace_module_subset:432 - replace >>> self_attn.o_proj in 3-th block
2026-07-30 16:44:11.112 | INFO     | llmc.models.base_model:replace_module_subset:432 - replace >>> mlp.gate_proj in 3-th block
2026-07-30 16:44:11.112 | INFO     | llmc.models.base_model:replace_module_subset:432 - replace >>> mlp.gate_proj in 3-th block
2026-07-30 16:44:11.112 | INFO     | llmc.models.base_model:replace_module_subset:432 - replace >>> mlp.up_proj in 3-th block
2026-07-30 16:44:11.112 | INFO     | llmc.models.base_model:replace_module_subset:432 - replace >>> mlp.up_proj in 3-th block
2026-07-30 16:44:11.112 | INFO     | llmc.models.base_model:replace_module_subset:432 - replace >>> mlp.down_proj in 3-th block
2026-07-30 16:44:11.112 | INFO     | llmc.models.base_model:replace_module_subset:432 - replace >>> mlp.down_proj in 3-th block
2026-07-30 16:44:11.883 | INFO     | llmc.compression.blockwise_optimization:run_block_loop:36 - 
block index: 4/16 
block: LlamaDecoderLayer(
  (self_attn): LlamaAttention(
    (q_proj): Linear(in_features=2048, out_features=2048, bias=False)
    (k_proj): Linear(in_features=2048, out_features=512, bias=False)
    (v_proj): Linear(in_features=2048, out_features=512, bias=False)
    (o_proj): Linear(in_features=2048, out_features=2048, bias=False)
  )
  (mlp): LlamaMLP(
    (gate_proj): Linear(in_features=2048, out_features=8192, bias=False)
    (up_proj): Linear(in_features=2048, out_features=8192, bias=False)
    (down_proj): Linear(in_features=8192, out_features=2048, bias=False)
    (act_fn): SiLUActivation()
  )
  (input_layernorm): LlamaRMSNorm((2048,), eps=1e-05)
  (post_attention_layernorm): LlamaRMSNorm((2048,), eps=1e-05)
)
2026-07-30 16:44:11.883 | INFO     | llmc.compression.blockwise_optimization:run_block_loop:36 - 
block index: 4/16 
block: LlamaDecoderLayer(
  (self_attn): LlamaAttention(
    (q_proj): Linear(in_features=2048, out_features=2048, bias=False)
    (k_proj): Linear(in_features=2048, out_features=512, bias=False)
    (v_proj): Linear(in_features=2048, out_features=512, bias=False)
    (o_proj): Linear(in_features=2048, out_features=2048, bias=False)
  )
  (mlp): LlamaMLP(
    (gate_proj): Linear(in_features=2048, out_features=8192, bias=False)
    (up_proj): Linear(in_features=2048, out_features=8192, bias=False)
    (down_proj): Linear(in_features=8192, out_features=2048, bias=False)
    (act_fn): SiLUActivation()
  )
  (input_layernorm): LlamaRMSNorm((2048,), eps=1e-05)
  (post_attention_layernorm): LlamaRMSNorm((2048,), eps=1e-05)
)
2026-07-30 16:44:11.901 | INFO     | llmc.compression.quantization.base_blockwise_quantization:block_opt:416 - input_feat_modules: {'self_attn.q_proj': Linear(in_features=2048, out_features=2048, bias=False), 'self_attn.k_proj': Linear(in_features=2048, out_features=512, bias=False), 'self_attn.v_proj': Linear(in_features=2048, out_features=512, bias=False), 'self_attn.o_proj': Linear(in_features=2048, out_features=2048, bias=False), 'mlp.gate_proj': Linear(in_features=2048, out_features=8192, bias=False), 'mlp.up_proj': Linear(in_features=2048, out_features=8192, bias=False), 'mlp.down_proj': Linear(in_features=8192, out_features=2048, bias=False)}
2026-07-30 16:44:11.901 | INFO     | llmc.compression.quantization.base_blockwise_quantization:block_opt:416 - input_feat_modules: {'self_attn.q_proj': Linear(in_features=2048, out_features=2048, bias=False), 'self_attn.k_proj': Linear(in_features=2048, out_features=512, bias=False), 'self_attn.v_proj': Linear(in_features=2048, out_features=512, bias=False), 'self_attn.o_proj': Linear(in_features=2048, out_features=2048, bias=False), 'mlp.gate_proj': Linear(in_features=2048, out_features=8192, bias=False), 'mlp.up_proj': Linear(in_features=2048, out_features=8192, bias=False), 'mlp.down_proj': Linear(in_features=8192, out_features=2048, bias=False)}
2026-07-30 16:44:17.636 | INFO     | llmc.compression.quantization.base_blockwise_quantization:block_transform:484 - Start transform the 4-th block
2026-07-30 16:44:17.636 | INFO     | llmc.compression.quantization.base_blockwise_quantization:block_transform:484 - Start transform the 4-th block
2026-07-30 16:44:17.636 | INFO     | llmc.compression.quantization.base_blockwise_quantization:block_transform:493 - subset: {'layers': {'self_attn.q_proj': Linear(in_features=2048, out_features=2048, bias=False), 'self_attn.k_proj': Linear(in_features=2048, out_features=512, bias=False), 'self_attn.v_proj': Linear(in_features=2048, out_features=512, bias=False)}, 'prev_op': [LlamaRMSNorm((2048,), eps=1e-05)], 'input': ['self_attn.q_proj'], 'inspect': LlamaAttention(
  (q_proj): Linear(in_features=2048, out_features=2048, bias=False)
  (k_proj): Linear(in_features=2048, out_features=512, bias=False)
  (v_proj): Linear(in_features=2048, out_features=512, bias=False)
  (o_proj): Linear(in_features=2048, out_features=2048, bias=False)
), 'has_kwargs': True}
2026-07-30 16:44:17.636 | INFO     | llmc.compression.quantization.base_blockwise_quantization:block_transform:493 - subset: {'layers': {'self_attn.q_proj': Linear(in_features=2048, out_features=2048, bias=False), 'self_attn.k_proj': Linear(in_features=2048, out_features=512, bias=False), 'self_attn.v_proj': Linear(in_features=2048, out_features=512, bias=False)}, 'prev_op': [LlamaRMSNorm((2048,), eps=1e-05)], 'input': ['self_attn.q_proj'], 'inspect': LlamaAttention(
  (q_proj): Linear(in_features=2048, out_features=2048, bias=False)
  (k_proj): Linear(in_features=2048, out_features=512, bias=False)
  (v_proj): Linear(in_features=2048, out_features=512, bias=False)
  (o_proj): Linear(in_features=2048, out_features=2048, bias=False)
), 'has_kwargs': True}
2026-07-30 16:44:18.059 | INFO     | llmc.compression.quantization.gptq:update_layer_with_transformed_weights:184 - error 4583.29150390625
2026-07-30 16:44:18.059 | INFO     | llmc.compression.quantization.gptq:update_layer_with_transformed_weights:184 - error 4583.29150390625
2026-07-30 16:44:20.311 | INFO     | llmc.compression.quantization.gptq:update_layer_with_transformed_weights:184 - error 2221.679931640625
2026-07-30 16:44:20.311 | INFO     | llmc.compression.quantization.gptq:update_layer_with_transformed_weights:184 - error 2221.679931640625
2026-07-30 16:44:20.754 | INFO     | llmc.compression.quantization.gptq:update_layer_with_transformed_weights:184 - error 266.2001953125
2026-07-30 16:44:20.754 | INFO     | llmc.compression.quantization.gptq:update_layer_with_transformed_weights:184 - error 266.2001953125
2026-07-30 16:44:20.755 | INFO     | llmc.models.base_model:replace_module_subset:432 - replace >>> self_attn.q_proj in 4-th block
2026-07-30 16:44:20.755 | INFO     | llmc.models.base_model:replace_module_subset:432 - replace >>> self_attn.q_proj in 4-th block
2026-07-30 16:44:20.755 | INFO     | llmc.models.base_model:replace_module_subset:432 - replace >>> self_attn.k_proj in 4-th block
2026-07-30 16:44:20.755 | INFO     | llmc.models.base_model:replace_module_subset:432 - replace >>> self_attn.k_proj in 4-th block
2026-07-30 16:44:20.755 | INFO     | llmc.models.base_model:replace_module_subset:432 - replace >>> self_attn.v_proj in 4-th block
2026-07-30 16:44:20.755 | INFO     | llmc.models.base_model:replace_module_subset:432 - replace >>> self_attn.v_proj in 4-th block
2026-07-30 16:44:23.071 | INFO     | llmc.compression.quantization.base_blockwise_quantization:block_transform:493 - subset: {'layers': {'self_attn.o_proj': Linear(in_features=2048, out_features=2048, bias=False)}, 'prev_op': [Linear(in_features=2048, out_features=512, bias=False)], 'input': ['self_attn.o_proj'], 'inspect': Linear(in_features=2048, out_features=2048, bias=False), 'has_kwargs': False}
2026-07-30 16:44:23.071 | INFO     | llmc.compression.quantization.base_blockwise_quantization:block_transform:493 - subset: {'layers': {'self_attn.o_proj': Linear(in_features=2048, out_features=2048, bias=False)}, 'prev_op': [Linear(in_features=2048, out_features=512, bias=False)], 'input': ['self_attn.o_proj'], 'inspect': Linear(in_features=2048, out_features=2048, bias=False), 'has_kwargs': False}
2026-07-30 16:44:25.544 | INFO     | llmc.compression.quantization.gptq:update_layer_with_transformed_weights:184 - error 32.61680603027344
2026-07-30 16:44:25.544 | INFO     | llmc.compression.quantization.gptq:update_layer_with_transformed_weights:184 - error 32.61680603027344
2026-07-30 16:44:25.580 | INFO     | llmc.models.base_model:replace_module_subset:432 - replace >>> self_attn.o_proj in 4-th block
2026-07-30 16:44:25.580 | INFO     | llmc.models.base_model:replace_module_subset:432 - replace >>> self_attn.o_proj in 4-th block
2026-07-30 16:44:26.148 | INFO     | llmc.compression.quantization.base_blockwise_quantization:block_transform:493 - subset: {'layers': {'mlp.gate_proj': Linear(in_features=2048, out_features=8192, bias=False), 'mlp.up_proj': Linear(in_features=2048, out_features=8192, bias=False)}, 'prev_op': [LlamaRMSNorm((2048,), eps=1e-05)], 'input': ['mlp.gate_proj'], 'inspect': LlamaMLP(
  (gate_proj): Linear(in_features=2048, out_features=8192, bias=False)
  (up_proj): Linear(in_features=2048, out_features=8192, bias=False)
  (down_proj): Linear(in_features=8192, out_features=2048, bias=False)
  (act_fn): SiLUActivation()
), 'has_kwargs': False, 'is_mlp': True}
2026-07-30 16:44:26.148 | INFO     | llmc.compression.quantization.base_blockwise_quantization:block_transform:493 - subset: {'layers': {'mlp.gate_proj': Linear(in_features=2048, out_features=8192, bias=False), 'mlp.up_proj': Linear(in_features=2048, out_features=8192, bias=False)}, 'prev_op': [LlamaRMSNorm((2048,), eps=1e-05)], 'input': ['mlp.gate_proj'], 'inspect': LlamaMLP(
  (gate_proj): Linear(in_features=2048, out_features=8192, bias=False)
  (up_proj): Linear(in_features=2048, out_features=8192, bias=False)
  (down_proj): Linear(in_features=8192, out_features=2048, bias=False)
  (act_fn): SiLUActivation()
), 'has_kwargs': False, 'is_mlp': True}
2026-07-30 16:44:28.660 | INFO     | llmc.compression.quantization.gptq:update_layer_with_transformed_weights:184 - error 8422.19140625
2026-07-30 16:44:28.660 | INFO     | llmc.compression.quantization.gptq:update_layer_with_transformed_weights:184 - error 8422.19140625
2026-07-30 16:44:29.169 | INFO     | llmc.compression.quantization.gptq:update_layer_with_transformed_weights:184 - error 3841.052734375
2026-07-30 16:44:29.169 | INFO     | llmc.compression.quantization.gptq:update_layer_with_transformed_weights:184 - error 3841.052734375
2026-07-30 16:44:29.176 | INFO     | llmc.models.base_model:replace_module_subset:432 - replace >>> mlp.gate_proj in 4-th block
2026-07-30 16:44:29.176 | INFO     | llmc.models.base_model:replace_module_subset:432 - replace >>> mlp.gate_proj in 4-th block
2026-07-30 16:44:29.176 | INFO     | llmc.models.base_model:replace_module_subset:432 - replace >>> mlp.up_proj in 4-th block
2026-07-30 16:44:29.176 | INFO     | llmc.models.base_model:replace_module_subset:432 - replace >>> mlp.up_proj in 4-th block
2026-07-30 16:44:34.744 | INFO     | llmc.compression.quantization.base_blockwise_quantization:block_transform:493 - subset: {'layers': {'mlp.down_proj': Linear(in_features=8192, out_features=2048, bias=False)}, 'prev_op': [Linear(in_features=2048, out_features=8192, bias=False)], 'input': ['mlp.down_proj'], 'inspect': Linear(in_features=8192, out_features=2048, bias=False), 'has_kwargs': False, 'is_mlp': True}
2026-07-30 16:44:34.744 | INFO     | llmc.compression.quantization.base_blockwise_quantization:block_transform:493 - subset: {'layers': {'mlp.down_proj': Linear(in_features=8192, out_features=2048, bias=False)}, 'prev_op': [Linear(in_features=2048, out_features=8192, bias=False)], 'input': ['mlp.down_proj'], 'inspect': Linear(in_features=8192, out_features=2048, bias=False), 'has_kwargs': False, 'is_mlp': True}
2026-07-30 16:44:38.770 | INFO     | llmc.compression.quantization.gptq:update_layer_with_transformed_weights:184 - error 67.59229278564453
2026-07-30 16:44:38.770 | INFO     | llmc.compression.quantization.gptq:update_layer_with_transformed_weights:184 - error 67.59229278564453
2026-07-30 16:44:38.818 | INFO     | llmc.compression.quantization.base_blockwise_quantization:block_transform:523 - End transform the 4-th block
2026-07-30 16:44:38.818 | INFO     | llmc.compression.quantization.base_blockwise_quantization:block_transform:523 - End transform the 4-th block
2026-07-30 16:44:38.818 | INFO     | llmc.models.base_model:replace_module_subset:432 - replace >>> self_attn.q_proj in 4-th block
2026-07-30 16:44:38.818 | INFO     | llmc.models.base_model:replace_module_subset:432 - replace >>> self_attn.q_proj in 4-th block
2026-07-30 16:44:38.818 | INFO     | llmc.models.base_model:replace_module_subset:432 - replace >>> self_attn.k_proj in 4-th block
2026-07-30 16:44:38.818 | INFO     | llmc.models.base_model:replace_module_subset:432 - replace >>> self_attn.k_proj in 4-th block
2026-07-30 16:44:38.818 | INFO     | llmc.models.base_model:replace_module_subset:432 - replace >>> self_attn.v_proj in 4-th block
2026-07-30 16:44:38.818 | INFO     | llmc.models.base_model:replace_module_subset:432 - replace >>> self_attn.v_proj in 4-th block
2026-07-30 16:44:38.818 | INFO     | llmc.models.base_model:replace_module_subset:432 - replace >>> self_attn.o_proj in 4-th block
2026-07-30 16:44:38.818 | INFO     | llmc.models.base_model:replace_module_subset:432 - replace >>> self_attn.o_proj in 4-th block
2026-07-30 16:44:38.818 | INFO     | llmc.models.base_model:replace_module_subset:432 - replace >>> mlp.gate_proj in 4-th block
2026-07-30 16:44:38.818 | INFO     | llmc.models.base_model:replace_module_subset:432 - replace >>> mlp.gate_proj in 4-th block
2026-07-30 16:44:38.818 | INFO     | llmc.models.base_model:replace_module_subset:432 - replace >>> mlp.up_proj in 4-th block
2026-07-30 16:44:38.818 | INFO     | llmc.models.base_model:replace_module_subset:432 - replace >>> mlp.up_proj in 4-th block
2026-07-30 16:44:38.818 | INFO     | llmc.models.base_model:replace_module_subset:432 - replace >>> mlp.down_proj in 4-th block
2026-07-30 16:44:38.818 | INFO     | llmc.models.base_model:replace_module_subset:432 - replace >>> mlp.down_proj in 4-th block
2026-07-30 16:44:41.443 | INFO     | llmc.compression.blockwise_optimization:run_block_loop:36 - 
block index: 5/16 
block: LlamaDecoderLayer(
  (self_attn): LlamaAttention(
    (q_proj): Linear(in_features=2048, out_features=2048, bias=False)
    (k_proj): Linear(in_features=2048, out_features=512, bias=False)
    (v_proj): Linear(in_features=2048, out_features=512, bias=False)
    (o_proj): Linear(in_features=2048, out_features=2048, bias=False)
  )
  (mlp): LlamaMLP(
    (gate_proj): Linear(in_features=2048, out_features=8192, bias=False)
    (up_proj): Linear(in_features=2048, out_features=8192, bias=False)
    (down_proj): Linear(in_features=8192, out_features=2048, bias=False)
    (act_fn): SiLUActivation()
  )
  (input_layernorm): LlamaRMSNorm((2048,), eps=1e-05)
  (post_attention_layernorm): LlamaRMSNorm((2048,), eps=1e-05)
)
2026-07-30 16:44:41.443 | INFO     | llmc.compression.blockwise_optimization:run_block_loop:36 - 
block index: 5/16 
block: LlamaDecoderLayer(
  (self_attn): LlamaAttention(
    (q_proj): Linear(in_features=2048, out_features=2048, bias=False)
    (k_proj): Linear(in_features=2048, out_features=512, bias=False)
    (v_proj): Linear(in_features=2048, out_features=512, bias=False)
    (o_proj): Linear(in_features=2048, out_features=2048, bias=False)
  )
  (mlp): LlamaMLP(
    (gate_proj): Linear(in_features=2048, out_features=8192, bias=False)
    (up_proj): Linear(in_features=2048, out_features=8192, bias=False)
    (down_proj): Linear(in_features=8192, out_features=2048, bias=False)
    (act_fn): SiLUActivation()
  )
  (input_layernorm): LlamaRMSNorm((2048,), eps=1e-05)
  (post_attention_layernorm): LlamaRMSNorm((2048,), eps=1e-05)
)
2026-07-30 16:44:41.462 | INFO     | llmc.compression.quantization.base_blockwise_quantization:block_opt:416 - input_feat_modules: {'self_attn.q_proj': Linear(in_features=2048, out_features=2048, bias=False), 'self_attn.k_proj': Linear(in_features=2048, out_features=512, bias=False), 'self_attn.v_proj': Linear(in_features=2048, out_features=512, bias=False), 'self_attn.o_proj': Linear(in_features=2048, out_features=2048, bias=False), 'mlp.gate_proj': Linear(in_features=2048, out_features=8192, bias=False), 'mlp.up_proj': Linear(in_features=2048, out_features=8192, bias=False), 'mlp.down_proj': Linear(in_features=8192, out_features=2048, bias=False)}
2026-07-30 16:44:41.462 | INFO     | llmc.compression.quantization.base_blockwise_quantization:block_opt:416 - input_feat_modules: {'self_attn.q_proj': Linear(in_features=2048, out_features=2048, bias=False), 'self_attn.k_proj': Linear(in_features=2048, out_features=512, bias=False), 'self_attn.v_proj': Linear(in_features=2048, out_features=512, bias=False), 'self_attn.o_proj': Linear(in_features=2048, out_features=2048, bias=False), 'mlp.gate_proj': Linear(in_features=2048, out_features=8192, bias=False), 'mlp.up_proj': Linear(in_features=2048, out_features=8192, bias=False), 'mlp.down_proj': Linear(in_features=8192, out_features=2048, bias=False)}
2026-07-30 16:44:47.506 | INFO     | llmc.compression.quantization.base_blockwise_quantization:block_transform:484 - Start transform the 5-th block
2026-07-30 16:44:47.506 | INFO     | llmc.compression.quantization.base_blockwise_quantization:block_transform:484 - Start transform the 5-th block
2026-07-30 16:44:47.506 | INFO     | llmc.compression.quantization.base_blockwise_quantization:block_transform:493 - subset: {'layers': {'self_attn.q_proj': Linear(in_features=2048, out_features=2048, bias=False), 'self_attn.k_proj': Linear(in_features=2048, out_features=512, bias=False), 'self_attn.v_proj': Linear(in_features=2048, out_features=512, bias=False)}, 'prev_op': [LlamaRMSNorm((2048,), eps=1e-05)], 'input': ['self_attn.q_proj'], 'inspect': LlamaAttention(
  (q_proj): Linear(in_features=2048, out_features=2048, bias=False)
  (k_proj): Linear(in_features=2048, out_features=512, bias=False)
  (v_proj): Linear(in_features=2048, out_features=512, bias=False)
  (o_proj): Linear(in_features=2048, out_features=2048, bias=False)
), 'has_kwargs': True}
2026-07-30 16:44:47.506 | INFO     | llmc.compression.quantization.base_blockwise_quantization:block_transform:493 - subset: {'layers': {'self_attn.q_proj': Linear(in_features=2048, out_features=2048, bias=False), 'self_attn.k_proj': Linear(in_features=2048, out_features=512, bias=False), 'self_attn.v_proj': Linear(in_features=2048, out_features=512, bias=False)}, 'prev_op': [LlamaRMSNorm((2048,), eps=1e-05)], 'input': ['self_attn.q_proj'], 'inspect': LlamaAttention(
  (q_proj): Linear(in_features=2048, out_features=2048, bias=False)
  (k_proj): Linear(in_features=2048, out_features=512, bias=False)
  (v_proj): Linear(in_features=2048, out_features=512, bias=False)
  (o_proj): Linear(in_features=2048, out_features=2048, bias=False)
), 'has_kwargs': True}
2026-07-30 16:44:47.914 | INFO     | llmc.compression.quantization.gptq:update_layer_with_transformed_weights:184 - error 5705.052734375
2026-07-30 16:44:47.914 | INFO     | llmc.compression.quantization.gptq:update_layer_with_transformed_weights:184 - error 5705.052734375
2026-07-30 16:44:50.351 | INFO     | llmc.compression.quantization.gptq:update_layer_with_transformed_weights:184 - error 3176.220703125
2026-07-30 16:44:50.351 | INFO     | llmc.compression.quantization.gptq:update_layer_with_transformed_weights:184 - error 3176.220703125
2026-07-30 16:44:50.752 | INFO     | llmc.compression.quantization.gptq:update_layer_with_transformed_weights:184 - error 225.15231323242188
2026-07-30 16:44:50.752 | INFO     | llmc.compression.quantization.gptq:update_layer_with_transformed_weights:184 - error 225.15231323242188
2026-07-30 16:44:50.753 | INFO     | llmc.models.base_model:replace_module_subset:432 - replace >>> self_attn.q_proj in 5-th block
2026-07-30 16:44:50.753 | INFO     | llmc.models.base_model:replace_module_subset:432 - replace >>> self_attn.q_proj in 5-th block
2026-07-30 16:44:50.753 | INFO     | llmc.models.base_model:replace_module_subset:432 - replace >>> self_attn.k_proj in 5-th block
2026-07-30 16:44:50.753 | INFO     | llmc.models.base_model:replace_module_subset:432 - replace >>> self_attn.k_proj in 5-th block
2026-07-30 16:44:50.753 | INFO     | llmc.models.base_model:replace_module_subset:432 - replace >>> self_attn.v_proj in 5-th block
2026-07-30 16:44:50.753 | INFO     | llmc.models.base_model:replace_module_subset:432 - replace >>> self_attn.v_proj in 5-th block
2026-07-30 16:44:53.303 | INFO     | llmc.compression.quantization.base_blockwise_quantization:block_transform:493 - subset: {'layers': {'self_attn.o_proj': Linear(in_features=2048, out_features=2048, bias=False)}, 'prev_op': [Linear(in_features=2048, out_features=512, bias=False)], 'input': ['self_attn.o_proj'], 'inspect': Linear(in_features=2048, out_features=2048, bias=False), 'has_kwargs': False}
2026-07-30 16:44:53.303 | INFO     | llmc.compression.quantization.base_blockwise_quantization:block_transform:493 - subset: {'layers': {'self_attn.o_proj': Linear(in_features=2048, out_features=2048, bias=False)}, 'prev_op': [Linear(in_features=2048, out_features=512, bias=False)], 'input': ['self_attn.o_proj'], 'inspect': Linear(in_features=2048, out_features=2048, bias=False), 'has_kwargs': False}
2026-07-30 16:44:53.745 | INFO     | llmc.compression.quantization.gptq:update_layer_with_transformed_weights:184 - error 31.581703186035156
2026-07-30 16:44:53.745 | INFO     | llmc.compression.quantization.gptq:update_layer_with_transformed_weights:184 - error 31.581703186035156
2026-07-30 16:44:53.747 | INFO     | llmc.models.base_model:replace_module_subset:432 - replace >>> self_attn.o_proj in 5-th block
2026-07-30 16:44:53.747 | INFO     | llmc.models.base_model:replace_module_subset:432 - replace >>> self_attn.o_proj in 5-th block
2026-07-30 16:44:56.327 | INFO     | llmc.compression.quantization.base_blockwise_quantization:block_transform:493 - subset: {'layers': {'mlp.gate_proj': Linear(in_features=2048, out_features=8192, bias=False), 'mlp.up_proj': Linear(in_features=2048, out_features=8192, bias=False)}, 'prev_op': [LlamaRMSNorm((2048,), eps=1e-05)], 'input': ['mlp.gate_proj'], 'inspect': LlamaMLP(
  (gate_proj): Linear(in_features=2048, out_features=8192, bias=False)
  (up_proj): Linear(in_features=2048, out_features=8192, bias=False)
  (down_proj): Linear(in_features=8192, out_features=2048, bias=False)
  (act_fn): SiLUActivation()
), 'has_kwargs': False, 'is_mlp': True}
2026-07-30 16:44:56.327 | INFO     | llmc.compression.quantization.base_blockwise_quantization:block_transform:493 - subset: {'layers': {'mlp.gate_proj': Linear(in_features=2048, out_features=8192, bias=False), 'mlp.up_proj': Linear(in_features=2048, out_features=8192, bias=False)}, 'prev_op': [LlamaRMSNorm((2048,), eps=1e-05)], 'input': ['mlp.gate_proj'], 'inspect': LlamaMLP(
  (gate_proj): Linear(in_features=2048, out_features=8192, bias=False)
  (up_proj): Linear(in_features=2048, out_features=8192, bias=False)
  (down_proj): Linear(in_features=8192, out_features=2048, bias=False)
  (act_fn): SiLUActivation()
), 'has_kwargs': False, 'is_mlp': True}
2026-07-30 16:44:56.762 | INFO     | llmc.compression.quantization.gptq:update_layer_with_transformed_weights:184 - error 7645.935546875
2026-07-30 16:44:56.762 | INFO     | llmc.compression.quantization.gptq:update_layer_with_transformed_weights:184 - error 7645.935546875
2026-07-30 16:44:59.250 | INFO     | llmc.compression.quantization.gptq:update_layer_with_transformed_weights:184 - error 4078.05712890625
2026-07-30 16:44:59.250 | INFO     | llmc.compression.quantization.gptq:update_layer_with_transformed_weights:184 - error 4078.05712890625
2026-07-30 16:44:59.260 | INFO     | llmc.models.base_model:replace_module_subset:432 - replace >>> mlp.gate_proj in 5-th block
2026-07-30 16:44:59.260 | INFO     | llmc.models.base_model:replace_module_subset:432 - replace >>> mlp.gate_proj in 5-th block
2026-07-30 16:44:59.260 | INFO     | llmc.models.base_model:replace_module_subset:432 - replace >>> mlp.up_proj in 5-th block
2026-07-30 16:44:59.260 | INFO     | llmc.models.base_model:replace_module_subset:432 - replace >>> mlp.up_proj in 5-th block
2026-07-30 16:45:02.982 | INFO     | llmc.compression.quantization.base_blockwise_quantization:block_transform:493 - subset: {'layers': {'mlp.down_proj': Linear(in_features=8192, out_features=2048, bias=False)}, 'prev_op': [Linear(in_features=2048, out_features=8192, bias=False)], 'input': ['mlp.down_proj'], 'inspect': Linear(in_features=8192, out_features=2048, bias=False), 'has_kwargs': False, 'is_mlp': True}
2026-07-30 16:45:02.982 | INFO     | llmc.compression.quantization.base_blockwise_quantization:block_transform:493 - subset: {'layers': {'mlp.down_proj': Linear(in_features=8192, out_features=2048, bias=False)}, 'prev_op': [Linear(in_features=2048, out_features=8192, bias=False)], 'input': ['mlp.down_proj'], 'inspect': Linear(in_features=8192, out_features=2048, bias=False), 'has_kwargs': False, 'is_mlp': True}
2026-07-30 16:45:09.980 | INFO     | llmc.compression.quantization.gptq:update_layer_with_transformed_weights:184 - error 81.44766235351562
2026-07-30 16:45:09.980 | INFO     | llmc.compression.quantization.gptq:update_layer_with_transformed_weights:184 - error 81.44766235351562
2026-07-30 16:45:10.022 | INFO     | llmc.compression.quantization.base_blockwise_quantization:block_transform:523 - End transform the 5-th block
2026-07-30 16:45:10.022 | INFO     | llmc.compression.quantization.base_blockwise_quantization:block_transform:523 - End transform the 5-th block
2026-07-30 16:45:10.022 | INFO     | llmc.models.base_model:replace_module_subset:432 - replace >>> self_attn.q_proj in 5-th block
2026-07-30 16:45:10.022 | INFO     | llmc.models.base_model:replace_module_subset:432 - replace >>> self_attn.q_proj in 5-th block
2026-07-30 16:45:10.022 | INFO     | llmc.models.base_model:replace_module_subset:432 - replace >>> self_attn.k_proj in 5-th block
2026-07-30 16:45:10.022 | INFO     | llmc.models.base_model:replace_module_subset:432 - replace >>> self_attn.k_proj in 5-th block
2026-07-30 16:45:10.022 | INFO     | llmc.models.base_model:replace_module_subset:432 - replace >>> self_attn.v_proj in 5-th block
2026-07-30 16:45:10.022 | INFO     | llmc.models.base_model:replace_module_subset:432 - replace >>> self_attn.v_proj in 5-th block
2026-07-30 16:45:10.023 | INFO     | llmc.models.base_model:replace_module_subset:432 - replace >>> self_attn.o_proj in 5-th block
2026-07-30 16:45:10.023 | INFO     | llmc.models.base_model:replace_module_subset:432 - replace >>> self_attn.o_proj in 5-th block
2026-07-30 16:45:10.023 | INFO     | llmc.models.base_model:replace_module_subset:432 - replace >>> mlp.gate_proj in 5-th block
2026-07-30 16:45:10.023 | INFO     | llmc.models.base_model:replace_module_subset:432 - replace >>> mlp.gate_proj in 5-th block
2026-07-30 16:45:10.023 | INFO     | llmc.models.base_model:replace_module_subset:432 - replace >>> mlp.up_proj in 5-th block
2026-07-30 16:45:10.023 | INFO     | llmc.models.base_model:replace_module_subset:432 - replace >>> mlp.up_proj in 5-th block
2026-07-30 16:45:10.023 | INFO     | llmc.models.base_model:replace_module_subset:432 - replace >>> mlp.down_proj in 5-th block
2026-07-30 16:45:10.023 | INFO     | llmc.models.base_model:replace_module_subset:432 - replace >>> mlp.down_proj in 5-th block
2026-07-30 16:45:11.350 | INFO     | llmc.compression.blockwise_optimization:run_block_loop:36 - 
block index: 6/16 
block: LlamaDecoderLayer(
  (self_attn): LlamaAttention(
    (q_proj): Linear(in_features=2048, out_features=2048, bias=False)
    (k_proj): Linear(in_features=2048, out_features=512, bias=False)
    (v_proj): Linear(in_features=2048, out_features=512, bias=False)
    (o_proj): Linear(in_features=2048, out_features=2048, bias=False)
  )
  (mlp): LlamaMLP(
    (gate_proj): Linear(in_features=2048, out_features=8192, bias=False)
    (up_proj): Linear(in_features=2048, out_features=8192, bias=False)
    (down_proj): Linear(in_features=8192, out_features=2048, bias=False)
    (act_fn): SiLUActivation()
  )
  (input_layernorm): LlamaRMSNorm((2048,), eps=1e-05)
  (post_attention_layernorm): LlamaRMSNorm((2048,), eps=1e-05)
)
2026-07-30 16:45:11.350 | INFO     | llmc.compression.blockwise_optimization:run_block_loop:36 - 
block index: 6/16 
block: LlamaDecoderLayer(
  (self_attn): LlamaAttention(
    (q_proj): Linear(in_features=2048, out_features=2048, bias=False)
    (k_proj): Linear(in_features=2048, out_features=512, bias=False)
    (v_proj): Linear(in_features=2048, out_features=512, bias=False)
    (o_proj): Linear(in_features=2048, out_features=2048, bias=False)
  )
  (mlp): LlamaMLP(
    (gate_proj): Linear(in_features=2048, out_features=8192, bias=False)
    (up_proj): Linear(in_features=2048, out_features=8192, bias=False)
    (down_proj): Linear(in_features=8192, out_features=2048, bias=False)
    (act_fn): SiLUActivation()
  )
  (input_layernorm): LlamaRMSNorm((2048,), eps=1e-05)
  (post_attention_layernorm): LlamaRMSNorm((2048,), eps=1e-05)
)
2026-07-30 16:45:12.702 | INFO     | llmc.compression.quantization.base_blockwise_quantization:block_opt:416 - input_feat_modules: {'self_attn.q_proj': Linear(in_features=2048, out_features=2048, bias=False), 'self_attn.k_proj': Linear(in_features=2048, out_features=512, bias=False), 'self_attn.v_proj': Linear(in_features=2048, out_features=512, bias=False), 'self_attn.o_proj': Linear(in_features=2048, out_features=2048, bias=False), 'mlp.gate_proj': Linear(in_features=2048, out_features=8192, bias=False), 'mlp.up_proj': Linear(in_features=2048, out_features=8192, bias=False), 'mlp.down_proj': Linear(in_features=8192, out_features=2048, bias=False)}
2026-07-30 16:45:12.702 | INFO     | llmc.compression.quantization.base_blockwise_quantization:block_opt:416 - input_feat_modules: {'self_attn.q_proj': Linear(in_features=2048, out_features=2048, bias=False), 'self_attn.k_proj': Linear(in_features=2048, out_features=512, bias=False), 'self_attn.v_proj': Linear(in_features=2048, out_features=512, bias=False), 'self_attn.o_proj': Linear(in_features=2048, out_features=2048, bias=False), 'mlp.gate_proj': Linear(in_features=2048, out_features=8192, bias=False), 'mlp.up_proj': Linear(in_features=2048, out_features=8192, bias=False), 'mlp.down_proj': Linear(in_features=8192, out_features=2048, bias=False)}
2026-07-30 16:45:16.645 | INFO     | llmc.compression.quantization.base_blockwise_quantization:block_transform:484 - Start transform the 6-th block
2026-07-30 16:45:16.645 | INFO     | llmc.compression.quantization.base_blockwise_quantization:block_transform:484 - Start transform the 6-th block
2026-07-30 16:45:16.645 | INFO     | llmc.compression.quantization.base_blockwise_quantization:block_transform:493 - subset: {'layers': {'self_attn.q_proj': Linear(in_features=2048, out_features=2048, bias=False), 'self_attn.k_proj': Linear(in_features=2048, out_features=512, bias=False), 'self_attn.v_proj': Linear(in_features=2048, out_features=512, bias=False)}, 'prev_op': [LlamaRMSNorm((2048,), eps=1e-05)], 'input': ['self_attn.q_proj'], 'inspect': LlamaAttention(
  (q_proj): Linear(in_features=2048, out_features=2048, bias=False)
  (k_proj): Linear(in_features=2048, out_features=512, bias=False)
  (v_proj): Linear(in_features=2048, out_features=512, bias=False)
  (o_proj): Linear(in_features=2048, out_features=2048, bias=False)
), 'has_kwargs': True}
2026-07-30 16:45:16.645 | INFO     | llmc.compression.quantization.base_blockwise_quantization:block_transform:493 - subset: {'layers': {'self_attn.q_proj': Linear(in_features=2048, out_features=2048, bias=False), 'self_attn.k_proj': Linear(in_features=2048, out_features=512, bias=False), 'self_attn.v_proj': Linear(in_features=2048, out_features=512, bias=False)}, 'prev_op': [LlamaRMSNorm((2048,), eps=1e-05)], 'input': ['self_attn.q_proj'], 'inspect': LlamaAttention(
  (q_proj): Linear(in_features=2048, out_features=2048, bias=False)
  (k_proj): Linear(in_features=2048, out_features=512, bias=False)
  (v_proj): Linear(in_features=2048, out_features=512, bias=False)
  (o_proj): Linear(in_features=2048, out_features=2048, bias=False)
), 'has_kwargs': True}
2026-07-30 16:45:18.714 | INFO     | llmc.compression.quantization.gptq:update_layer_with_transformed_weights:184 - error 4326.0048828125
2026-07-30 16:45:18.714 | INFO     | llmc.compression.quantization.gptq:update_layer_with_transformed_weights:184 - error 4326.0048828125
2026-07-30 16:45:19.165 | INFO     | llmc.compression.quantization.gptq:update_layer_with_transformed_weights:184 - error 2743.74072265625
2026-07-30 16:45:19.165 | INFO     | llmc.compression.quantization.gptq:update_layer_with_transformed_weights:184 - error 2743.74072265625
2026-07-30 16:45:21.277 | INFO     | llmc.compression.quantization.gptq:update_layer_with_transformed_weights:184 - error 303.6948547363281
2026-07-30 16:45:21.277 | INFO     | llmc.compression.quantization.gptq:update_layer_with_transformed_weights:184 - error 303.6948547363281
2026-07-30 16:45:21.278 | INFO     | llmc.models.base_model:replace_module_subset:432 - replace >>> self_attn.q_proj in 6-th block
2026-07-30 16:45:21.278 | INFO     | llmc.models.base_model:replace_module_subset:432 - replace >>> self_attn.q_proj in 6-th block
2026-07-30 16:45:21.279 | INFO     | llmc.models.base_model:replace_module_subset:432 - replace >>> self_attn.k_proj in 6-th block
2026-07-30 16:45:21.279 | INFO     | llmc.models.base_model:replace_module_subset:432 - replace >>> self_attn.k_proj in 6-th block
2026-07-30 16:45:21.279 | INFO     | llmc.models.base_model:replace_module_subset:432 - replace >>> self_attn.v_proj in 6-th block
2026-07-30 16:45:21.279 | INFO     | llmc.models.base_model:replace_module_subset:432 - replace >>> self_attn.v_proj in 6-th block
2026-07-30 16:45:21.931 | INFO     | llmc.compression.quantization.base_blockwise_quantization:block_transform:493 - subset: {'layers': {'self_attn.o_proj': Linear(in_features=2048, out_features=2048, bias=False)}, 'prev_op': [Linear(in_features=2048, out_features=512, bias=False)], 'input': ['self_attn.o_proj'], 'inspect': Linear(in_features=2048, out_features=2048, bias=False), 'has_kwargs': False}
2026-07-30 16:45:21.931 | INFO     | llmc.compression.quantization.base_blockwise_quantization:block_transform:493 - subset: {'layers': {'self_attn.o_proj': Linear(in_features=2048, out_features=2048, bias=False)}, 'prev_op': [Linear(in_features=2048, out_features=512, bias=False)], 'input': ['self_attn.o_proj'], 'inspect': Linear(in_features=2048, out_features=2048, bias=False), 'has_kwargs': False}
2026-07-30 16:45:24.410 | INFO     | llmc.compression.quantization.gptq:update_layer_with_transformed_weights:184 - error 50.040367126464844
2026-07-30 16:45:24.410 | INFO     | llmc.compression.quantization.gptq:update_layer_with_transformed_weights:184 - error 50.040367126464844
2026-07-30 16:45:24.444 | INFO     | llmc.models.base_model:replace_module_subset:432 - replace >>> self_attn.o_proj in 6-th block
2026-07-30 16:45:24.444 | INFO     | llmc.models.base_model:replace_module_subset:432 - replace >>> self_attn.o_proj in 6-th block
2026-07-30 16:45:25.037 | INFO     | llmc.compression.quantization.base_blockwise_quantization:block_transform:493 - subset: {'layers': {'mlp.gate_proj': Linear(in_features=2048, out_features=8192, bias=False), 'mlp.up_proj': Linear(in_features=2048, out_features=8192, bias=False)}, 'prev_op': [LlamaRMSNorm((2048,), eps=1e-05)], 'input': ['mlp.gate_proj'], 'inspect': LlamaMLP(
  (gate_proj): Linear(in_features=2048, out_features=8192, bias=False)
  (up_proj): Linear(in_features=2048, out_features=8192, bias=False)
  (down_proj): Linear(in_features=8192, out_features=2048, bias=False)
  (act_fn): SiLUActivation()
), 'has_kwargs': False, 'is_mlp': True}
2026-07-30 16:45:25.037 | INFO     | llmc.compression.quantization.base_blockwise_quantization:block_transform:493 - subset: {'layers': {'mlp.gate_proj': Linear(in_features=2048, out_features=8192, bias=False), 'mlp.up_proj': Linear(in_features=2048, out_features=8192, bias=False)}, 'prev_op': [LlamaRMSNorm((2048,), eps=1e-05)], 'input': ['mlp.gate_proj'], 'inspect': LlamaMLP(
  (gate_proj): Linear(in_features=2048, out_features=8192, bias=False)
  (up_proj): Linear(in_features=2048, out_features=8192, bias=False)
  (down_proj): Linear(in_features=8192, out_features=2048, bias=False)
  (act_fn): SiLUActivation()
), 'has_kwargs': False, 'is_mlp': True}
2026-07-30 16:45:27.514 | INFO     | llmc.compression.quantization.gptq:update_layer_with_transformed_weights:184 - error 7647.48095703125
2026-07-30 16:45:27.514 | INFO     | llmc.compression.quantization.gptq:update_layer_with_transformed_weights:184 - error 7647.48095703125
2026-07-30 16:45:28.016 | INFO     | llmc.compression.quantization.gptq:update_layer_with_transformed_weights:184 - error 4191.71044921875
2026-07-30 16:45:28.016 | INFO     | llmc.compression.quantization.gptq:update_layer_with_transformed_weights:184 - error 4191.71044921875
2026-07-30 16:45:28.021 | INFO     | llmc.models.base_model:replace_module_subset:432 - replace >>> mlp.gate_proj in 6-th block
2026-07-30 16:45:28.021 | INFO     | llmc.models.base_model:replace_module_subset:432 - replace >>> mlp.gate_proj in 6-th block
2026-07-30 16:45:28.021 | INFO     | llmc.models.base_model:replace_module_subset:432 - replace >>> mlp.up_proj in 6-th block
2026-07-30 16:45:28.021 | INFO     | llmc.models.base_model:replace_module_subset:432 - replace >>> mlp.up_proj in 6-th block
2026-07-30 16:45:33.627 | INFO     | llmc.compression.quantization.base_blockwise_quantization:block_transform:493 - subset: {'layers': {'mlp.down_proj': Linear(in_features=8192, out_features=2048, bias=False)}, 'prev_op': [Linear(in_features=2048, out_features=8192, bias=False)], 'input': ['mlp.down_proj'], 'inspect': Linear(in_features=8192, out_features=2048, bias=False), 'has_kwargs': False, 'is_mlp': True}
2026-07-30 16:45:33.627 | INFO     | llmc.compression.quantization.base_blockwise_quantization:block_transform:493 - subset: {'layers': {'mlp.down_proj': Linear(in_features=8192, out_features=2048, bias=False)}, 'prev_op': [Linear(in_features=2048, out_features=8192, bias=False)], 'input': ['mlp.down_proj'], 'inspect': Linear(in_features=8192, out_features=2048, bias=False), 'has_kwargs': False, 'is_mlp': True}
2026-07-30 16:45:37.526 | INFO     | llmc.compression.quantization.gptq:update_layer_with_transformed_weights:184 - error 80.4512939453125
2026-07-30 16:45:37.526 | INFO     | llmc.compression.quantization.gptq:update_layer_with_transformed_weights:184 - error 80.4512939453125
2026-07-30 16:45:37.577 | INFO     | llmc.compression.quantization.base_blockwise_quantization:block_transform:523 - End transform the 6-th block
2026-07-30 16:45:37.577 | INFO     | llmc.compression.quantization.base_blockwise_quantization:block_transform:523 - End transform the 6-th block
2026-07-30 16:45:37.577 | INFO     | llmc.models.base_model:replace_module_subset:432 - replace >>> self_attn.q_proj in 6-th block
2026-07-30 16:45:37.577 | INFO     | llmc.models.base_model:replace_module_subset:432 - replace >>> self_attn.q_proj in 6-th block
2026-07-30 16:45:37.577 | INFO     | llmc.models.base_model:replace_module_subset:432 - replace >>> self_attn.k_proj in 6-th block
2026-07-30 16:45:37.577 | INFO     | llmc.models.base_model:replace_module_subset:432 - replace >>> self_attn.k_proj in 6-th block
2026-07-30 16:45:37.577 | INFO     | llmc.models.base_model:replace_module_subset:432 - replace >>> self_attn.v_proj in 6-th block
2026-07-30 16:45:37.577 | INFO     | llmc.models.base_model:replace_module_subset:432 - replace >>> self_attn.v_proj in 6-th block
2026-07-30 16:45:37.577 | INFO     | llmc.models.base_model:replace_module_subset:432 - replace >>> self_attn.o_proj in 6-th block
2026-07-30 16:45:37.577 | INFO     | llmc.models.base_model:replace_module_subset:432 - replace >>> self_attn.o_proj in 6-th block
2026-07-30 16:45:37.577 | INFO     | llmc.models.base_model:replace_module_subset:432 - replace >>> mlp.gate_proj in 6-th block
2026-07-30 16:45:37.577 | INFO     | llmc.models.base_model:replace_module_subset:432 - replace >>> mlp.gate_proj in 6-th block
2026-07-30 16:45:37.577 | INFO     | llmc.models.base_model:replace_module_subset:432 - replace >>> mlp.up_proj in 6-th block
2026-07-30 16:45:37.577 | INFO     | llmc.models.base_model:replace_module_subset:432 - replace >>> mlp.up_proj in 6-th block
2026-07-30 16:45:37.577 | INFO     | llmc.models.base_model:replace_module_subset:432 - replace >>> mlp.down_proj in 6-th block
2026-07-30 16:45:37.577 | INFO     | llmc.models.base_model:replace_module_subset:432 - replace >>> mlp.down_proj in 6-th block
2026-07-30 16:45:40.158 | INFO     | llmc.compression.blockwise_optimization:run_block_loop:36 - 
block index: 7/16 
block: LlamaDecoderLayer(
  (self_attn): LlamaAttention(
    (q_proj): Linear(in_features=2048, out_features=2048, bias=False)
    (k_proj): Linear(in_features=2048, out_features=512, bias=False)
    (v_proj): Linear(in_features=2048, out_features=512, bias=False)
    (o_proj): Linear(in_features=2048, out_features=2048, bias=False)
  )
  (mlp): LlamaMLP(
    (gate_proj): Linear(in_features=2048, out_features=8192, bias=False)
    (up_proj): Linear(in_features=2048, out_features=8192, bias=False)
    (down_proj): Linear(in_features=8192, out_features=2048, bias=False)
    (act_fn): SiLUActivation()
  )
  (input_layernorm): LlamaRMSNorm((2048,), eps=1e-05)
  (post_attention_layernorm): LlamaRMSNorm((2048,), eps=1e-05)
)
2026-07-30 16:45:40.158 | INFO     | llmc.compression.blockwise_optimization:run_block_loop:36 - 
block index: 7/16 
block: LlamaDecoderLayer(
  (self_attn): LlamaAttention(
    (q_proj): Linear(in_features=2048, out_features=2048, bias=False)
    (k_proj): Linear(in_features=2048, out_features=512, bias=False)
    (v_proj): Linear(in_features=2048, out_features=512, bias=False)
    (o_proj): Linear(in_features=2048, out_features=2048, bias=False)
  )
  (mlp): LlamaMLP(
    (gate_proj): Linear(in_features=2048, out_features=8192, bias=False)
    (up_proj): Linear(in_features=2048, out_features=8192, bias=False)
    (down_proj): Linear(in_features=8192, out_features=2048, bias=False)
    (act_fn): SiLUActivation()
  )
  (input_layernorm): LlamaRMSNorm((2048,), eps=1e-05)
  (post_attention_layernorm): LlamaRMSNorm((2048,), eps=1e-05)
)
2026-07-30 16:45:40.186 | INFO     | llmc.compression.quantization.base_blockwise_quantization:block_opt:416 - input_feat_modules: {'self_attn.q_proj': Linear(in_features=2048, out_features=2048, bias=False), 'self_attn.k_proj': Linear(in_features=2048, out_features=512, bias=False), 'self_attn.v_proj': Linear(in_features=2048, out_features=512, bias=False), 'self_attn.o_proj': Linear(in_features=2048, out_features=2048, bias=False), 'mlp.gate_proj': Linear(in_features=2048, out_features=8192, bias=False), 'mlp.up_proj': Linear(in_features=2048, out_features=8192, bias=False), 'mlp.down_proj': Linear(in_features=8192, out_features=2048, bias=False)}
2026-07-30 16:45:40.186 | INFO     | llmc.compression.quantization.base_blockwise_quantization:block_opt:416 - input_feat_modules: {'self_attn.q_proj': Linear(in_features=2048, out_features=2048, bias=False), 'self_attn.k_proj': Linear(in_features=2048, out_features=512, bias=False), 'self_attn.v_proj': Linear(in_features=2048, out_features=512, bias=False), 'self_attn.o_proj': Linear(in_features=2048, out_features=2048, bias=False), 'mlp.gate_proj': Linear(in_features=2048, out_features=8192, bias=False), 'mlp.up_proj': Linear(in_features=2048, out_features=8192, bias=False), 'mlp.down_proj': Linear(in_features=8192, out_features=2048, bias=False)}
2026-07-30 16:45:46.239 | INFO     | llmc.compression.quantization.base_blockwise_quantization:block_transform:484 - Start transform the 7-th block
2026-07-30 16:45:46.239 | INFO     | llmc.compression.quantization.base_blockwise_quantization:block_transform:484 - Start transform the 7-th block
2026-07-30 16:45:46.240 | INFO     | llmc.compression.quantization.base_blockwise_quantization:block_transform:493 - subset: {'layers': {'self_attn.q_proj': Linear(in_features=2048, out_features=2048, bias=False), 'self_attn.k_proj': Linear(in_features=2048, out_features=512, bias=False), 'self_attn.v_proj': Linear(in_features=2048, out_features=512, bias=False)}, 'prev_op': [LlamaRMSNorm((2048,), eps=1e-05)], 'input': ['self_attn.q_proj'], 'inspect': LlamaAttention(
  (q_proj): Linear(in_features=2048, out_features=2048, bias=False)
  (k_proj): Linear(in_features=2048, out_features=512, bias=False)
  (v_proj): Linear(in_features=2048, out_features=512, bias=False)
  (o_proj): Linear(in_features=2048, out_features=2048, bias=False)
), 'has_kwargs': True}
2026-07-30 16:45:46.240 | INFO     | llmc.compression.quantization.base_blockwise_quantization:block_transform:493 - subset: {'layers': {'self_attn.q_proj': Linear(in_features=2048, out_features=2048, bias=False), 'self_attn.k_proj': Linear(in_features=2048, out_features=512, bias=False), 'self_attn.v_proj': Linear(in_features=2048, out_features=512, bias=False)}, 'prev_op': [LlamaRMSNorm((2048,), eps=1e-05)], 'input': ['self_attn.q_proj'], 'inspect': LlamaAttention(
  (q_proj): Linear(in_features=2048, out_features=2048, bias=False)
  (k_proj): Linear(in_features=2048, out_features=512, bias=False)
  (v_proj): Linear(in_features=2048, out_features=512, bias=False)
  (o_proj): Linear(in_features=2048, out_features=2048, bias=False)
), 'has_kwargs': True}
2026-07-30 16:45:46.686 | INFO     | llmc.compression.quantization.gptq:update_layer_with_transformed_weights:184 - error 5223.9169921875
2026-07-30 16:45:46.686 | INFO     | llmc.compression.quantization.gptq:update_layer_with_transformed_weights:184 - error 5223.9169921875
2026-07-30 16:45:49.075 | INFO     | llmc.compression.quantization.gptq:update_layer_with_transformed_weights:184 - error 2779.8603515625
2026-07-30 16:45:49.075 | INFO     | llmc.compression.quantization.gptq:update_layer_with_transformed_weights:184 - error 2779.8603515625
2026-07-30 16:45:49.511 | INFO     | llmc.compression.quantization.gptq:update_layer_with_transformed_weights:184 - error 352.3927001953125
2026-07-30 16:45:49.511 | INFO     | llmc.compression.quantization.gptq:update_layer_with_transformed_weights:184 - error 352.3927001953125
2026-07-30 16:45:49.512 | INFO     | llmc.models.base_model:replace_module_subset:432 - replace >>> self_attn.q_proj in 7-th block
2026-07-30 16:45:49.512 | INFO     | llmc.models.base_model:replace_module_subset:432 - replace >>> self_attn.q_proj in 7-th block
2026-07-30 16:45:49.512 | INFO     | llmc.models.base_model:replace_module_subset:432 - replace >>> self_attn.k_proj in 7-th block
2026-07-30 16:45:49.512 | INFO     | llmc.models.base_model:replace_module_subset:432 - replace >>> self_attn.k_proj in 7-th block
2026-07-30 16:45:49.512 | INFO     | llmc.models.base_model:replace_module_subset:432 - replace >>> self_attn.v_proj in 7-th block
2026-07-30 16:45:49.512 | INFO     | llmc.models.base_model:replace_module_subset:432 - replace >>> self_attn.v_proj in 7-th block
2026-07-30 16:45:52.023 | INFO     | llmc.compression.quantization.base_blockwise_quantization:block_transform:493 - subset: {'layers': {'self_attn.o_proj': Linear(in_features=2048, out_features=2048, bias=False)}, 'prev_op': [Linear(in_features=2048, out_features=512, bias=False)], 'input': ['self_attn.o_proj'], 'inspect': Linear(in_features=2048, out_features=2048, bias=False), 'has_kwargs': False}
2026-07-30 16:45:52.023 | INFO     | llmc.compression.quantization.base_blockwise_quantization:block_transform:493 - subset: {'layers': {'self_attn.o_proj': Linear(in_features=2048, out_features=2048, bias=False)}, 'prev_op': [Linear(in_features=2048, out_features=512, bias=False)], 'input': ['self_attn.o_proj'], 'inspect': Linear(in_features=2048, out_features=2048, bias=False), 'has_kwargs': False}
2026-07-30 16:45:52.452 | INFO     | llmc.compression.quantization.gptq:update_layer_with_transformed_weights:184 - error 46.074520111083984
2026-07-30 16:45:52.452 | INFO     | llmc.compression.quantization.gptq:update_layer_with_transformed_weights:184 - error 46.074520111083984
2026-07-30 16:45:52.454 | INFO     | llmc.models.base_model:replace_module_subset:432 - replace >>> self_attn.o_proj in 7-th block
2026-07-30 16:45:52.454 | INFO     | llmc.models.base_model:replace_module_subset:432 - replace >>> self_attn.o_proj in 7-th block
2026-07-30 16:45:55.051 | INFO     | llmc.compression.quantization.base_blockwise_quantization:block_transform:493 - subset: {'layers': {'mlp.gate_proj': Linear(in_features=2048, out_features=8192, bias=False), 'mlp.up_proj': Linear(in_features=2048, out_features=8192, bias=False)}, 'prev_op': [LlamaRMSNorm((2048,), eps=1e-05)], 'input': ['mlp.gate_proj'], 'inspect': LlamaMLP(
  (gate_proj): Linear(in_features=2048, out_features=8192, bias=False)
  (up_proj): Linear(in_features=2048, out_features=8192, bias=False)
  (down_proj): Linear(in_features=8192, out_features=2048, bias=False)
  (act_fn): SiLUActivation()
), 'has_kwargs': False, 'is_mlp': True}
2026-07-30 16:45:55.051 | INFO     | llmc.compression.quantization.base_blockwise_quantization:block_transform:493 - subset: {'layers': {'mlp.gate_proj': Linear(in_features=2048, out_features=8192, bias=False), 'mlp.up_proj': Linear(in_features=2048, out_features=8192, bias=False)}, 'prev_op': [LlamaRMSNorm((2048,), eps=1e-05)], 'input': ['mlp.gate_proj'], 'inspect': LlamaMLP(
  (gate_proj): Linear(in_features=2048, out_features=8192, bias=False)
  (up_proj): Linear(in_features=2048, out_features=8192, bias=False)
  (down_proj): Linear(in_features=8192, out_features=2048, bias=False)
  (act_fn): SiLUActivation()
), 'has_kwargs': False, 'is_mlp': True}
2026-07-30 16:45:55.505 | INFO     | llmc.compression.quantization.gptq:update_layer_with_transformed_weights:184 - error 7150.36767578125
2026-07-30 16:45:55.505 | INFO     | llmc.compression.quantization.gptq:update_layer_with_transformed_weights:184 - error 7150.36767578125
2026-07-30 16:45:58.049 | INFO     | llmc.compression.quantization.gptq:update_layer_with_transformed_weights:184 - error 4355.9521484375
2026-07-30 16:45:58.049 | INFO     | llmc.compression.quantization.gptq:update_layer_with_transformed_weights:184 - error 4355.9521484375
2026-07-30 16:45:58.058 | INFO     | llmc.models.base_model:replace_module_subset:432 - replace >>> mlp.gate_proj in 7-th block
2026-07-30 16:45:58.058 | INFO     | llmc.models.base_model:replace_module_subset:432 - replace >>> mlp.gate_proj in 7-th block
2026-07-30 16:45:58.058 | INFO     | llmc.models.base_model:replace_module_subset:432 - replace >>> mlp.up_proj in 7-th block
2026-07-30 16:45:58.058 | INFO     | llmc.models.base_model:replace_module_subset:432 - replace >>> mlp.up_proj in 7-th block
2026-07-30 16:46:01.754 | INFO     | llmc.compression.quantization.base_blockwise_quantization:block_transform:493 - subset: {'layers': {'mlp.down_proj': Linear(in_features=8192, out_features=2048, bias=False)}, 'prev_op': [Linear(in_features=2048, out_features=8192, bias=False)], 'input': ['mlp.down_proj'], 'inspect': Linear(in_features=8192, out_features=2048, bias=False), 'has_kwargs': False, 'is_mlp': True}
2026-07-30 16:46:01.754 | INFO     | llmc.compression.quantization.base_blockwise_quantization:block_transform:493 - subset: {'layers': {'mlp.down_proj': Linear(in_features=8192, out_features=2048, bias=False)}, 'prev_op': [Linear(in_features=2048, out_features=8192, bias=False)], 'input': ['mlp.down_proj'], 'inspect': Linear(in_features=8192, out_features=2048, bias=False), 'has_kwargs': False, 'is_mlp': True}
2026-07-30 16:46:08.822 | INFO     | llmc.compression.quantization.gptq:update_layer_with_transformed_weights:184 - error 89.87435913085938
2026-07-30 16:46:08.822 | INFO     | llmc.compression.quantization.gptq:update_layer_with_transformed_weights:184 - error 89.87435913085938
2026-07-30 16:46:08.863 | INFO     | llmc.compression.quantization.base_blockwise_quantization:block_transform:523 - End transform the 7-th block
2026-07-30 16:46:08.863 | INFO     | llmc.compression.quantization.base_blockwise_quantization:block_transform:523 - End transform the 7-th block
2026-07-30 16:46:08.864 | INFO     | llmc.models.base_model:replace_module_subset:432 - replace >>> self_attn.q_proj in 7-th block
2026-07-30 16:46:08.864 | INFO     | llmc.models.base_model:replace_module_subset:432 - replace >>> self_attn.q_proj in 7-th block
2026-07-30 16:46:08.864 | INFO     | llmc.models.base_model:replace_module_subset:432 - replace >>> self_attn.k_proj in 7-th block
2026-07-30 16:46:08.864 | INFO     | llmc.models.base_model:replace_module_subset:432 - replace >>> self_attn.k_proj in 7-th block
2026-07-30 16:46:08.864 | INFO     | llmc.models.base_model:replace_module_subset:432 - replace >>> self_attn.v_proj in 7-th block
2026-07-30 16:46:08.864 | INFO     | llmc.models.base_model:replace_module_subset:432 - replace >>> self_attn.v_proj in 7-th block
2026-07-30 16:46:08.864 | INFO     | llmc.models.base_model:replace_module_subset:432 - replace >>> self_attn.o_proj in 7-th block
2026-07-30 16:46:08.864 | INFO     | llmc.models.base_model:replace_module_subset:432 - replace >>> self_attn.o_proj in 7-th block
2026-07-30 16:46:08.864 | INFO     | llmc.models.base_model:replace_module_subset:432 - replace >>> mlp.gate_proj in 7-th block
2026-07-30 16:46:08.864 | INFO     | llmc.models.base_model:replace_module_subset:432 - replace >>> mlp.gate_proj in 7-th block
2026-07-30 16:46:08.864 | INFO     | llmc.models.base_model:replace_module_subset:432 - replace >>> mlp.up_proj in 7-th block
2026-07-30 16:46:08.864 | INFO     | llmc.models.base_model:replace_module_subset:432 - replace >>> mlp.up_proj in 7-th block
2026-07-30 16:46:08.864 | INFO     | llmc.models.base_model:replace_module_subset:432 - replace >>> mlp.down_proj in 7-th block
2026-07-30 16:46:08.864 | INFO     | llmc.models.base_model:replace_module_subset:432 - replace >>> mlp.down_proj in 7-th block
2026-07-30 16:46:10.146 | INFO     | llmc.compression.blockwise_optimization:run_block_loop:36 - 
block index: 8/16 
block: LlamaDecoderLayer(
  (self_attn): LlamaAttention(
    (q_proj): Linear(in_features=2048, out_features=2048, bias=False)
    (k_proj): Linear(in_features=2048, out_features=512, bias=False)
    (v_proj): Linear(in_features=2048, out_features=512, bias=False)
    (o_proj): Linear(in_features=2048, out_features=2048, bias=False)
  )
  (mlp): LlamaMLP(
    (gate_proj): Linear(in_features=2048, out_features=8192, bias=False)
    (up_proj): Linear(in_features=2048, out_features=8192, bias=False)
    (down_proj): Linear(in_features=8192, out_features=2048, bias=False)
    (act_fn): SiLUActivation()
  )
  (input_layernorm): LlamaRMSNorm((2048,), eps=1e-05)
  (post_attention_layernorm): LlamaRMSNorm((2048,), eps=1e-05)
)
2026-07-30 16:46:10.146 | INFO     | llmc.compression.blockwise_optimization:run_block_loop:36 - 
block index: 8/16 
block: LlamaDecoderLayer(
  (self_attn): LlamaAttention(
    (q_proj): Linear(in_features=2048, out_features=2048, bias=False)
    (k_proj): Linear(in_features=2048, out_features=512, bias=False)
    (v_proj): Linear(in_features=2048, out_features=512, bias=False)
    (o_proj): Linear(in_features=2048, out_features=2048, bias=False)
  )
  (mlp): LlamaMLP(
    (gate_proj): Linear(in_features=2048, out_features=8192, bias=False)
    (up_proj): Linear(in_features=2048, out_features=8192, bias=False)
    (down_proj): Linear(in_features=8192, out_features=2048, bias=False)
    (act_fn): SiLUActivation()
  )
  (input_layernorm): LlamaRMSNorm((2048,), eps=1e-05)
  (post_attention_layernorm): LlamaRMSNorm((2048,), eps=1e-05)
)
2026-07-30 16:46:11.501 | INFO     | llmc.compression.quantization.base_blockwise_quantization:block_opt:416 - input_feat_modules: {'self_attn.q_proj': Linear(in_features=2048, out_features=2048, bias=False), 'self_attn.k_proj': Linear(in_features=2048, out_features=512, bias=False), 'self_attn.v_proj': Linear(in_features=2048, out_features=512, bias=False), 'self_attn.o_proj': Linear(in_features=2048, out_features=2048, bias=False), 'mlp.gate_proj': Linear(in_features=2048, out_features=8192, bias=False), 'mlp.up_proj': Linear(in_features=2048, out_features=8192, bias=False), 'mlp.down_proj': Linear(in_features=8192, out_features=2048, bias=False)}
2026-07-30 16:46:11.501 | INFO     | llmc.compression.quantization.base_blockwise_quantization:block_opt:416 - input_feat_modules: {'self_attn.q_proj': Linear(in_features=2048, out_features=2048, bias=False), 'self_attn.k_proj': Linear(in_features=2048, out_features=512, bias=False), 'self_attn.v_proj': Linear(in_features=2048, out_features=512, bias=False), 'self_attn.o_proj': Linear(in_features=2048, out_features=2048, bias=False), 'mlp.gate_proj': Linear(in_features=2048, out_features=8192, bias=False), 'mlp.up_proj': Linear(in_features=2048, out_features=8192, bias=False), 'mlp.down_proj': Linear(in_features=8192, out_features=2048, bias=False)}
2026-07-30 16:46:15.443 | INFO     | llmc.compression.quantization.base_blockwise_quantization:block_transform:484 - Start transform the 8-th block
2026-07-30 16:46:15.443 | INFO     | llmc.compression.quantization.base_blockwise_quantization:block_transform:484 - Start transform the 8-th block
2026-07-30 16:46:15.443 | INFO     | llmc.compression.quantization.base_blockwise_quantization:block_transform:493 - subset: {'layers': {'self_attn.q_proj': Linear(in_features=2048, out_features=2048, bias=False), 'self_attn.k_proj': Linear(in_features=2048, out_features=512, bias=False), 'self_attn.v_proj': Linear(in_features=2048, out_features=512, bias=False)}, 'prev_op': [LlamaRMSNorm((2048,), eps=1e-05)], 'input': ['self_attn.q_proj'], 'inspect': LlamaAttention(
  (q_proj): Linear(in_features=2048, out_features=2048, bias=False)
  (k_proj): Linear(in_features=2048, out_features=512, bias=False)
  (v_proj): Linear(in_features=2048, out_features=512, bias=False)
  (o_proj): Linear(in_features=2048, out_features=2048, bias=False)
), 'has_kwargs': True}
2026-07-30 16:46:15.443 | INFO     | llmc.compression.quantization.base_blockwise_quantization:block_transform:493 - subset: {'layers': {'self_attn.q_proj': Linear(in_features=2048, out_features=2048, bias=False), 'self_attn.k_proj': Linear(in_features=2048, out_features=512, bias=False), 'self_attn.v_proj': Linear(in_features=2048, out_features=512, bias=False)}, 'prev_op': [LlamaRMSNorm((2048,), eps=1e-05)], 'input': ['self_attn.q_proj'], 'inspect': LlamaAttention(
  (q_proj): Linear(in_features=2048, out_features=2048, bias=False)
  (k_proj): Linear(in_features=2048, out_features=512, bias=False)
  (v_proj): Linear(in_features=2048, out_features=512, bias=False)
  (o_proj): Linear(in_features=2048, out_features=2048, bias=False)
), 'has_kwargs': True}
2026-07-30 16:46:17.513 | INFO     | llmc.compression.quantization.gptq:update_layer_with_transformed_weights:184 - error 5480.03125
2026-07-30 16:46:17.513 | INFO     | llmc.compression.quantization.gptq:update_layer_with_transformed_weights:184 - error 5480.03125
2026-07-30 16:46:17.944 | INFO     | llmc.compression.quantization.gptq:update_layer_with_transformed_weights:184 - error 3337.89453125
2026-07-30 16:46:17.944 | INFO     | llmc.compression.quantization.gptq:update_layer_with_transformed_weights:184 - error 3337.89453125
2026-07-30 16:46:18.354 | INFO     | llmc.compression.quantization.gptq:update_layer_with_transformed_weights:184 - error 335.3124694824219
2026-07-30 16:46:18.354 | INFO     | llmc.compression.quantization.gptq:update_layer_with_transformed_weights:184 - error 335.3124694824219
2026-07-30 16:46:18.354 | INFO     | llmc.models.base_model:replace_module_subset:432 - replace >>> self_attn.q_proj in 8-th block
2026-07-30 16:46:18.354 | INFO     | llmc.models.base_model:replace_module_subset:432 - replace >>> self_attn.q_proj in 8-th block
2026-07-30 16:46:18.354 | INFO     | llmc.models.base_model:replace_module_subset:432 - replace >>> self_attn.k_proj in 8-th block
2026-07-30 16:46:18.354 | INFO     | llmc.models.base_model:replace_module_subset:432 - replace >>> self_attn.k_proj in 8-th block
2026-07-30 16:46:18.354 | INFO     | llmc.models.base_model:replace_module_subset:432 - replace >>> self_attn.v_proj in 8-th block
2026-07-30 16:46:18.354 | INFO     | llmc.models.base_model:replace_module_subset:432 - replace >>> self_attn.v_proj in 8-th block
2026-07-30 16:46:20.566 | INFO     | llmc.compression.quantization.base_blockwise_quantization:block_transform:493 - subset: {'layers': {'self_attn.o_proj': Linear(in_features=2048, out_features=2048, bias=False)}, 'prev_op': [Linear(in_features=2048, out_features=512, bias=False)], 'input': ['self_attn.o_proj'], 'inspect': Linear(in_features=2048, out_features=2048, bias=False), 'has_kwargs': False}
2026-07-30 16:46:20.566 | INFO     | llmc.compression.quantization.base_blockwise_quantization:block_transform:493 - subset: {'layers': {'self_attn.o_proj': Linear(in_features=2048, out_features=2048, bias=False)}, 'prev_op': [Linear(in_features=2048, out_features=512, bias=False)], 'input': ['self_attn.o_proj'], 'inspect': Linear(in_features=2048, out_features=2048, bias=False), 'has_kwargs': False}
2026-07-30 16:46:20.995 | INFO     | llmc.compression.quantization.gptq:update_layer_with_transformed_weights:184 - error 64.74595642089844
2026-07-30 16:46:20.995 | INFO     | llmc.compression.quantization.gptq:update_layer_with_transformed_weights:184 - error 64.74595642089844
2026-07-30 16:46:21.569 | INFO     | llmc.models.base_model:replace_module_subset:432 - replace >>> self_attn.o_proj in 8-th block
2026-07-30 16:46:21.569 | INFO     | llmc.models.base_model:replace_module_subset:432 - replace >>> self_attn.o_proj in 8-th block
2026-07-30 16:46:23.539 | INFO     | llmc.compression.quantization.base_blockwise_quantization:block_transform:493 - subset: {'layers': {'mlp.gate_proj': Linear(in_features=2048, out_features=8192, bias=False), 'mlp.up_proj': Linear(in_features=2048, out_features=8192, bias=False)}, 'prev_op': [LlamaRMSNorm((2048,), eps=1e-05)], 'input': ['mlp.gate_proj'], 'inspect': LlamaMLP(
  (gate_proj): Linear(in_features=2048, out_features=8192, bias=False)
  (up_proj): Linear(in_features=2048, out_features=8192, bias=False)
  (down_proj): Linear(in_features=8192, out_features=2048, bias=False)
  (act_fn): SiLUActivation()
), 'has_kwargs': False, 'is_mlp': True}
2026-07-30 16:46:23.539 | INFO     | llmc.compression.quantization.base_blockwise_quantization:block_transform:493 - subset: {'layers': {'mlp.gate_proj': Linear(in_features=2048, out_features=8192, bias=False), 'mlp.up_proj': Linear(in_features=2048, out_features=8192, bias=False)}, 'prev_op': [LlamaRMSNorm((2048,), eps=1e-05)], 'input': ['mlp.gate_proj'], 'inspect': LlamaMLP(
  (gate_proj): Linear(in_features=2048, out_features=8192, bias=False)
  (up_proj): Linear(in_features=2048, out_features=8192, bias=False)
  (down_proj): Linear(in_features=8192, out_features=2048, bias=False)
  (act_fn): SiLUActivation()
), 'has_kwargs': False, 'is_mlp': True}
2026-07-30 16:46:25.925 | INFO     | llmc.compression.quantization.gptq:update_layer_with_transformed_weights:184 - error 7784.90625
2026-07-30 16:46:25.925 | INFO     | llmc.compression.quantization.gptq:update_layer_with_transformed_weights:184 - error 7784.90625
2026-07-30 16:46:26.405 | INFO     | llmc.compression.quantization.gptq:update_layer_with_transformed_weights:184 - error 4857.453125
2026-07-30 16:46:26.405 | INFO     | llmc.compression.quantization.gptq:update_layer_with_transformed_weights:184 - error 4857.453125
2026-07-30 16:46:26.411 | INFO     | llmc.models.base_model:replace_module_subset:432 - replace >>> mlp.gate_proj in 8-th block
2026-07-30 16:46:26.411 | INFO     | llmc.models.base_model:replace_module_subset:432 - replace >>> mlp.gate_proj in 8-th block
2026-07-30 16:46:26.412 | INFO     | llmc.models.base_model:replace_module_subset:432 - replace >>> mlp.up_proj in 8-th block
2026-07-30 16:46:26.412 | INFO     | llmc.models.base_model:replace_module_subset:432 - replace >>> mlp.up_proj in 8-th block
2026-07-30 16:46:31.966 | INFO     | llmc.compression.quantization.base_blockwise_quantization:block_transform:493 - subset: {'layers': {'mlp.down_proj': Linear(in_features=8192, out_features=2048, bias=False)}, 'prev_op': [Linear(in_features=2048, out_features=8192, bias=False)], 'input': ['mlp.down_proj'], 'inspect': Linear(in_features=8192, out_features=2048, bias=False), 'has_kwargs': False, 'is_mlp': True}
2026-07-30 16:46:31.966 | INFO     | llmc.compression.quantization.base_blockwise_quantization:block_transform:493 - subset: {'layers': {'mlp.down_proj': Linear(in_features=8192, out_features=2048, bias=False)}, 'prev_op': [Linear(in_features=2048, out_features=8192, bias=False)], 'input': ['mlp.down_proj'], 'inspect': Linear(in_features=8192, out_features=2048, bias=False), 'has_kwargs': False, 'is_mlp': True}
2026-07-30 16:46:35.839 | INFO     | llmc.compression.quantization.gptq:update_layer_with_transformed_weights:184 - error 118.25870513916016
2026-07-30 16:46:35.839 | INFO     | llmc.compression.quantization.gptq:update_layer_with_transformed_weights:184 - error 118.25870513916016
2026-07-30 16:46:35.902 | INFO     | llmc.compression.quantization.base_blockwise_quantization:block_transform:523 - End transform the 8-th block
2026-07-30 16:46:35.902 | INFO     | llmc.compression.quantization.base_blockwise_quantization:block_transform:523 - End transform the 8-th block
2026-07-30 16:46:35.902 | INFO     | llmc.models.base_model:replace_module_subset:432 - replace >>> self_attn.q_proj in 8-th block
2026-07-30 16:46:35.902 | INFO     | llmc.models.base_model:replace_module_subset:432 - replace >>> self_attn.q_proj in 8-th block
2026-07-30 16:46:35.902 | INFO     | llmc.models.base_model:replace_module_subset:432 - replace >>> self_attn.k_proj in 8-th block
2026-07-30 16:46:35.902 | INFO     | llmc.models.base_model:replace_module_subset:432 - replace >>> self_attn.k_proj in 8-th block
2026-07-30 16:46:35.902 | INFO     | llmc.models.base_model:replace_module_subset:432 - replace >>> self_attn.v_proj in 8-th block
2026-07-30 16:46:35.902 | INFO     | llmc.models.base_model:replace_module_subset:432 - replace >>> self_attn.v_proj in 8-th block
2026-07-30 16:46:35.902 | INFO     | llmc.models.base_model:replace_module_subset:432 - replace >>> self_attn.o_proj in 8-th block
2026-07-30 16:46:35.902 | INFO     | llmc.models.base_model:replace_module_subset:432 - replace >>> self_attn.o_proj in 8-th block
2026-07-30 16:46:35.902 | INFO     | llmc.models.base_model:replace_module_subset:432 - replace >>> mlp.gate_proj in 8-th block
2026-07-30 16:46:35.902 | INFO     | llmc.models.base_model:replace_module_subset:432 - replace >>> mlp.gate_proj in 8-th block
2026-07-30 16:46:35.902 | INFO     | llmc.models.base_model:replace_module_subset:432 - replace >>> mlp.up_proj in 8-th block
2026-07-30 16:46:35.902 | INFO     | llmc.models.base_model:replace_module_subset:432 - replace >>> mlp.up_proj in 8-th block
2026-07-30 16:46:35.902 | INFO     | llmc.models.base_model:replace_module_subset:432 - replace >>> mlp.down_proj in 8-th block
2026-07-30 16:46:35.902 | INFO     | llmc.models.base_model:replace_module_subset:432 - replace >>> mlp.down_proj in 8-th block
2026-07-30 16:46:38.465 | INFO     | llmc.compression.blockwise_optimization:run_block_loop:36 - 
block index: 9/16 
block: LlamaDecoderLayer(
  (self_attn): LlamaAttention(
    (q_proj): Linear(in_features=2048, out_features=2048, bias=False)
    (k_proj): Linear(in_features=2048, out_features=512, bias=False)
    (v_proj): Linear(in_features=2048, out_features=512, bias=False)
    (o_proj): Linear(in_features=2048, out_features=2048, bias=False)
  )
  (mlp): LlamaMLP(
    (gate_proj): Linear(in_features=2048, out_features=8192, bias=False)
    (up_proj): Linear(in_features=2048, out_features=8192, bias=False)
    (down_proj): Linear(in_features=8192, out_features=2048, bias=False)
    (act_fn): SiLUActivation()
  )
  (input_layernorm): LlamaRMSNorm((2048,), eps=1e-05)
  (post_attention_layernorm): LlamaRMSNorm((2048,), eps=1e-05)
)
2026-07-30 16:46:38.465 | INFO     | llmc.compression.blockwise_optimization:run_block_loop:36 - 
block index: 9/16 
block: LlamaDecoderLayer(
  (self_attn): LlamaAttention(
    (q_proj): Linear(in_features=2048, out_features=2048, bias=False)
    (k_proj): Linear(in_features=2048, out_features=512, bias=False)
    (v_proj): Linear(in_features=2048, out_features=512, bias=False)
    (o_proj): Linear(in_features=2048, out_features=2048, bias=False)
  )
  (mlp): LlamaMLP(
    (gate_proj): Linear(in_features=2048, out_features=8192, bias=False)
    (up_proj): Linear(in_features=2048, out_features=8192, bias=False)
    (down_proj): Linear(in_features=8192, out_features=2048, bias=False)
    (act_fn): SiLUActivation()
  )
  (input_layernorm): LlamaRMSNorm((2048,), eps=1e-05)
  (post_attention_layernorm): LlamaRMSNorm((2048,), eps=1e-05)
)
2026-07-30 16:46:38.488 | INFO     | llmc.compression.quantization.base_blockwise_quantization:block_opt:416 - input_feat_modules: {'self_attn.q_proj': Linear(in_features=2048, out_features=2048, bias=False), 'self_attn.k_proj': Linear(in_features=2048, out_features=512, bias=False), 'self_attn.v_proj': Linear(in_features=2048, out_features=512, bias=False), 'self_attn.o_proj': Linear(in_features=2048, out_features=2048, bias=False), 'mlp.gate_proj': Linear(in_features=2048, out_features=8192, bias=False), 'mlp.up_proj': Linear(in_features=2048, out_features=8192, bias=False), 'mlp.down_proj': Linear(in_features=8192, out_features=2048, bias=False)}
2026-07-30 16:46:38.488 | INFO     | llmc.compression.quantization.base_blockwise_quantization:block_opt:416 - input_feat_modules: {'self_attn.q_proj': Linear(in_features=2048, out_features=2048, bias=False), 'self_attn.k_proj': Linear(in_features=2048, out_features=512, bias=False), 'self_attn.v_proj': Linear(in_features=2048, out_features=512, bias=False), 'self_attn.o_proj': Linear(in_features=2048, out_features=2048, bias=False), 'mlp.gate_proj': Linear(in_features=2048, out_features=8192, bias=False), 'mlp.up_proj': Linear(in_features=2048, out_features=8192, bias=False), 'mlp.down_proj': Linear(in_features=8192, out_features=2048, bias=False)}
2026-07-30 16:46:44.499 | INFO     | llmc.compression.quantization.base_blockwise_quantization:block_transform:484 - Start transform the 9-th block
2026-07-30 16:46:44.499 | INFO     | llmc.compression.quantization.base_blockwise_quantization:block_transform:484 - Start transform the 9-th block
2026-07-30 16:46:44.500 | INFO     | llmc.compression.quantization.base_blockwise_quantization:block_transform:493 - subset: {'layers': {'self_attn.q_proj': Linear(in_features=2048, out_features=2048, bias=False), 'self_attn.k_proj': Linear(in_features=2048, out_features=512, bias=False), 'self_attn.v_proj': Linear(in_features=2048, out_features=512, bias=False)}, 'prev_op': [LlamaRMSNorm((2048,), eps=1e-05)], 'input': ['self_attn.q_proj'], 'inspect': LlamaAttention(
  (q_proj): Linear(in_features=2048, out_features=2048, bias=False)
  (k_proj): Linear(in_features=2048, out_features=512, bias=False)
  (v_proj): Linear(in_features=2048, out_features=512, bias=False)
  (o_proj): Linear(in_features=2048, out_features=2048, bias=False)
), 'has_kwargs': True}
2026-07-30 16:46:44.500 | INFO     | llmc.compression.quantization.base_blockwise_quantization:block_transform:493 - subset: {'layers': {'self_attn.q_proj': Linear(in_features=2048, out_features=2048, bias=False), 'self_attn.k_proj': Linear(in_features=2048, out_features=512, bias=False), 'self_attn.v_proj': Linear(in_features=2048, out_features=512, bias=False)}, 'prev_op': [LlamaRMSNorm((2048,), eps=1e-05)], 'input': ['self_attn.q_proj'], 'inspect': LlamaAttention(
  (q_proj): Linear(in_features=2048, out_features=2048, bias=False)
  (k_proj): Linear(in_features=2048, out_features=512, bias=False)
  (v_proj): Linear(in_features=2048, out_features=512, bias=False)
  (o_proj): Linear(in_features=2048, out_features=2048, bias=False)
), 'has_kwargs': True}
2026-07-30 16:46:44.916 | INFO     | llmc.compression.quantization.gptq:update_layer_with_transformed_weights:184 - error 6632.8818359375
2026-07-30 16:46:44.916 | INFO     | llmc.compression.quantization.gptq:update_layer_with_transformed_weights:184 - error 6632.8818359375
2026-07-30 16:46:47.325 | INFO     | llmc.compression.quantization.gptq:update_layer_with_transformed_weights:184 - error 2710.28369140625
2026-07-30 16:46:47.325 | INFO     | llmc.compression.quantization.gptq:update_layer_with_transformed_weights:184 - error 2710.28369140625
2026-07-30 16:46:47.746 | INFO     | llmc.compression.quantization.gptq:update_layer_with_transformed_weights:184 - error 402.2315368652344
2026-07-30 16:46:47.746 | INFO     | llmc.compression.quantization.gptq:update_layer_with_transformed_weights:184 - error 402.2315368652344
2026-07-30 16:46:47.747 | INFO     | llmc.models.base_model:replace_module_subset:432 - replace >>> self_attn.q_proj in 9-th block
2026-07-30 16:46:47.747 | INFO     | llmc.models.base_model:replace_module_subset:432 - replace >>> self_attn.q_proj in 9-th block
2026-07-30 16:46:47.747 | INFO     | llmc.models.base_model:replace_module_subset:432 - replace >>> self_attn.k_proj in 9-th block
2026-07-30 16:46:47.747 | INFO     | llmc.models.base_model:replace_module_subset:432 - replace >>> self_attn.k_proj in 9-th block
2026-07-30 16:46:47.747 | INFO     | llmc.models.base_model:replace_module_subset:432 - replace >>> self_attn.v_proj in 9-th block
2026-07-30 16:46:47.747 | INFO     | llmc.models.base_model:replace_module_subset:432 - replace >>> self_attn.v_proj in 9-th block
2026-07-30 16:46:48.276 | INFO     | llmc.compression.quantization.base_blockwise_quantization:block_transform:493 - subset: {'layers': {'self_attn.o_proj': Linear(in_features=2048, out_features=2048, bias=False)}, 'prev_op': [Linear(in_features=2048, out_features=512, bias=False)], 'input': ['self_attn.o_proj'], 'inspect': Linear(in_features=2048, out_features=2048, bias=False), 'has_kwargs': False}
2026-07-30 16:46:48.276 | INFO     | llmc.compression.quantization.base_blockwise_quantization:block_transform:493 - subset: {'layers': {'self_attn.o_proj': Linear(in_features=2048, out_features=2048, bias=False)}, 'prev_op': [Linear(in_features=2048, out_features=512, bias=False)], 'input': ['self_attn.o_proj'], 'inspect': Linear(in_features=2048, out_features=2048, bias=False), 'has_kwargs': False}
2026-07-30 16:46:50.739 | INFO     | llmc.compression.quantization.gptq:update_layer_with_transformed_weights:184 - error 80.56532287597656
2026-07-30 16:46:50.739 | INFO     | llmc.compression.quantization.gptq:update_layer_with_transformed_weights:184 - error 80.56532287597656
2026-07-30 16:46:50.741 | INFO     | llmc.models.base_model:replace_module_subset:432 - replace >>> self_attn.o_proj in 9-th block
2026-07-30 16:46:50.741 | INFO     | llmc.models.base_model:replace_module_subset:432 - replace >>> self_attn.o_proj in 9-th block
2026-07-30 16:46:51.292 | INFO     | llmc.compression.quantization.base_blockwise_quantization:block_transform:493 - subset: {'layers': {'mlp.gate_proj': Linear(in_features=2048, out_features=8192, bias=False), 'mlp.up_proj': Linear(in_features=2048, out_features=8192, bias=False)}, 'prev_op': [LlamaRMSNorm((2048,), eps=1e-05)], 'input': ['mlp.gate_proj'], 'inspect': LlamaMLP(
  (gate_proj): Linear(in_features=2048, out_features=8192, bias=False)
  (up_proj): Linear(in_features=2048, out_features=8192, bias=False)
  (down_proj): Linear(in_features=8192, out_features=2048, bias=False)
  (act_fn): SiLUActivation()
), 'has_kwargs': False, 'is_mlp': True}
2026-07-30 16:46:51.292 | INFO     | llmc.compression.quantization.base_blockwise_quantization:block_transform:493 - subset: {'layers': {'mlp.gate_proj': Linear(in_features=2048, out_features=8192, bias=False), 'mlp.up_proj': Linear(in_features=2048, out_features=8192, bias=False)}, 'prev_op': [LlamaRMSNorm((2048,), eps=1e-05)], 'input': ['mlp.gate_proj'], 'inspect': LlamaMLP(
  (gate_proj): Linear(in_features=2048, out_features=8192, bias=False)
  (up_proj): Linear(in_features=2048, out_features=8192, bias=False)
  (down_proj): Linear(in_features=8192, out_features=2048, bias=False)
  (act_fn): SiLUActivation()
), 'has_kwargs': False, 'is_mlp': True}
2026-07-30 16:46:53.695 | INFO     | llmc.compression.quantization.gptq:update_layer_with_transformed_weights:184 - error 8399.0986328125
2026-07-30 16:46:53.695 | INFO     | llmc.compression.quantization.gptq:update_layer_with_transformed_weights:184 - error 8399.0986328125
2026-07-30 16:46:54.148 | INFO     | llmc.compression.quantization.gptq:update_layer_with_transformed_weights:184 - error 5089.07373046875
2026-07-30 16:46:54.148 | INFO     | llmc.compression.quantization.gptq:update_layer_with_transformed_weights:184 - error 5089.07373046875
2026-07-30 16:46:54.160 | INFO     | llmc.models.base_model:replace_module_subset:432 - replace >>> mlp.gate_proj in 9-th block
2026-07-30 16:46:54.160 | INFO     | llmc.models.base_model:replace_module_subset:432 - replace >>> mlp.gate_proj in 9-th block
2026-07-30 16:46:54.160 | INFO     | llmc.models.base_model:replace_module_subset:432 - replace >>> mlp.up_proj in 9-th block
2026-07-30 16:46:54.160 | INFO     | llmc.models.base_model:replace_module_subset:432 - replace >>> mlp.up_proj in 9-th block
2026-07-30 16:46:59.875 | INFO     | llmc.compression.quantization.base_blockwise_quantization:block_transform:493 - subset: {'layers': {'mlp.down_proj': Linear(in_features=8192, out_features=2048, bias=False)}, 'prev_op': [Linear(in_features=2048, out_features=8192, bias=False)], 'input': ['mlp.down_proj'], 'inspect': Linear(in_features=8192, out_features=2048, bias=False), 'has_kwargs': False, 'is_mlp': True}
2026-07-30 16:46:59.875 | INFO     | llmc.compression.quantization.base_blockwise_quantization:block_transform:493 - subset: {'layers': {'mlp.down_proj': Linear(in_features=8192, out_features=2048, bias=False)}, 'prev_op': [Linear(in_features=2048, out_features=8192, bias=False)], 'input': ['mlp.down_proj'], 'inspect': Linear(in_features=8192, out_features=2048, bias=False), 'has_kwargs': False, 'is_mlp': True}
2026-07-30 16:47:06.744 | INFO     | llmc.compression.quantization.gptq:update_layer_with_transformed_weights:184 - error 142.04669189453125
2026-07-30 16:47:06.744 | INFO     | llmc.compression.quantization.gptq:update_layer_with_transformed_weights:184 - error 142.04669189453125
2026-07-30 16:47:06.781 | INFO     | llmc.compression.quantization.base_blockwise_quantization:block_transform:523 - End transform the 9-th block
2026-07-30 16:47:06.781 | INFO     | llmc.compression.quantization.base_blockwise_quantization:block_transform:523 - End transform the 9-th block
2026-07-30 16:47:06.781 | INFO     | llmc.models.base_model:replace_module_subset:432 - replace >>> self_attn.q_proj in 9-th block
2026-07-30 16:47:06.781 | INFO     | llmc.models.base_model:replace_module_subset:432 - replace >>> self_attn.q_proj in 9-th block
2026-07-30 16:47:06.781 | INFO     | llmc.models.base_model:replace_module_subset:432 - replace >>> self_attn.k_proj in 9-th block
2026-07-30 16:47:06.781 | INFO     | llmc.models.base_model:replace_module_subset:432 - replace >>> self_attn.k_proj in 9-th block
2026-07-30 16:47:06.781 | INFO     | llmc.models.base_model:replace_module_subset:432 - replace >>> self_attn.v_proj in 9-th block
2026-07-30 16:47:06.781 | INFO     | llmc.models.base_model:replace_module_subset:432 - replace >>> self_attn.v_proj in 9-th block
2026-07-30 16:47:06.781 | INFO     | llmc.models.base_model:replace_module_subset:432 - replace >>> self_attn.o_proj in 9-th block
2026-07-30 16:47:06.781 | INFO     | llmc.models.base_model:replace_module_subset:432 - replace >>> self_attn.o_proj in 9-th block
2026-07-30 16:47:06.781 | INFO     | llmc.models.base_model:replace_module_subset:432 - replace >>> mlp.gate_proj in 9-th block
2026-07-30 16:47:06.781 | INFO     | llmc.models.base_model:replace_module_subset:432 - replace >>> mlp.gate_proj in 9-th block
2026-07-30 16:47:06.781 | INFO     | llmc.models.base_model:replace_module_subset:432 - replace >>> mlp.up_proj in 9-th block
2026-07-30 16:47:06.781 | INFO     | llmc.models.base_model:replace_module_subset:432 - replace >>> mlp.up_proj in 9-th block
2026-07-30 16:47:06.781 | INFO     | llmc.models.base_model:replace_module_subset:432 - replace >>> mlp.down_proj in 9-th block
2026-07-30 16:47:06.781 | INFO     | llmc.models.base_model:replace_module_subset:432 - replace >>> mlp.down_proj in 9-th block
2026-07-30 16:47:07.535 | INFO     | llmc.compression.blockwise_optimization:run_block_loop:36 - 
block index: 10/16 
block: LlamaDecoderLayer(
  (self_attn): LlamaAttention(
    (q_proj): Linear(in_features=2048, out_features=2048, bias=False)
    (k_proj): Linear(in_features=2048, out_features=512, bias=False)
    (v_proj): Linear(in_features=2048, out_features=512, bias=False)
    (o_proj): Linear(in_features=2048, out_features=2048, bias=False)
  )
  (mlp): LlamaMLP(
    (gate_proj): Linear(in_features=2048, out_features=8192, bias=False)
    (up_proj): Linear(in_features=2048, out_features=8192, bias=False)
    (down_proj): Linear(in_features=8192, out_features=2048, bias=False)
    (act_fn): SiLUActivation()
  )
  (input_layernorm): LlamaRMSNorm((2048,), eps=1e-05)
  (post_attention_layernorm): LlamaRMSNorm((2048,), eps=1e-05)
)
2026-07-30 16:47:07.535 | INFO     | llmc.compression.blockwise_optimization:run_block_loop:36 - 
block index: 10/16 
block: LlamaDecoderLayer(
  (self_attn): LlamaAttention(
    (q_proj): Linear(in_features=2048, out_features=2048, bias=False)
    (k_proj): Linear(in_features=2048, out_features=512, bias=False)
    (v_proj): Linear(in_features=2048, out_features=512, bias=False)
    (o_proj): Linear(in_features=2048, out_features=2048, bias=False)
  )
  (mlp): LlamaMLP(
    (gate_proj): Linear(in_features=2048, out_features=8192, bias=False)
    (up_proj): Linear(in_features=2048, out_features=8192, bias=False)
    (down_proj): Linear(in_features=8192, out_features=2048, bias=False)
    (act_fn): SiLUActivation()
  )
  (input_layernorm): LlamaRMSNorm((2048,), eps=1e-05)
  (post_attention_layernorm): LlamaRMSNorm((2048,), eps=1e-05)
)
2026-07-30 16:47:07.555 | INFO     | llmc.compression.quantization.base_blockwise_quantization:block_opt:416 - input_feat_modules: {'self_attn.q_proj': Linear(in_features=2048, out_features=2048, bias=False), 'self_attn.k_proj': Linear(in_features=2048, out_features=512, bias=False), 'self_attn.v_proj': Linear(in_features=2048, out_features=512, bias=False), 'self_attn.o_proj': Linear(in_features=2048, out_features=2048, bias=False), 'mlp.gate_proj': Linear(in_features=2048, out_features=8192, bias=False), 'mlp.up_proj': Linear(in_features=2048, out_features=8192, bias=False), 'mlp.down_proj': Linear(in_features=8192, out_features=2048, bias=False)}
2026-07-30 16:47:07.555 | INFO     | llmc.compression.quantization.base_blockwise_quantization:block_opt:416 - input_feat_modules: {'self_attn.q_proj': Linear(in_features=2048, out_features=2048, bias=False), 'self_attn.k_proj': Linear(in_features=2048, out_features=512, bias=False), 'self_attn.v_proj': Linear(in_features=2048, out_features=512, bias=False), 'self_attn.o_proj': Linear(in_features=2048, out_features=2048, bias=False), 'mlp.gate_proj': Linear(in_features=2048, out_features=8192, bias=False), 'mlp.up_proj': Linear(in_features=2048, out_features=8192, bias=False), 'mlp.down_proj': Linear(in_features=8192, out_features=2048, bias=False)}
2026-07-30 16:47:13.207 | INFO     | llmc.compression.quantization.base_blockwise_quantization:block_transform:484 - Start transform the 10-th block
2026-07-30 16:47:13.207 | INFO     | llmc.compression.quantization.base_blockwise_quantization:block_transform:484 - Start transform the 10-th block
2026-07-30 16:47:13.207 | INFO     | llmc.compression.quantization.base_blockwise_quantization:block_transform:493 - subset: {'layers': {'self_attn.q_proj': Linear(in_features=2048, out_features=2048, bias=False), 'self_attn.k_proj': Linear(in_features=2048, out_features=512, bias=False), 'self_attn.v_proj': Linear(in_features=2048, out_features=512, bias=False)}, 'prev_op': [LlamaRMSNorm((2048,), eps=1e-05)], 'input': ['self_attn.q_proj'], 'inspect': LlamaAttention(
  (q_proj): Linear(in_features=2048, out_features=2048, bias=False)
  (k_proj): Linear(in_features=2048, out_features=512, bias=False)
  (v_proj): Linear(in_features=2048, out_features=512, bias=False)
  (o_proj): Linear(in_features=2048, out_features=2048, bias=False)
), 'has_kwargs': True}
2026-07-30 16:47:13.207 | INFO     | llmc.compression.quantization.base_blockwise_quantization:block_transform:493 - subset: {'layers': {'self_attn.q_proj': Linear(in_features=2048, out_features=2048, bias=False), 'self_attn.k_proj': Linear(in_features=2048, out_features=512, bias=False), 'self_attn.v_proj': Linear(in_features=2048, out_features=512, bias=False)}, 'prev_op': [LlamaRMSNorm((2048,), eps=1e-05)], 'input': ['self_attn.q_proj'], 'inspect': LlamaAttention(
  (q_proj): Linear(in_features=2048, out_features=2048, bias=False)
  (k_proj): Linear(in_features=2048, out_features=512, bias=False)
  (v_proj): Linear(in_features=2048, out_features=512, bias=False)
  (o_proj): Linear(in_features=2048, out_features=2048, bias=False)
), 'has_kwargs': True}
2026-07-30 16:47:13.616 | INFO     | llmc.compression.quantization.gptq:update_layer_with_transformed_weights:184 - error 7005.6318359375
2026-07-30 16:47:13.616 | INFO     | llmc.compression.quantization.gptq:update_layer_with_transformed_weights:184 - error 7005.6318359375
2026-07-30 16:47:15.595 | INFO     | llmc.compression.quantization.gptq:update_layer_with_transformed_weights:184 - error 3311.759765625
2026-07-30 16:47:15.595 | INFO     | llmc.compression.quantization.gptq:update_layer_with_transformed_weights:184 - error 3311.759765625
2026-07-30 16:47:16.029 | INFO     | llmc.compression.quantization.gptq:update_layer_with_transformed_weights:184 - error 457.0160827636719
2026-07-30 16:47:16.029 | INFO     | llmc.compression.quantization.gptq:update_layer_with_transformed_weights:184 - error 457.0160827636719
2026-07-30 16:47:16.030 | INFO     | llmc.models.base_model:replace_module_subset:432 - replace >>> self_attn.q_proj in 10-th block
2026-07-30 16:47:16.030 | INFO     | llmc.models.base_model:replace_module_subset:432 - replace >>> self_attn.q_proj in 10-th block
2026-07-30 16:47:16.030 | INFO     | llmc.models.base_model:replace_module_subset:432 - replace >>> self_attn.k_proj in 10-th block
2026-07-30 16:47:16.030 | INFO     | llmc.models.base_model:replace_module_subset:432 - replace >>> self_attn.k_proj in 10-th block
2026-07-30 16:47:16.030 | INFO     | llmc.models.base_model:replace_module_subset:432 - replace >>> self_attn.v_proj in 10-th block
2026-07-30 16:47:16.030 | INFO     | llmc.models.base_model:replace_module_subset:432 - replace >>> self_attn.v_proj in 10-th block
2026-07-30 16:47:18.519 | INFO     | llmc.compression.quantization.base_blockwise_quantization:block_transform:493 - subset: {'layers': {'self_attn.o_proj': Linear(in_features=2048, out_features=2048, bias=False)}, 'prev_op': [Linear(in_features=2048, out_features=512, bias=False)], 'input': ['self_attn.o_proj'], 'inspect': Linear(in_features=2048, out_features=2048, bias=False), 'has_kwargs': False}
2026-07-30 16:47:18.519 | INFO     | llmc.compression.quantization.base_blockwise_quantization:block_transform:493 - subset: {'layers': {'self_attn.o_proj': Linear(in_features=2048, out_features=2048, bias=False)}, 'prev_op': [Linear(in_features=2048, out_features=512, bias=False)], 'input': ['self_attn.o_proj'], 'inspect': Linear(in_features=2048, out_features=2048, bias=False), 'has_kwargs': False}
2026-07-30 16:47:18.960 | INFO     | llmc.compression.quantization.gptq:update_layer_with_transformed_weights:184 - error 59.70352554321289
2026-07-30 16:47:18.960 | INFO     | llmc.compression.quantization.gptq:update_layer_with_transformed_weights:184 - error 59.70352554321289
2026-07-30 16:47:18.983 | INFO     | llmc.models.base_model:replace_module_subset:432 - replace >>> self_attn.o_proj in 10-th block
2026-07-30 16:47:18.983 | INFO     | llmc.models.base_model:replace_module_subset:432 - replace >>> self_attn.o_proj in 10-th block
2026-07-30 16:47:21.484 | INFO     | llmc.compression.quantization.base_blockwise_quantization:block_transform:493 - subset: {'layers': {'mlp.gate_proj': Linear(in_features=2048, out_features=8192, bias=False), 'mlp.up_proj': Linear(in_features=2048, out_features=8192, bias=False)}, 'prev_op': [LlamaRMSNorm((2048,), eps=1e-05)], 'input': ['mlp.gate_proj'], 'inspect': LlamaMLP(
  (gate_proj): Linear(in_features=2048, out_features=8192, bias=False)
  (up_proj): Linear(in_features=2048, out_features=8192, bias=False)
  (down_proj): Linear(in_features=8192, out_features=2048, bias=False)
  (act_fn): SiLUActivation()
), 'has_kwargs': False, 'is_mlp': True}
2026-07-30 16:47:21.484 | INFO     | llmc.compression.quantization.base_blockwise_quantization:block_transform:493 - subset: {'layers': {'mlp.gate_proj': Linear(in_features=2048, out_features=8192, bias=False), 'mlp.up_proj': Linear(in_features=2048, out_features=8192, bias=False)}, 'prev_op': [LlamaRMSNorm((2048,), eps=1e-05)], 'input': ['mlp.gate_proj'], 'inspect': LlamaMLP(
  (gate_proj): Linear(in_features=2048, out_features=8192, bias=False)
  (up_proj): Linear(in_features=2048, out_features=8192, bias=False)
  (down_proj): Linear(in_features=8192, out_features=2048, bias=False)
  (act_fn): SiLUActivation()
), 'has_kwargs': False, 'is_mlp': True}
2026-07-30 16:47:21.912 | INFO     | llmc.compression.quantization.gptq:update_layer_with_transformed_weights:184 - error 9642.748046875
2026-07-30 16:47:21.912 | INFO     | llmc.compression.quantization.gptq:update_layer_with_transformed_weights:184 - error 9642.748046875
2026-07-30 16:47:24.043 | INFO     | llmc.compression.quantization.gptq:update_layer_with_transformed_weights:184 - error 6062.35107421875
2026-07-30 16:47:24.043 | INFO     | llmc.compression.quantization.gptq:update_layer_with_transformed_weights:184 - error 6062.35107421875
2026-07-30 16:47:24.055 | INFO     | llmc.models.base_model:replace_module_subset:432 - replace >>> mlp.gate_proj in 10-th block
2026-07-30 16:47:24.055 | INFO     | llmc.models.base_model:replace_module_subset:432 - replace >>> mlp.gate_proj in 10-th block
2026-07-30 16:47:24.055 | INFO     | llmc.models.base_model:replace_module_subset:432 - replace >>> mlp.up_proj in 10-th block
2026-07-30 16:47:24.055 | INFO     | llmc.models.base_model:replace_module_subset:432 - replace >>> mlp.up_proj in 10-th block
2026-07-30 16:47:27.480 | INFO     | llmc.compression.quantization.base_blockwise_quantization:block_transform:493 - subset: {'layers': {'mlp.down_proj': Linear(in_features=8192, out_features=2048, bias=False)}, 'prev_op': [Linear(in_features=2048, out_features=8192, bias=False)], 'input': ['mlp.down_proj'], 'inspect': Linear(in_features=8192, out_features=2048, bias=False), 'has_kwargs': False, 'is_mlp': True}
2026-07-30 16:47:27.480 | INFO     | llmc.compression.quantization.base_blockwise_quantization:block_transform:493 - subset: {'layers': {'mlp.down_proj': Linear(in_features=8192, out_features=2048, bias=False)}, 'prev_op': [Linear(in_features=2048, out_features=8192, bias=False)], 'input': ['mlp.down_proj'], 'inspect': Linear(in_features=8192, out_features=2048, bias=False), 'has_kwargs': False, 'is_mlp': True}
2026-07-30 16:47:33.638 | INFO     | llmc.compression.quantization.gptq:update_layer_with_transformed_weights:184 - error 181.797119140625
2026-07-30 16:47:33.638 | INFO     | llmc.compression.quantization.gptq:update_layer_with_transformed_weights:184 - error 181.797119140625
2026-07-30 16:47:33.685 | INFO     | llmc.compression.quantization.base_blockwise_quantization:block_transform:523 - End transform the 10-th block
2026-07-30 16:47:33.685 | INFO     | llmc.compression.quantization.base_blockwise_quantization:block_transform:523 - End transform the 10-th block
2026-07-30 16:47:33.685 | INFO     | llmc.models.base_model:replace_module_subset:432 - replace >>> self_attn.q_proj in 10-th block
2026-07-30 16:47:33.685 | INFO     | llmc.models.base_model:replace_module_subset:432 - replace >>> self_attn.q_proj in 10-th block
2026-07-30 16:47:33.685 | INFO     | llmc.models.base_model:replace_module_subset:432 - replace >>> self_attn.k_proj in 10-th block
2026-07-30 16:47:33.685 | INFO     | llmc.models.base_model:replace_module_subset:432 - replace >>> self_attn.k_proj in 10-th block
2026-07-30 16:47:33.685 | INFO     | llmc.models.base_model:replace_module_subset:432 - replace >>> self_attn.v_proj in 10-th block
2026-07-30 16:47:33.685 | INFO     | llmc.models.base_model:replace_module_subset:432 - replace >>> self_attn.v_proj in 10-th block
2026-07-30 16:47:33.686 | INFO     | llmc.models.base_model:replace_module_subset:432 - replace >>> self_attn.o_proj in 10-th block
2026-07-30 16:47:33.686 | INFO     | llmc.models.base_model:replace_module_subset:432 - replace >>> self_attn.o_proj in 10-th block
2026-07-30 16:47:33.686 | INFO     | llmc.models.base_model:replace_module_subset:432 - replace >>> mlp.gate_proj in 10-th block
2026-07-30 16:47:33.686 | INFO     | llmc.models.base_model:replace_module_subset:432 - replace >>> mlp.gate_proj in 10-th block
2026-07-30 16:47:33.686 | INFO     | llmc.models.base_model:replace_module_subset:432 - replace >>> mlp.up_proj in 10-th block
2026-07-30 16:47:33.686 | INFO     | llmc.models.base_model:replace_module_subset:432 - replace >>> mlp.up_proj in 10-th block
2026-07-30 16:47:33.686 | INFO     | llmc.models.base_model:replace_module_subset:432 - replace >>> mlp.down_proj in 10-th block
2026-07-30 16:47:33.686 | INFO     | llmc.models.base_model:replace_module_subset:432 - replace >>> mlp.down_proj in 10-th block
2026-07-30 16:47:36.337 | INFO     | llmc.compression.blockwise_optimization:run_block_loop:36 - 
block index: 11/16 
block: LlamaDecoderLayer(
  (self_attn): LlamaAttention(
    (q_proj): Linear(in_features=2048, out_features=2048, bias=False)
    (k_proj): Linear(in_features=2048, out_features=512, bias=False)
    (v_proj): Linear(in_features=2048, out_features=512, bias=False)
    (o_proj): Linear(in_features=2048, out_features=2048, bias=False)
  )
  (mlp): LlamaMLP(
    (gate_proj): Linear(in_features=2048, out_features=8192, bias=False)
    (up_proj): Linear(in_features=2048, out_features=8192, bias=False)
    (down_proj): Linear(in_features=8192, out_features=2048, bias=False)
    (act_fn): SiLUActivation()
  )
  (input_layernorm): LlamaRMSNorm((2048,), eps=1e-05)
  (post_attention_layernorm): LlamaRMSNorm((2048,), eps=1e-05)
)
2026-07-30 16:47:36.337 | INFO     | llmc.compression.blockwise_optimization:run_block_loop:36 - 
block index: 11/16 
block: LlamaDecoderLayer(
  (self_attn): LlamaAttention(
    (q_proj): Linear(in_features=2048, out_features=2048, bias=False)
    (k_proj): Linear(in_features=2048, out_features=512, bias=False)
    (v_proj): Linear(in_features=2048, out_features=512, bias=False)
    (o_proj): Linear(in_features=2048, out_features=2048, bias=False)
  )
  (mlp): LlamaMLP(
    (gate_proj): Linear(in_features=2048, out_features=8192, bias=False)
    (up_proj): Linear(in_features=2048, out_features=8192, bias=False)
    (down_proj): Linear(in_features=8192, out_features=2048, bias=False)
    (act_fn): SiLUActivation()
  )
  (input_layernorm): LlamaRMSNorm((2048,), eps=1e-05)
  (post_attention_layernorm): LlamaRMSNorm((2048,), eps=1e-05)
)
2026-07-30 16:47:36.358 | INFO     | llmc.compression.quantization.base_blockwise_quantization:block_opt:416 - input_feat_modules: {'self_attn.q_proj': Linear(in_features=2048, out_features=2048, bias=False), 'self_attn.k_proj': Linear(in_features=2048, out_features=512, bias=False), 'self_attn.v_proj': Linear(in_features=2048, out_features=512, bias=False), 'self_attn.o_proj': Linear(in_features=2048, out_features=2048, bias=False), 'mlp.gate_proj': Linear(in_features=2048, out_features=8192, bias=False), 'mlp.up_proj': Linear(in_features=2048, out_features=8192, bias=False), 'mlp.down_proj': Linear(in_features=8192, out_features=2048, bias=False)}
2026-07-30 16:47:36.358 | INFO     | llmc.compression.quantization.base_blockwise_quantization:block_opt:416 - input_feat_modules: {'self_attn.q_proj': Linear(in_features=2048, out_features=2048, bias=False), 'self_attn.k_proj': Linear(in_features=2048, out_features=512, bias=False), 'self_attn.v_proj': Linear(in_features=2048, out_features=512, bias=False), 'self_attn.o_proj': Linear(in_features=2048, out_features=2048, bias=False), 'mlp.gate_proj': Linear(in_features=2048, out_features=8192, bias=False), 'mlp.up_proj': Linear(in_features=2048, out_features=8192, bias=False), 'mlp.down_proj': Linear(in_features=8192, out_features=2048, bias=False)}
2026-07-30 16:47:40.252 | INFO     | llmc.compression.quantization.base_blockwise_quantization:block_transform:484 - Start transform the 11-th block
2026-07-30 16:47:40.252 | INFO     | llmc.compression.quantization.base_blockwise_quantization:block_transform:484 - Start transform the 11-th block
2026-07-30 16:47:40.252 | INFO     | llmc.compression.quantization.base_blockwise_quantization:block_transform:493 - subset: {'layers': {'self_attn.q_proj': Linear(in_features=2048, out_features=2048, bias=False), 'self_attn.k_proj': Linear(in_features=2048, out_features=512, bias=False), 'self_attn.v_proj': Linear(in_features=2048, out_features=512, bias=False)}, 'prev_op': [LlamaRMSNorm((2048,), eps=1e-05)], 'input': ['self_attn.q_proj'], 'inspect': LlamaAttention(
  (q_proj): Linear(in_features=2048, out_features=2048, bias=False)
  (k_proj): Linear(in_features=2048, out_features=512, bias=False)
  (v_proj): Linear(in_features=2048, out_features=512, bias=False)
  (o_proj): Linear(in_features=2048, out_features=2048, bias=False)
), 'has_kwargs': True}
2026-07-30 16:47:40.252 | INFO     | llmc.compression.quantization.base_blockwise_quantization:block_transform:493 - subset: {'layers': {'self_attn.q_proj': Linear(in_features=2048, out_features=2048, bias=False), 'self_attn.k_proj': Linear(in_features=2048, out_features=512, bias=False), 'self_attn.v_proj': Linear(in_features=2048, out_features=512, bias=False)}, 'prev_op': [LlamaRMSNorm((2048,), eps=1e-05)], 'input': ['self_attn.q_proj'], 'inspect': LlamaAttention(
  (q_proj): Linear(in_features=2048, out_features=2048, bias=False)
  (k_proj): Linear(in_features=2048, out_features=512, bias=False)
  (v_proj): Linear(in_features=2048, out_features=512, bias=False)
  (o_proj): Linear(in_features=2048, out_features=2048, bias=False)
), 'has_kwargs': True}
2026-07-30 16:47:42.697 | INFO     | llmc.compression.quantization.gptq:update_layer_with_transformed_weights:184 - error 6853.46875
2026-07-30 16:47:42.697 | INFO     | llmc.compression.quantization.gptq:update_layer_with_transformed_weights:184 - error 6853.46875
2026-07-30 16:47:43.121 | INFO     | llmc.compression.quantization.gptq:update_layer_with_transformed_weights:184 - error 3997.957763671875
2026-07-30 16:47:43.121 | INFO     | llmc.compression.quantization.gptq:update_layer_with_transformed_weights:184 - error 3997.957763671875
2026-07-30 16:47:45.493 | INFO     | llmc.compression.quantization.gptq:update_layer_with_transformed_weights:184 - error 458.0132751464844
2026-07-30 16:47:45.493 | INFO     | llmc.compression.quantization.gptq:update_layer_with_transformed_weights:184 - error 458.0132751464844
2026-07-30 16:47:45.494 | INFO     | llmc.models.base_model:replace_module_subset:432 - replace >>> self_attn.q_proj in 11-th block
2026-07-30 16:47:45.494 | INFO     | llmc.models.base_model:replace_module_subset:432 - replace >>> self_attn.q_proj in 11-th block
2026-07-30 16:47:45.494 | INFO     | llmc.models.base_model:replace_module_subset:432 - replace >>> self_attn.k_proj in 11-th block
2026-07-30 16:47:45.494 | INFO     | llmc.models.base_model:replace_module_subset:432 - replace >>> self_attn.k_proj in 11-th block
2026-07-30 16:47:45.494 | INFO     | llmc.models.base_model:replace_module_subset:432 - replace >>> self_attn.v_proj in 11-th block
2026-07-30 16:47:45.494 | INFO     | llmc.models.base_model:replace_module_subset:432 - replace >>> self_attn.v_proj in 11-th block
2026-07-30 16:47:48.700 | INFO     | llmc.compression.quantization.base_blockwise_quantization:block_transform:493 - subset: {'layers': {'self_attn.o_proj': Linear(in_features=2048, out_features=2048, bias=False)}, 'prev_op': [Linear(in_features=2048, out_features=512, bias=False)], 'input': ['self_attn.o_proj'], 'inspect': Linear(in_features=2048, out_features=2048, bias=False), 'has_kwargs': False}
2026-07-30 16:47:48.700 | INFO     | llmc.compression.quantization.base_blockwise_quantization:block_transform:493 - subset: {'layers': {'self_attn.o_proj': Linear(in_features=2048, out_features=2048, bias=False)}, 'prev_op': [Linear(in_features=2048, out_features=512, bias=False)], 'input': ['self_attn.o_proj'], 'inspect': Linear(in_features=2048, out_features=2048, bias=False), 'has_kwargs': False}
2026-07-30 16:47:49.128 | INFO     | llmc.compression.quantization.gptq:update_layer_with_transformed_weights:184 - error 48.288909912109375
2026-07-30 16:47:49.128 | INFO     | llmc.compression.quantization.gptq:update_layer_with_transformed_weights:184 - error 48.288909912109375
2026-07-30 16:47:49.130 | INFO     | llmc.models.base_model:replace_module_subset:432 - replace >>> self_attn.o_proj in 11-th block
2026-07-30 16:47:49.130 | INFO     | llmc.models.base_model:replace_module_subset:432 - replace >>> self_attn.o_proj in 11-th block
2026-07-30 16:47:51.699 | INFO     | llmc.compression.quantization.base_blockwise_quantization:block_transform:493 - subset: {'layers': {'mlp.gate_proj': Linear(in_features=2048, out_features=8192, bias=False), 'mlp.up_proj': Linear(in_features=2048, out_features=8192, bias=False)}, 'prev_op': [LlamaRMSNorm((2048,), eps=1e-05)], 'input': ['mlp.gate_proj'], 'inspect': LlamaMLP(
  (gate_proj): Linear(in_features=2048, out_features=8192, bias=False)
  (up_proj): Linear(in_features=2048, out_features=8192, bias=False)
  (down_proj): Linear(in_features=8192, out_features=2048, bias=False)
  (act_fn): SiLUActivation()
), 'has_kwargs': False, 'is_mlp': True}
2026-07-30 16:47:51.699 | INFO     | llmc.compression.quantization.base_blockwise_quantization:block_transform:493 - subset: {'layers': {'mlp.gate_proj': Linear(in_features=2048, out_features=8192, bias=False), 'mlp.up_proj': Linear(in_features=2048, out_features=8192, bias=False)}, 'prev_op': [LlamaRMSNorm((2048,), eps=1e-05)], 'input': ['mlp.gate_proj'], 'inspect': LlamaMLP(
  (gate_proj): Linear(in_features=2048, out_features=8192, bias=False)
  (up_proj): Linear(in_features=2048, out_features=8192, bias=False)
  (down_proj): Linear(in_features=8192, out_features=2048, bias=False)
  (act_fn): SiLUActivation()
), 'has_kwargs': False, 'is_mlp': True}
2026-07-30 16:47:52.155 | INFO     | llmc.compression.quantization.gptq:update_layer_with_transformed_weights:184 - error 10570.4287109375
2026-07-30 16:47:52.155 | INFO     | llmc.compression.quantization.gptq:update_layer_with_transformed_weights:184 - error 10570.4287109375
2026-07-30 16:47:54.629 | INFO     | llmc.compression.quantization.gptq:update_layer_with_transformed_weights:184 - error 6794.2236328125
2026-07-30 16:47:54.629 | INFO     | llmc.compression.quantization.gptq:update_layer_with_transformed_weights:184 - error 6794.2236328125
2026-07-30 16:47:54.639 | INFO     | llmc.models.base_model:replace_module_subset:432 - replace >>> mlp.gate_proj in 11-th block
2026-07-30 16:47:54.639 | INFO     | llmc.models.base_model:replace_module_subset:432 - replace >>> mlp.gate_proj in 11-th block
2026-07-30 16:47:54.639 | INFO     | llmc.models.base_model:replace_module_subset:432 - replace >>> mlp.up_proj in 11-th block
2026-07-30 16:47:54.639 | INFO     | llmc.models.base_model:replace_module_subset:432 - replace >>> mlp.up_proj in 11-th block
2026-07-30 16:47:58.439 | INFO     | llmc.compression.quantization.base_blockwise_quantization:block_transform:493 - subset: {'layers': {'mlp.down_proj': Linear(in_features=8192, out_features=2048, bias=False)}, 'prev_op': [Linear(in_features=2048, out_features=8192, bias=False)], 'input': ['mlp.down_proj'], 'inspect': Linear(in_features=8192, out_features=2048, bias=False), 'has_kwargs': False, 'is_mlp': True}
2026-07-30 16:47:58.439 | INFO     | llmc.compression.quantization.base_blockwise_quantization:block_transform:493 - subset: {'layers': {'mlp.down_proj': Linear(in_features=8192, out_features=2048, bias=False)}, 'prev_op': [Linear(in_features=2048, out_features=8192, bias=False)], 'input': ['mlp.down_proj'], 'inspect': Linear(in_features=8192, out_features=2048, bias=False), 'has_kwargs': False, 'is_mlp': True}
2026-07-30 16:48:05.250 | INFO     | llmc.compression.quantization.gptq:update_layer_with_transformed_weights:184 - error 208.2035675048828
2026-07-30 16:48:05.250 | INFO     | llmc.compression.quantization.gptq:update_layer_with_transformed_weights:184 - error 208.2035675048828
2026-07-30 16:48:05.286 | INFO     | llmc.compression.quantization.base_blockwise_quantization:block_transform:523 - End transform the 11-th block
2026-07-30 16:48:05.286 | INFO     | llmc.compression.quantization.base_blockwise_quantization:block_transform:523 - End transform the 11-th block
2026-07-30 16:48:05.286 | INFO     | llmc.models.base_model:replace_module_subset:432 - replace >>> self_attn.q_proj in 11-th block
2026-07-30 16:48:05.286 | INFO     | llmc.models.base_model:replace_module_subset:432 - replace >>> self_attn.q_proj in 11-th block
2026-07-30 16:48:05.286 | INFO     | llmc.models.base_model:replace_module_subset:432 - replace >>> self_attn.k_proj in 11-th block
2026-07-30 16:48:05.286 | INFO     | llmc.models.base_model:replace_module_subset:432 - replace >>> self_attn.k_proj in 11-th block
2026-07-30 16:48:05.287 | INFO     | llmc.models.base_model:replace_module_subset:432 - replace >>> self_attn.v_proj in 11-th block
2026-07-30 16:48:05.287 | INFO     | llmc.models.base_model:replace_module_subset:432 - replace >>> self_attn.v_proj in 11-th block
2026-07-30 16:48:05.287 | INFO     | llmc.models.base_model:replace_module_subset:432 - replace >>> self_attn.o_proj in 11-th block
2026-07-30 16:48:05.287 | INFO     | llmc.models.base_model:replace_module_subset:432 - replace >>> self_attn.o_proj in 11-th block
2026-07-30 16:48:05.287 | INFO     | llmc.models.base_model:replace_module_subset:432 - replace >>> mlp.gate_proj in 11-th block
2026-07-30 16:48:05.287 | INFO     | llmc.models.base_model:replace_module_subset:432 - replace >>> mlp.gate_proj in 11-th block
2026-07-30 16:48:05.287 | INFO     | llmc.models.base_model:replace_module_subset:432 - replace >>> mlp.up_proj in 11-th block
2026-07-30 16:48:05.287 | INFO     | llmc.models.base_model:replace_module_subset:432 - replace >>> mlp.up_proj in 11-th block
2026-07-30 16:48:05.287 | INFO     | llmc.models.base_model:replace_module_subset:432 - replace >>> mlp.down_proj in 11-th block
2026-07-30 16:48:05.287 | INFO     | llmc.models.base_model:replace_module_subset:432 - replace >>> mlp.down_proj in 11-th block
2026-07-30 16:48:06.023 | INFO     | llmc.compression.blockwise_optimization:run_block_loop:36 - 
block index: 12/16 
block: LlamaDecoderLayer(
  (self_attn): LlamaAttention(
    (q_proj): Linear(in_features=2048, out_features=2048, bias=False)
    (k_proj): Linear(in_features=2048, out_features=512, bias=False)
    (v_proj): Linear(in_features=2048, out_features=512, bias=False)
    (o_proj): Linear(in_features=2048, out_features=2048, bias=False)
  )
  (mlp): LlamaMLP(
    (gate_proj): Linear(in_features=2048, out_features=8192, bias=False)
    (up_proj): Linear(in_features=2048, out_features=8192, bias=False)
    (down_proj): Linear(in_features=8192, out_features=2048, bias=False)
    (act_fn): SiLUActivation()
  )
  (input_layernorm): LlamaRMSNorm((2048,), eps=1e-05)
  (post_attention_layernorm): LlamaRMSNorm((2048,), eps=1e-05)
)
2026-07-30 16:48:06.023 | INFO     | llmc.compression.blockwise_optimization:run_block_loop:36 - 
block index: 12/16 
block: LlamaDecoderLayer(
  (self_attn): LlamaAttention(
    (q_proj): Linear(in_features=2048, out_features=2048, bias=False)
    (k_proj): Linear(in_features=2048, out_features=512, bias=False)
    (v_proj): Linear(in_features=2048, out_features=512, bias=False)
    (o_proj): Linear(in_features=2048, out_features=2048, bias=False)
  )
  (mlp): LlamaMLP(
    (gate_proj): Linear(in_features=2048, out_features=8192, bias=False)
    (up_proj): Linear(in_features=2048, out_features=8192, bias=False)
    (down_proj): Linear(in_features=8192, out_features=2048, bias=False)
    (act_fn): SiLUActivation()
  )
  (input_layernorm): LlamaRMSNorm((2048,), eps=1e-05)
  (post_attention_layernorm): LlamaRMSNorm((2048,), eps=1e-05)
)
2026-07-30 16:48:06.049 | INFO     | llmc.compression.quantization.base_blockwise_quantization:block_opt:416 - input_feat_modules: {'self_attn.q_proj': Linear(in_features=2048, out_features=2048, bias=False), 'self_attn.k_proj': Linear(in_features=2048, out_features=512, bias=False), 'self_attn.v_proj': Linear(in_features=2048, out_features=512, bias=False), 'self_attn.o_proj': Linear(in_features=2048, out_features=2048, bias=False), 'mlp.gate_proj': Linear(in_features=2048, out_features=8192, bias=False), 'mlp.up_proj': Linear(in_features=2048, out_features=8192, bias=False), 'mlp.down_proj': Linear(in_features=8192, out_features=2048, bias=False)}
2026-07-30 16:48:06.049 | INFO     | llmc.compression.quantization.base_blockwise_quantization:block_opt:416 - input_feat_modules: {'self_attn.q_proj': Linear(in_features=2048, out_features=2048, bias=False), 'self_attn.k_proj': Linear(in_features=2048, out_features=512, bias=False), 'self_attn.v_proj': Linear(in_features=2048, out_features=512, bias=False), 'self_attn.o_proj': Linear(in_features=2048, out_features=2048, bias=False), 'mlp.gate_proj': Linear(in_features=2048, out_features=8192, bias=False), 'mlp.up_proj': Linear(in_features=2048, out_features=8192, bias=False), 'mlp.down_proj': Linear(in_features=8192, out_features=2048, bias=False)}
2026-07-30 16:48:11.866 | INFO     | llmc.compression.quantization.base_blockwise_quantization:block_transform:484 - Start transform the 12-th block
2026-07-30 16:48:11.866 | INFO     | llmc.compression.quantization.base_blockwise_quantization:block_transform:484 - Start transform the 12-th block
2026-07-30 16:48:11.866 | INFO     | llmc.compression.quantization.base_blockwise_quantization:block_transform:493 - subset: {'layers': {'self_attn.q_proj': Linear(in_features=2048, out_features=2048, bias=False), 'self_attn.k_proj': Linear(in_features=2048, out_features=512, bias=False), 'self_attn.v_proj': Linear(in_features=2048, out_features=512, bias=False)}, 'prev_op': [LlamaRMSNorm((2048,), eps=1e-05)], 'input': ['self_attn.q_proj'], 'inspect': LlamaAttention(
  (q_proj): Linear(in_features=2048, out_features=2048, bias=False)
  (k_proj): Linear(in_features=2048, out_features=512, bias=False)
  (v_proj): Linear(in_features=2048, out_features=512, bias=False)
  (o_proj): Linear(in_features=2048, out_features=2048, bias=False)
), 'has_kwargs': True}
2026-07-30 16:48:11.866 | INFO     | llmc.compression.quantization.base_blockwise_quantization:block_transform:493 - subset: {'layers': {'self_attn.q_proj': Linear(in_features=2048, out_features=2048, bias=False), 'self_attn.k_proj': Linear(in_features=2048, out_features=512, bias=False), 'self_attn.v_proj': Linear(in_features=2048, out_features=512, bias=False)}, 'prev_op': [LlamaRMSNorm((2048,), eps=1e-05)], 'input': ['self_attn.q_proj'], 'inspect': LlamaAttention(
  (q_proj): Linear(in_features=2048, out_features=2048, bias=False)
  (k_proj): Linear(in_features=2048, out_features=512, bias=False)
  (v_proj): Linear(in_features=2048, out_features=512, bias=False)
  (o_proj): Linear(in_features=2048, out_features=2048, bias=False)
), 'has_kwargs': True}
2026-07-30 16:48:14.006 | INFO     | llmc.compression.quantization.gptq:update_layer_with_transformed_weights:184 - error 6860.501953125
2026-07-30 16:48:14.006 | INFO     | llmc.compression.quantization.gptq:update_layer_with_transformed_weights:184 - error 6860.501953125
2026-07-30 16:48:14.412 | INFO     | llmc.compression.quantization.gptq:update_layer_with_transformed_weights:184 - error 3925.65283203125
2026-07-30 16:48:14.412 | INFO     | llmc.compression.quantization.gptq:update_layer_with_transformed_weights:184 - error 3925.65283203125
2026-07-30 16:48:14.826 | INFO     | llmc.compression.quantization.gptq:update_layer_with_transformed_weights:184 - error 467.85284423828125
2026-07-30 16:48:14.826 | INFO     | llmc.compression.quantization.gptq:update_layer_with_transformed_weights:184 - error 467.85284423828125
2026-07-30 16:48:14.827 | INFO     | llmc.models.base_model:replace_module_subset:432 - replace >>> self_attn.q_proj in 12-th block
2026-07-30 16:48:14.827 | INFO     | llmc.models.base_model:replace_module_subset:432 - replace >>> self_attn.q_proj in 12-th block
2026-07-30 16:48:14.827 | INFO     | llmc.models.base_model:replace_module_subset:432 - replace >>> self_attn.k_proj in 12-th block
2026-07-30 16:48:14.827 | INFO     | llmc.models.base_model:replace_module_subset:432 - replace >>> self_attn.k_proj in 12-th block
2026-07-30 16:48:14.827 | INFO     | llmc.models.base_model:replace_module_subset:432 - replace >>> self_attn.v_proj in 12-th block
2026-07-30 16:48:14.827 | INFO     | llmc.models.base_model:replace_module_subset:432 - replace >>> self_attn.v_proj in 12-th block
2026-07-30 16:48:17.213 | INFO     | llmc.compression.quantization.base_blockwise_quantization:block_transform:493 - subset: {'layers': {'self_attn.o_proj': Linear(in_features=2048, out_features=2048, bias=False)}, 'prev_op': [Linear(in_features=2048, out_features=512, bias=False)], 'input': ['self_attn.o_proj'], 'inspect': Linear(in_features=2048, out_features=2048, bias=False), 'has_kwargs': False}
2026-07-30 16:48:17.213 | INFO     | llmc.compression.quantization.base_blockwise_quantization:block_transform:493 - subset: {'layers': {'self_attn.o_proj': Linear(in_features=2048, out_features=2048, bias=False)}, 'prev_op': [Linear(in_features=2048, out_features=512, bias=False)], 'input': ['self_attn.o_proj'], 'inspect': Linear(in_features=2048, out_features=2048, bias=False), 'has_kwargs': False}
2026-07-30 16:48:17.625 | INFO     | llmc.compression.quantization.gptq:update_layer_with_transformed_weights:184 - error 49.491661071777344
2026-07-30 16:48:17.625 | INFO     | llmc.compression.quantization.gptq:update_layer_with_transformed_weights:184 - error 49.491661071777344
2026-07-30 16:48:17.631 | INFO     | llmc.models.base_model:replace_module_subset:432 - replace >>> self_attn.o_proj in 12-th block
2026-07-30 16:48:17.631 | INFO     | llmc.models.base_model:replace_module_subset:432 - replace >>> self_attn.o_proj in 12-th block
2026-07-30 16:48:20.216 | INFO     | llmc.compression.quantization.base_blockwise_quantization:block_transform:493 - subset: {'layers': {'mlp.gate_proj': Linear(in_features=2048, out_features=8192, bias=False), 'mlp.up_proj': Linear(in_features=2048, out_features=8192, bias=False)}, 'prev_op': [LlamaRMSNorm((2048,), eps=1e-05)], 'input': ['mlp.gate_proj'], 'inspect': LlamaMLP(
  (gate_proj): Linear(in_features=2048, out_features=8192, bias=False)
  (up_proj): Linear(in_features=2048, out_features=8192, bias=False)
  (down_proj): Linear(in_features=8192, out_features=2048, bias=False)
  (act_fn): SiLUActivation()
), 'has_kwargs': False, 'is_mlp': True}
2026-07-30 16:48:20.216 | INFO     | llmc.compression.quantization.base_blockwise_quantization:block_transform:493 - subset: {'layers': {'mlp.gate_proj': Linear(in_features=2048, out_features=8192, bias=False), 'mlp.up_proj': Linear(in_features=2048, out_features=8192, bias=False)}, 'prev_op': [LlamaRMSNorm((2048,), eps=1e-05)], 'input': ['mlp.gate_proj'], 'inspect': LlamaMLP(
  (gate_proj): Linear(in_features=2048, out_features=8192, bias=False)
  (up_proj): Linear(in_features=2048, out_features=8192, bias=False)
  (down_proj): Linear(in_features=8192, out_features=2048, bias=False)
  (act_fn): SiLUActivation()
), 'has_kwargs': False, 'is_mlp': True}
2026-07-30 16:48:22.626 | INFO     | llmc.compression.quantization.gptq:update_layer_with_transformed_weights:184 - error 10739.986328125
2026-07-30 16:48:22.626 | INFO     | llmc.compression.quantization.gptq:update_layer_with_transformed_weights:184 - error 10739.986328125
2026-07-30 16:48:23.041 | INFO     | llmc.compression.quantization.gptq:update_layer_with_transformed_weights:184 - error 7311.0244140625
2026-07-30 16:48:23.041 | INFO     | llmc.compression.quantization.gptq:update_layer_with_transformed_weights:184 - error 7311.0244140625
2026-07-30 16:48:23.042 | INFO     | llmc.models.base_model:replace_module_subset:432 - replace >>> mlp.gate_proj in 12-th block
2026-07-30 16:48:23.042 | INFO     | llmc.models.base_model:replace_module_subset:432 - replace >>> mlp.gate_proj in 12-th block
2026-07-30 16:48:23.042 | INFO     | llmc.models.base_model:replace_module_subset:432 - replace >>> mlp.up_proj in 12-th block
2026-07-30 16:48:23.042 | INFO     | llmc.models.base_model:replace_module_subset:432 - replace >>> mlp.up_proj in 12-th block
2026-07-30 16:48:28.778 | INFO     | llmc.compression.quantization.base_blockwise_quantization:block_transform:493 - subset: {'layers': {'mlp.down_proj': Linear(in_features=8192, out_features=2048, bias=False)}, 'prev_op': [Linear(in_features=2048, out_features=8192, bias=False)], 'input': ['mlp.down_proj'], 'inspect': Linear(in_features=8192, out_features=2048, bias=False), 'has_kwargs': False, 'is_mlp': True}
2026-07-30 16:48:28.778 | INFO     | llmc.compression.quantization.base_blockwise_quantization:block_transform:493 - subset: {'layers': {'mlp.down_proj': Linear(in_features=8192, out_features=2048, bias=False)}, 'prev_op': [Linear(in_features=2048, out_features=8192, bias=False)], 'input': ['mlp.down_proj'], 'inspect': Linear(in_features=8192, out_features=2048, bias=False), 'has_kwargs': False, 'is_mlp': True}
2026-07-30 16:48:32.642 | INFO     | llmc.compression.quantization.gptq:update_layer_with_transformed_weights:184 - error 254.6009521484375
2026-07-30 16:48:32.642 | INFO     | llmc.compression.quantization.gptq:update_layer_with_transformed_weights:184 - error 254.6009521484375
2026-07-30 16:48:32.689 | INFO     | llmc.compression.quantization.base_blockwise_quantization:block_transform:523 - End transform the 12-th block
2026-07-30 16:48:32.689 | INFO     | llmc.compression.quantization.base_blockwise_quantization:block_transform:523 - End transform the 12-th block
2026-07-30 16:48:32.690 | INFO     | llmc.models.base_model:replace_module_subset:432 - replace >>> self_attn.q_proj in 12-th block
2026-07-30 16:48:32.690 | INFO     | llmc.models.base_model:replace_module_subset:432 - replace >>> self_attn.q_proj in 12-th block
2026-07-30 16:48:32.690 | INFO     | llmc.models.base_model:replace_module_subset:432 - replace >>> self_attn.k_proj in 12-th block
2026-07-30 16:48:32.690 | INFO     | llmc.models.base_model:replace_module_subset:432 - replace >>> self_attn.k_proj in 12-th block
2026-07-30 16:48:32.690 | INFO     | llmc.models.base_model:replace_module_subset:432 - replace >>> self_attn.v_proj in 12-th block
2026-07-30 16:48:32.690 | INFO     | llmc.models.base_model:replace_module_subset:432 - replace >>> self_attn.v_proj in 12-th block
2026-07-30 16:48:32.690 | INFO     | llmc.models.base_model:replace_module_subset:432 - replace >>> self_attn.o_proj in 12-th block
2026-07-30 16:48:32.690 | INFO     | llmc.models.base_model:replace_module_subset:432 - replace >>> self_attn.o_proj in 12-th block
2026-07-30 16:48:32.690 | INFO     | llmc.models.base_model:replace_module_subset:432 - replace >>> mlp.gate_proj in 12-th block
2026-07-30 16:48:32.690 | INFO     | llmc.models.base_model:replace_module_subset:432 - replace >>> mlp.gate_proj in 12-th block
2026-07-30 16:48:32.690 | INFO     | llmc.models.base_model:replace_module_subset:432 - replace >>> mlp.up_proj in 12-th block
2026-07-30 16:48:32.690 | INFO     | llmc.models.base_model:replace_module_subset:432 - replace >>> mlp.up_proj in 12-th block
2026-07-30 16:48:32.690 | INFO     | llmc.models.base_model:replace_module_subset:432 - replace >>> mlp.down_proj in 12-th block
2026-07-30 16:48:32.690 | INFO     | llmc.models.base_model:replace_module_subset:432 - replace >>> mlp.down_proj in 12-th block
2026-07-30 16:48:35.215 | INFO     | llmc.compression.blockwise_optimization:run_block_loop:36 - 
block index: 13/16 
block: LlamaDecoderLayer(
  (self_attn): LlamaAttention(
    (q_proj): Linear(in_features=2048, out_features=2048, bias=False)
    (k_proj): Linear(in_features=2048, out_features=512, bias=False)
    (v_proj): Linear(in_features=2048, out_features=512, bias=False)
    (o_proj): Linear(in_features=2048, out_features=2048, bias=False)
  )
  (mlp): LlamaMLP(
    (gate_proj): Linear(in_features=2048, out_features=8192, bias=False)
    (up_proj): Linear(in_features=2048, out_features=8192, bias=False)
    (down_proj): Linear(in_features=8192, out_features=2048, bias=False)
    (act_fn): SiLUActivation()
  )
  (input_layernorm): LlamaRMSNorm((2048,), eps=1e-05)
  (post_attention_layernorm): LlamaRMSNorm((2048,), eps=1e-05)
)
2026-07-30 16:48:35.215 | INFO     | llmc.compression.blockwise_optimization:run_block_loop:36 - 
block index: 13/16 
block: LlamaDecoderLayer(
  (self_attn): LlamaAttention(
    (q_proj): Linear(in_features=2048, out_features=2048, bias=False)
    (k_proj): Linear(in_features=2048, out_features=512, bias=False)
    (v_proj): Linear(in_features=2048, out_features=512, bias=False)
    (o_proj): Linear(in_features=2048, out_features=2048, bias=False)
  )
  (mlp): LlamaMLP(
    (gate_proj): Linear(in_features=2048, out_features=8192, bias=False)
    (up_proj): Linear(in_features=2048, out_features=8192, bias=False)
    (down_proj): Linear(in_features=8192, out_features=2048, bias=False)
    (act_fn): SiLUActivation()
  )
  (input_layernorm): LlamaRMSNorm((2048,), eps=1e-05)
  (post_attention_layernorm): LlamaRMSNorm((2048,), eps=1e-05)
)
2026-07-30 16:48:35.237 | INFO     | llmc.compression.quantization.base_blockwise_quantization:block_opt:416 - input_feat_modules: {'self_attn.q_proj': Linear(in_features=2048, out_features=2048, bias=False), 'self_attn.k_proj': Linear(in_features=2048, out_features=512, bias=False), 'self_attn.v_proj': Linear(in_features=2048, out_features=512, bias=False), 'self_attn.o_proj': Linear(in_features=2048, out_features=2048, bias=False), 'mlp.gate_proj': Linear(in_features=2048, out_features=8192, bias=False), 'mlp.up_proj': Linear(in_features=2048, out_features=8192, bias=False), 'mlp.down_proj': Linear(in_features=8192, out_features=2048, bias=False)}
2026-07-30 16:48:35.237 | INFO     | llmc.compression.quantization.base_blockwise_quantization:block_opt:416 - input_feat_modules: {'self_attn.q_proj': Linear(in_features=2048, out_features=2048, bias=False), 'self_attn.k_proj': Linear(in_features=2048, out_features=512, bias=False), 'self_attn.v_proj': Linear(in_features=2048, out_features=512, bias=False), 'self_attn.o_proj': Linear(in_features=2048, out_features=2048, bias=False), 'mlp.gate_proj': Linear(in_features=2048, out_features=8192, bias=False), 'mlp.up_proj': Linear(in_features=2048, out_features=8192, bias=False), 'mlp.down_proj': Linear(in_features=8192, out_features=2048, bias=False)}
2026-07-30 16:48:41.497 | INFO     | llmc.compression.quantization.base_blockwise_quantization:block_transform:484 - Start transform the 13-th block
2026-07-30 16:48:41.497 | INFO     | llmc.compression.quantization.base_blockwise_quantization:block_transform:484 - Start transform the 13-th block
2026-07-30 16:48:41.497 | INFO     | llmc.compression.quantization.base_blockwise_quantization:block_transform:493 - subset: {'layers': {'self_attn.q_proj': Linear(in_features=2048, out_features=2048, bias=False), 'self_attn.k_proj': Linear(in_features=2048, out_features=512, bias=False), 'self_attn.v_proj': Linear(in_features=2048, out_features=512, bias=False)}, 'prev_op': [LlamaRMSNorm((2048,), eps=1e-05)], 'input': ['self_attn.q_proj'], 'inspect': LlamaAttention(
  (q_proj): Linear(in_features=2048, out_features=2048, bias=False)
  (k_proj): Linear(in_features=2048, out_features=512, bias=False)
  (v_proj): Linear(in_features=2048, out_features=512, bias=False)
  (o_proj): Linear(in_features=2048, out_features=2048, bias=False)
), 'has_kwargs': True}
2026-07-30 16:48:41.497 | INFO     | llmc.compression.quantization.base_blockwise_quantization:block_transform:493 - subset: {'layers': {'self_attn.q_proj': Linear(in_features=2048, out_features=2048, bias=False), 'self_attn.k_proj': Linear(in_features=2048, out_features=512, bias=False), 'self_attn.v_proj': Linear(in_features=2048, out_features=512, bias=False)}, 'prev_op': [LlamaRMSNorm((2048,), eps=1e-05)], 'input': ['self_attn.q_proj'], 'inspect': LlamaAttention(
  (q_proj): Linear(in_features=2048, out_features=2048, bias=False)
  (k_proj): Linear(in_features=2048, out_features=512, bias=False)
  (v_proj): Linear(in_features=2048, out_features=512, bias=False)
  (o_proj): Linear(in_features=2048, out_features=2048, bias=False)
), 'has_kwargs': True}
2026-07-30 16:48:41.907 | INFO     | llmc.compression.quantization.gptq:update_layer_with_transformed_weights:184 - error 8187.86474609375
2026-07-30 16:48:41.907 | INFO     | llmc.compression.quantization.gptq:update_layer_with_transformed_weights:184 - error 8187.86474609375
2026-07-30 16:48:44.302 | INFO     | llmc.compression.quantization.gptq:update_layer_with_transformed_weights:184 - error 4017.9150390625
2026-07-30 16:48:44.302 | INFO     | llmc.compression.quantization.gptq:update_layer_with_transformed_weights:184 - error 4017.9150390625
2026-07-30 16:48:44.695 | INFO     | llmc.compression.quantization.gptq:update_layer_with_transformed_weights:184 - error 830.7249755859375
2026-07-30 16:48:44.695 | INFO     | llmc.compression.quantization.gptq:update_layer_with_transformed_weights:184 - error 830.7249755859375
2026-07-30 16:48:44.696 | INFO     | llmc.models.base_model:replace_module_subset:432 - replace >>> self_attn.q_proj in 13-th block
2026-07-30 16:48:44.696 | INFO     | llmc.models.base_model:replace_module_subset:432 - replace >>> self_attn.q_proj in 13-th block
2026-07-30 16:48:44.696 | INFO     | llmc.models.base_model:replace_module_subset:432 - replace >>> self_attn.k_proj in 13-th block
2026-07-30 16:48:44.696 | INFO     | llmc.models.base_model:replace_module_subset:432 - replace >>> self_attn.k_proj in 13-th block
2026-07-30 16:48:44.696 | INFO     | llmc.models.base_model:replace_module_subset:432 - replace >>> self_attn.v_proj in 13-th block
2026-07-30 16:48:44.696 | INFO     | llmc.models.base_model:replace_module_subset:432 - replace >>> self_attn.v_proj in 13-th block
2026-07-30 16:48:45.272 | INFO     | llmc.compression.quantization.base_blockwise_quantization:block_transform:493 - subset: {'layers': {'self_attn.o_proj': Linear(in_features=2048, out_features=2048, bias=False)}, 'prev_op': [Linear(in_features=2048, out_features=512, bias=False)], 'input': ['self_attn.o_proj'], 'inspect': Linear(in_features=2048, out_features=2048, bias=False), 'has_kwargs': False}
2026-07-30 16:48:45.272 | INFO     | llmc.compression.quantization.base_blockwise_quantization:block_transform:493 - subset: {'layers': {'self_attn.o_proj': Linear(in_features=2048, out_features=2048, bias=False)}, 'prev_op': [Linear(in_features=2048, out_features=512, bias=False)], 'input': ['self_attn.o_proj'], 'inspect': Linear(in_features=2048, out_features=2048, bias=False), 'has_kwargs': False}
2026-07-30 16:48:47.706 | INFO     | llmc.compression.quantization.gptq:update_layer_with_transformed_weights:184 - error 59.755104064941406
2026-07-30 16:48:47.706 | INFO     | llmc.compression.quantization.gptq:update_layer_with_transformed_weights:184 - error 59.755104064941406
2026-07-30 16:48:47.707 | INFO     | llmc.models.base_model:replace_module_subset:432 - replace >>> self_attn.o_proj in 13-th block
2026-07-30 16:48:47.707 | INFO     | llmc.models.base_model:replace_module_subset:432 - replace >>> self_attn.o_proj in 13-th block
2026-07-30 16:48:48.279 | INFO     | llmc.compression.quantization.base_blockwise_quantization:block_transform:493 - subset: {'layers': {'mlp.gate_proj': Linear(in_features=2048, out_features=8192, bias=False), 'mlp.up_proj': Linear(in_features=2048, out_features=8192, bias=False)}, 'prev_op': [LlamaRMSNorm((2048,), eps=1e-05)], 'input': ['mlp.gate_proj'], 'inspect': LlamaMLP(
  (gate_proj): Linear(in_features=2048, out_features=8192, bias=False)
  (up_proj): Linear(in_features=2048, out_features=8192, bias=False)
  (down_proj): Linear(in_features=8192, out_features=2048, bias=False)
  (act_fn): SiLUActivation()
), 'has_kwargs': False, 'is_mlp': True}
2026-07-30 16:48:48.279 | INFO     | llmc.compression.quantization.base_blockwise_quantization:block_transform:493 - subset: {'layers': {'mlp.gate_proj': Linear(in_features=2048, out_features=8192, bias=False), 'mlp.up_proj': Linear(in_features=2048, out_features=8192, bias=False)}, 'prev_op': [LlamaRMSNorm((2048,), eps=1e-05)], 'input': ['mlp.gate_proj'], 'inspect': LlamaMLP(
  (gate_proj): Linear(in_features=2048, out_features=8192, bias=False)
  (up_proj): Linear(in_features=2048, out_features=8192, bias=False)
  (down_proj): Linear(in_features=8192, out_features=2048, bias=False)
  (act_fn): SiLUActivation()
), 'has_kwargs': False, 'is_mlp': True}
2026-07-30 16:48:50.731 | INFO     | llmc.compression.quantization.gptq:update_layer_with_transformed_weights:184 - error 11649.748046875
2026-07-30 16:48:50.731 | INFO     | llmc.compression.quantization.gptq:update_layer_with_transformed_weights:184 - error 11649.748046875
2026-07-30 16:48:51.175 | INFO     | llmc.compression.quantization.gptq:update_layer_with_transformed_weights:184 - error 8696.744140625
2026-07-30 16:48:51.175 | INFO     | llmc.compression.quantization.gptq:update_layer_with_transformed_weights:184 - error 8696.744140625
2026-07-30 16:48:51.184 | INFO     | llmc.models.base_model:replace_module_subset:432 - replace >>> mlp.gate_proj in 13-th block
2026-07-30 16:48:51.184 | INFO     | llmc.models.base_model:replace_module_subset:432 - replace >>> mlp.gate_proj in 13-th block
2026-07-30 16:48:51.185 | INFO     | llmc.models.base_model:replace_module_subset:432 - replace >>> mlp.up_proj in 13-th block
2026-07-30 16:48:51.185 | INFO     | llmc.models.base_model:replace_module_subset:432 - replace >>> mlp.up_proj in 13-th block
2026-07-30 16:48:57.107 | INFO     | llmc.compression.quantization.base_blockwise_quantization:block_transform:493 - subset: {'layers': {'mlp.down_proj': Linear(in_features=8192, out_features=2048, bias=False)}, 'prev_op': [Linear(in_features=2048, out_features=8192, bias=False)], 'input': ['mlp.down_proj'], 'inspect': Linear(in_features=8192, out_features=2048, bias=False), 'has_kwargs': False, 'is_mlp': True}
2026-07-30 16:48:57.107 | INFO     | llmc.compression.quantization.base_blockwise_quantization:block_transform:493 - subset: {'layers': {'mlp.down_proj': Linear(in_features=8192, out_features=2048, bias=False)}, 'prev_op': [Linear(in_features=2048, out_features=8192, bias=False)], 'input': ['mlp.down_proj'], 'inspect': Linear(in_features=8192, out_features=2048, bias=False), 'has_kwargs': False, 'is_mlp': True}
2026-07-30 16:49:04.053 | INFO     | llmc.compression.quantization.gptq:update_layer_with_transformed_weights:184 - error 376.0783996582031
2026-07-30 16:49:04.053 | INFO     | llmc.compression.quantization.gptq:update_layer_with_transformed_weights:184 - error 376.0783996582031
2026-07-30 16:49:04.089 | INFO     | llmc.compression.quantization.base_blockwise_quantization:block_transform:523 - End transform the 13-th block
2026-07-30 16:49:04.089 | INFO     | llmc.compression.quantization.base_blockwise_quantization:block_transform:523 - End transform the 13-th block
2026-07-30 16:49:04.089 | INFO     | llmc.models.base_model:replace_module_subset:432 - replace >>> self_attn.q_proj in 13-th block
2026-07-30 16:49:04.089 | INFO     | llmc.models.base_model:replace_module_subset:432 - replace >>> self_attn.q_proj in 13-th block
2026-07-30 16:49:04.089 | INFO     | llmc.models.base_model:replace_module_subset:432 - replace >>> self_attn.k_proj in 13-th block
2026-07-30 16:49:04.089 | INFO     | llmc.models.base_model:replace_module_subset:432 - replace >>> self_attn.k_proj in 13-th block
2026-07-30 16:49:04.089 | INFO     | llmc.models.base_model:replace_module_subset:432 - replace >>> self_attn.v_proj in 13-th block
2026-07-30 16:49:04.089 | INFO     | llmc.models.base_model:replace_module_subset:432 - replace >>> self_attn.v_proj in 13-th block
2026-07-30 16:49:04.089 | INFO     | llmc.models.base_model:replace_module_subset:432 - replace >>> self_attn.o_proj in 13-th block
2026-07-30 16:49:04.089 | INFO     | llmc.models.base_model:replace_module_subset:432 - replace >>> self_attn.o_proj in 13-th block
2026-07-30 16:49:04.090 | INFO     | llmc.models.base_model:replace_module_subset:432 - replace >>> mlp.gate_proj in 13-th block
2026-07-30 16:49:04.090 | INFO     | llmc.models.base_model:replace_module_subset:432 - replace >>> mlp.gate_proj in 13-th block
2026-07-30 16:49:04.090 | INFO     | llmc.models.base_model:replace_module_subset:432 - replace >>> mlp.up_proj in 13-th block
2026-07-30 16:49:04.090 | INFO     | llmc.models.base_model:replace_module_subset:432 - replace >>> mlp.up_proj in 13-th block
2026-07-30 16:49:04.090 | INFO     | llmc.models.base_model:replace_module_subset:432 - replace >>> mlp.down_proj in 13-th block
2026-07-30 16:49:04.090 | INFO     | llmc.models.base_model:replace_module_subset:432 - replace >>> mlp.down_proj in 13-th block
2026-07-30 16:49:04.833 | INFO     | llmc.compression.blockwise_optimization:run_block_loop:36 - 
block index: 14/16 
block: LlamaDecoderLayer(
  (self_attn): LlamaAttention(
    (q_proj): Linear(in_features=2048, out_features=2048, bias=False)
    (k_proj): Linear(in_features=2048, out_features=512, bias=False)
    (v_proj): Linear(in_features=2048, out_features=512, bias=False)
    (o_proj): Linear(in_features=2048, out_features=2048, bias=False)
  )
  (mlp): LlamaMLP(
    (gate_proj): Linear(in_features=2048, out_features=8192, bias=False)
    (up_proj): Linear(in_features=2048, out_features=8192, bias=False)
    (down_proj): Linear(in_features=8192, out_features=2048, bias=False)
    (act_fn): SiLUActivation()
  )
  (input_layernorm): LlamaRMSNorm((2048,), eps=1e-05)
  (post_attention_layernorm): LlamaRMSNorm((2048,), eps=1e-05)
)
2026-07-30 16:49:04.833 | INFO     | llmc.compression.blockwise_optimization:run_block_loop:36 - 
block index: 14/16 
block: LlamaDecoderLayer(
  (self_attn): LlamaAttention(
    (q_proj): Linear(in_features=2048, out_features=2048, bias=False)
    (k_proj): Linear(in_features=2048, out_features=512, bias=False)
    (v_proj): Linear(in_features=2048, out_features=512, bias=False)
    (o_proj): Linear(in_features=2048, out_features=2048, bias=False)
  )
  (mlp): LlamaMLP(
    (gate_proj): Linear(in_features=2048, out_features=8192, bias=False)
    (up_proj): Linear(in_features=2048, out_features=8192, bias=False)
    (down_proj): Linear(in_features=8192, out_features=2048, bias=False)
    (act_fn): SiLUActivation()
  )
  (input_layernorm): LlamaRMSNorm((2048,), eps=1e-05)
  (post_attention_layernorm): LlamaRMSNorm((2048,), eps=1e-05)
)
2026-07-30 16:49:04.859 | INFO     | llmc.compression.quantization.base_blockwise_quantization:block_opt:416 - input_feat_modules: {'self_attn.q_proj': Linear(in_features=2048, out_features=2048, bias=False), 'self_attn.k_proj': Linear(in_features=2048, out_features=512, bias=False), 'self_attn.v_proj': Linear(in_features=2048, out_features=512, bias=False), 'self_attn.o_proj': Linear(in_features=2048, out_features=2048, bias=False), 'mlp.gate_proj': Linear(in_features=2048, out_features=8192, bias=False), 'mlp.up_proj': Linear(in_features=2048, out_features=8192, bias=False), 'mlp.down_proj': Linear(in_features=8192, out_features=2048, bias=False)}
2026-07-30 16:49:04.859 | INFO     | llmc.compression.quantization.base_blockwise_quantization:block_opt:416 - input_feat_modules: {'self_attn.q_proj': Linear(in_features=2048, out_features=2048, bias=False), 'self_attn.k_proj': Linear(in_features=2048, out_features=512, bias=False), 'self_attn.v_proj': Linear(in_features=2048, out_features=512, bias=False), 'self_attn.o_proj': Linear(in_features=2048, out_features=2048, bias=False), 'mlp.gate_proj': Linear(in_features=2048, out_features=8192, bias=False), 'mlp.up_proj': Linear(in_features=2048, out_features=8192, bias=False), 'mlp.down_proj': Linear(in_features=8192, out_features=2048, bias=False)}
2026-07-30 16:49:10.687 | INFO     | llmc.compression.quantization.base_blockwise_quantization:block_transform:484 - Start transform the 14-th block
2026-07-30 16:49:10.687 | INFO     | llmc.compression.quantization.base_blockwise_quantization:block_transform:484 - Start transform the 14-th block
2026-07-30 16:49:10.687 | INFO     | llmc.compression.quantization.base_blockwise_quantization:block_transform:493 - subset: {'layers': {'self_attn.q_proj': Linear(in_features=2048, out_features=2048, bias=False), 'self_attn.k_proj': Linear(in_features=2048, out_features=512, bias=False), 'self_attn.v_proj': Linear(in_features=2048, out_features=512, bias=False)}, 'prev_op': [LlamaRMSNorm((2048,), eps=1e-05)], 'input': ['self_attn.q_proj'], 'inspect': LlamaAttention(
  (q_proj): Linear(in_features=2048, out_features=2048, bias=False)
  (k_proj): Linear(in_features=2048, out_features=512, bias=False)
  (v_proj): Linear(in_features=2048, out_features=512, bias=False)
  (o_proj): Linear(in_features=2048, out_features=2048, bias=False)
), 'has_kwargs': True}
2026-07-30 16:49:10.687 | INFO     | llmc.compression.quantization.base_blockwise_quantization:block_transform:493 - subset: {'layers': {'self_attn.q_proj': Linear(in_features=2048, out_features=2048, bias=False), 'self_attn.k_proj': Linear(in_features=2048, out_features=512, bias=False), 'self_attn.v_proj': Linear(in_features=2048, out_features=512, bias=False)}, 'prev_op': [LlamaRMSNorm((2048,), eps=1e-05)], 'input': ['self_attn.q_proj'], 'inspect': LlamaAttention(
  (q_proj): Linear(in_features=2048, out_features=2048, bias=False)
  (k_proj): Linear(in_features=2048, out_features=512, bias=False)
  (v_proj): Linear(in_features=2048, out_features=512, bias=False)
  (o_proj): Linear(in_features=2048, out_features=2048, bias=False)
), 'has_kwargs': True}
2026-07-30 16:49:12.729 | INFO     | llmc.compression.quantization.gptq:update_layer_with_transformed_weights:184 - error 8465.005859375
2026-07-30 16:49:12.729 | INFO     | llmc.compression.quantization.gptq:update_layer_with_transformed_weights:184 - error 8465.005859375
2026-07-30 16:49:13.171 | INFO     | llmc.compression.quantization.gptq:update_layer_with_transformed_weights:184 - error 4465.857421875
2026-07-30 16:49:13.171 | INFO     | llmc.compression.quantization.gptq:update_layer_with_transformed_weights:184 - error 4465.857421875
2026-07-30 16:49:13.612 | INFO     | llmc.compression.quantization.gptq:update_layer_with_transformed_weights:184 - error 1895.013671875
2026-07-30 16:49:13.612 | INFO     | llmc.compression.quantization.gptq:update_layer_with_transformed_weights:184 - error 1895.013671875
2026-07-30 16:49:13.613 | INFO     | llmc.models.base_model:replace_module_subset:432 - replace >>> self_attn.q_proj in 14-th block
2026-07-30 16:49:13.613 | INFO     | llmc.models.base_model:replace_module_subset:432 - replace >>> self_attn.q_proj in 14-th block
2026-07-30 16:49:13.613 | INFO     | llmc.models.base_model:replace_module_subset:432 - replace >>> self_attn.k_proj in 14-th block
2026-07-30 16:49:13.613 | INFO     | llmc.models.base_model:replace_module_subset:432 - replace >>> self_attn.k_proj in 14-th block
2026-07-30 16:49:13.613 | INFO     | llmc.models.base_model:replace_module_subset:432 - replace >>> self_attn.v_proj in 14-th block
2026-07-30 16:49:13.613 | INFO     | llmc.models.base_model:replace_module_subset:432 - replace >>> self_attn.v_proj in 14-th block
2026-07-30 16:49:16.029 | INFO     | llmc.compression.quantization.base_blockwise_quantization:block_transform:493 - subset: {'layers': {'self_attn.o_proj': Linear(in_features=2048, out_features=2048, bias=False)}, 'prev_op': [Linear(in_features=2048, out_features=512, bias=False)], 'input': ['self_attn.o_proj'], 'inspect': Linear(in_features=2048, out_features=2048, bias=False), 'has_kwargs': False}
2026-07-30 16:49:16.029 | INFO     | llmc.compression.quantization.base_blockwise_quantization:block_transform:493 - subset: {'layers': {'self_attn.o_proj': Linear(in_features=2048, out_features=2048, bias=False)}, 'prev_op': [Linear(in_features=2048, out_features=512, bias=False)], 'input': ['self_attn.o_proj'], 'inspect': Linear(in_features=2048, out_features=2048, bias=False), 'has_kwargs': False}
2026-07-30 16:49:18.409 | INFO     | llmc.compression.quantization.gptq:update_layer_with_transformed_weights:184 - error 131.31915283203125
2026-07-30 16:49:18.409 | INFO     | llmc.compression.quantization.gptq:update_layer_with_transformed_weights:184 - error 131.31915283203125
2026-07-30 16:49:18.439 | INFO     | llmc.models.base_model:replace_module_subset:432 - replace >>> self_attn.o_proj in 14-th block
2026-07-30 16:49:18.439 | INFO     | llmc.models.base_model:replace_module_subset:432 - replace >>> self_attn.o_proj in 14-th block
2026-07-30 16:49:19.067 | INFO     | llmc.compression.quantization.base_blockwise_quantization:block_transform:493 - subset: {'layers': {'mlp.gate_proj': Linear(in_features=2048, out_features=8192, bias=False), 'mlp.up_proj': Linear(in_features=2048, out_features=8192, bias=False)}, 'prev_op': [LlamaRMSNorm((2048,), eps=1e-05)], 'input': ['mlp.gate_proj'], 'inspect': LlamaMLP(
  (gate_proj): Linear(in_features=2048, out_features=8192, bias=False)
  (up_proj): Linear(in_features=2048, out_features=8192, bias=False)
  (down_proj): Linear(in_features=8192, out_features=2048, bias=False)
  (act_fn): SiLUActivation()
), 'has_kwargs': False, 'is_mlp': True}
2026-07-30 16:49:19.067 | INFO     | llmc.compression.quantization.base_blockwise_quantization:block_transform:493 - subset: {'layers': {'mlp.gate_proj': Linear(in_features=2048, out_features=8192, bias=False), 'mlp.up_proj': Linear(in_features=2048, out_features=8192, bias=False)}, 'prev_op': [LlamaRMSNorm((2048,), eps=1e-05)], 'input': ['mlp.gate_proj'], 'inspect': LlamaMLP(
  (gate_proj): Linear(in_features=2048, out_features=8192, bias=False)
  (up_proj): Linear(in_features=2048, out_features=8192, bias=False)
  (down_proj): Linear(in_features=8192, out_features=2048, bias=False)
  (act_fn): SiLUActivation()
), 'has_kwargs': False, 'is_mlp': True}
2026-07-30 16:49:21.494 | INFO     | llmc.compression.quantization.gptq:update_layer_with_transformed_weights:184 - error 14232.68359375
2026-07-30 16:49:21.494 | INFO     | llmc.compression.quantization.gptq:update_layer_with_transformed_weights:184 - error 14232.68359375
2026-07-30 16:49:21.994 | INFO     | llmc.compression.quantization.gptq:update_layer_with_transformed_weights:184 - error 9841.611328125
2026-07-30 16:49:21.994 | INFO     | llmc.compression.quantization.gptq:update_layer_with_transformed_weights:184 - error 9841.611328125
2026-07-30 16:49:22.001 | INFO     | llmc.models.base_model:replace_module_subset:432 - replace >>> mlp.gate_proj in 14-th block
2026-07-30 16:49:22.001 | INFO     | llmc.models.base_model:replace_module_subset:432 - replace >>> mlp.gate_proj in 14-th block
2026-07-30 16:49:22.001 | INFO     | llmc.models.base_model:replace_module_subset:432 - replace >>> mlp.up_proj in 14-th block
2026-07-30 16:49:22.001 | INFO     | llmc.models.base_model:replace_module_subset:432 - replace >>> mlp.up_proj in 14-th block
2026-07-30 16:49:28.558 | INFO     | llmc.compression.quantization.base_blockwise_quantization:block_transform:493 - subset: {'layers': {'mlp.down_proj': Linear(in_features=8192, out_features=2048, bias=False)}, 'prev_op': [Linear(in_features=2048, out_features=8192, bias=False)], 'input': ['mlp.down_proj'], 'inspect': Linear(in_features=8192, out_features=2048, bias=False), 'has_kwargs': False, 'is_mlp': True}
2026-07-30 16:49:28.558 | INFO     | llmc.compression.quantization.base_blockwise_quantization:block_transform:493 - subset: {'layers': {'mlp.down_proj': Linear(in_features=8192, out_features=2048, bias=False)}, 'prev_op': [Linear(in_features=2048, out_features=8192, bias=False)], 'input': ['mlp.down_proj'], 'inspect': Linear(in_features=8192, out_features=2048, bias=False), 'has_kwargs': False, 'is_mlp': True}
2026-07-30 16:49:34.320 | INFO     | llmc.compression.quantization.gptq:update_layer_with_transformed_weights:184 - error 491.48248291015625
2026-07-30 16:49:34.320 | INFO     | llmc.compression.quantization.gptq:update_layer_with_transformed_weights:184 - error 491.48248291015625
2026-07-30 16:49:34.366 | INFO     | llmc.compression.quantization.base_blockwise_quantization:block_transform:523 - End transform the 14-th block
2026-07-30 16:49:34.366 | INFO     | llmc.compression.quantization.base_blockwise_quantization:block_transform:523 - End transform the 14-th block
2026-07-30 16:49:34.366 | INFO     | llmc.models.base_model:replace_module_subset:432 - replace >>> self_attn.q_proj in 14-th block
2026-07-30 16:49:34.366 | INFO     | llmc.models.base_model:replace_module_subset:432 - replace >>> self_attn.q_proj in 14-th block
2026-07-30 16:49:34.367 | INFO     | llmc.models.base_model:replace_module_subset:432 - replace >>> self_attn.k_proj in 14-th block
2026-07-30 16:49:34.367 | INFO     | llmc.models.base_model:replace_module_subset:432 - replace >>> self_attn.k_proj in 14-th block
2026-07-30 16:49:34.367 | INFO     | llmc.models.base_model:replace_module_subset:432 - replace >>> self_attn.v_proj in 14-th block
2026-07-30 16:49:34.367 | INFO     | llmc.models.base_model:replace_module_subset:432 - replace >>> self_attn.v_proj in 14-th block
2026-07-30 16:49:34.367 | INFO     | llmc.models.base_model:replace_module_subset:432 - replace >>> self_attn.o_proj in 14-th block
2026-07-30 16:49:34.367 | INFO     | llmc.models.base_model:replace_module_subset:432 - replace >>> self_attn.o_proj in 14-th block
2026-07-30 16:49:34.367 | INFO     | llmc.models.base_model:replace_module_subset:432 - replace >>> mlp.gate_proj in 14-th block
2026-07-30 16:49:34.367 | INFO     | llmc.models.base_model:replace_module_subset:432 - replace >>> mlp.gate_proj in 14-th block
2026-07-30 16:49:34.367 | INFO     | llmc.models.base_model:replace_module_subset:432 - replace >>> mlp.up_proj in 14-th block
2026-07-30 16:49:34.367 | INFO     | llmc.models.base_model:replace_module_subset:432 - replace >>> mlp.up_proj in 14-th block
2026-07-30 16:49:34.367 | INFO     | llmc.models.base_model:replace_module_subset:432 - replace >>> mlp.down_proj in 14-th block
2026-07-30 16:49:34.367 | INFO     | llmc.models.base_model:replace_module_subset:432 - replace >>> mlp.down_proj in 14-th block
2026-07-30 16:49:36.843 | INFO     | llmc.compression.blockwise_optimization:run_block_loop:36 - 
block index: 15/16 
block: LlamaDecoderLayer(
  (self_attn): LlamaAttention(
    (q_proj): Linear(in_features=2048, out_features=2048, bias=False)
    (k_proj): Linear(in_features=2048, out_features=512, bias=False)
    (v_proj): Linear(in_features=2048, out_features=512, bias=False)
    (o_proj): Linear(in_features=2048, out_features=2048, bias=False)
  )
  (mlp): LlamaMLP(
    (gate_proj): Linear(in_features=2048, out_features=8192, bias=False)
    (up_proj): Linear(in_features=2048, out_features=8192, bias=False)
    (down_proj): Linear(in_features=8192, out_features=2048, bias=False)
    (act_fn): SiLUActivation()
  )
  (input_layernorm): LlamaRMSNorm((2048,), eps=1e-05)
  (post_attention_layernorm): LlamaRMSNorm((2048,), eps=1e-05)
)
2026-07-30 16:49:36.843 | INFO     | llmc.compression.blockwise_optimization:run_block_loop:36 - 
block index: 15/16 
block: LlamaDecoderLayer(
  (self_attn): LlamaAttention(
    (q_proj): Linear(in_features=2048, out_features=2048, bias=False)
    (k_proj): Linear(in_features=2048, out_features=512, bias=False)
    (v_proj): Linear(in_features=2048, out_features=512, bias=False)
    (o_proj): Linear(in_features=2048, out_features=2048, bias=False)
  )
  (mlp): LlamaMLP(
    (gate_proj): Linear(in_features=2048, out_features=8192, bias=False)
    (up_proj): Linear(in_features=2048, out_features=8192, bias=False)
    (down_proj): Linear(in_features=8192, out_features=2048, bias=False)
    (act_fn): SiLUActivation()
  )
  (input_layernorm): LlamaRMSNorm((2048,), eps=1e-05)
  (post_attention_layernorm): LlamaRMSNorm((2048,), eps=1e-05)
)
2026-07-30 16:49:36.862 | INFO     | llmc.compression.quantization.base_blockwise_quantization:block_opt:416 - input_feat_modules: {'self_attn.q_proj': Linear(in_features=2048, out_features=2048, bias=False), 'self_attn.k_proj': Linear(in_features=2048, out_features=512, bias=False), 'self_attn.v_proj': Linear(in_features=2048, out_features=512, bias=False), 'self_attn.o_proj': Linear(in_features=2048, out_features=2048, bias=False), 'mlp.gate_proj': Linear(in_features=2048, out_features=8192, bias=False), 'mlp.up_proj': Linear(in_features=2048, out_features=8192, bias=False), 'mlp.down_proj': Linear(in_features=8192, out_features=2048, bias=False)}
2026-07-30 16:49:36.862 | INFO     | llmc.compression.quantization.base_blockwise_quantization:block_opt:416 - input_feat_modules: {'self_attn.q_proj': Linear(in_features=2048, out_features=2048, bias=False), 'self_attn.k_proj': Linear(in_features=2048, out_features=512, bias=False), 'self_attn.v_proj': Linear(in_features=2048, out_features=512, bias=False), 'self_attn.o_proj': Linear(in_features=2048, out_features=2048, bias=False), 'mlp.gate_proj': Linear(in_features=2048, out_features=8192, bias=False), 'mlp.up_proj': Linear(in_features=2048, out_features=8192, bias=False), 'mlp.down_proj': Linear(in_features=8192, out_features=2048, bias=False)}
2026-07-30 16:49:41.152 | INFO     | llmc.compression.quantization.base_blockwise_quantization:block_transform:484 - Start transform the 15-th block
2026-07-30 16:49:41.152 | INFO     | llmc.compression.quantization.base_blockwise_quantization:block_transform:484 - Start transform the 15-th block
2026-07-30 16:49:41.152 | INFO     | llmc.compression.quantization.base_blockwise_quantization:block_transform:493 - subset: {'layers': {'self_attn.q_proj': Linear(in_features=2048, out_features=2048, bias=False), 'self_attn.k_proj': Linear(in_features=2048, out_features=512, bias=False), 'self_attn.v_proj': Linear(in_features=2048, out_features=512, bias=False)}, 'prev_op': [LlamaRMSNorm((2048,), eps=1e-05)], 'input': ['self_attn.q_proj'], 'inspect': LlamaAttention(
  (q_proj): Linear(in_features=2048, out_features=2048, bias=False)
  (k_proj): Linear(in_features=2048, out_features=512, bias=False)
  (v_proj): Linear(in_features=2048, out_features=512, bias=False)
  (o_proj): Linear(in_features=2048, out_features=2048, bias=False)
), 'has_kwargs': True}
2026-07-30 16:49:41.152 | INFO     | llmc.compression.quantization.base_blockwise_quantization:block_transform:493 - subset: {'layers': {'self_attn.q_proj': Linear(in_features=2048, out_features=2048, bias=False), 'self_attn.k_proj': Linear(in_features=2048, out_features=512, bias=False), 'self_attn.v_proj': Linear(in_features=2048, out_features=512, bias=False)}, 'prev_op': [LlamaRMSNorm((2048,), eps=1e-05)], 'input': ['self_attn.q_proj'], 'inspect': LlamaAttention(
  (q_proj): Linear(in_features=2048, out_features=2048, bias=False)
  (k_proj): Linear(in_features=2048, out_features=512, bias=False)
  (v_proj): Linear(in_features=2048, out_features=512, bias=False)
  (o_proj): Linear(in_features=2048, out_features=2048, bias=False)
), 'has_kwargs': True}
2026-07-30 16:49:43.007 | INFO     | llmc.compression.quantization.gptq:update_layer_with_transformed_weights:184 - error 7610.6328125
2026-07-30 16:49:43.007 | INFO     | llmc.compression.quantization.gptq:update_layer_with_transformed_weights:184 - error 7610.6328125
2026-07-30 16:49:43.425 | INFO     | llmc.compression.quantization.gptq:update_layer_with_transformed_weights:184 - error 4382.95703125
2026-07-30 16:49:43.425 | INFO     | llmc.compression.quantization.gptq:update_layer_with_transformed_weights:184 - error 4382.95703125
2026-07-30 16:49:45.530 | INFO     | llmc.compression.quantization.gptq:update_layer_with_transformed_weights:184 - error 1862.755615234375
2026-07-30 16:49:45.530 | INFO     | llmc.compression.quantization.gptq:update_layer_with_transformed_weights:184 - error 1862.755615234375
2026-07-30 16:49:45.531 | INFO     | llmc.models.base_model:replace_module_subset:432 - replace >>> self_attn.q_proj in 15-th block
2026-07-30 16:49:45.531 | INFO     | llmc.models.base_model:replace_module_subset:432 - replace >>> self_attn.q_proj in 15-th block
2026-07-30 16:49:45.531 | INFO     | llmc.models.base_model:replace_module_subset:432 - replace >>> self_attn.k_proj in 15-th block
2026-07-30 16:49:45.531 | INFO     | llmc.models.base_model:replace_module_subset:432 - replace >>> self_attn.k_proj in 15-th block
2026-07-30 16:49:45.531 | INFO     | llmc.models.base_model:replace_module_subset:432 - replace >>> self_attn.v_proj in 15-th block
2026-07-30 16:49:45.531 | INFO     | llmc.models.base_model:replace_module_subset:432 - replace >>> self_attn.v_proj in 15-th block
2026-07-30 16:49:46.139 | INFO     | llmc.compression.quantization.base_blockwise_quantization:block_transform:493 - subset: {'layers': {'self_attn.o_proj': Linear(in_features=2048, out_features=2048, bias=False)}, 'prev_op': [Linear(in_features=2048, out_features=512, bias=False)], 'input': ['self_attn.o_proj'], 'inspect': Linear(in_features=2048, out_features=2048, bias=False), 'has_kwargs': False}
2026-07-30 16:49:46.139 | INFO     | llmc.compression.quantization.base_blockwise_quantization:block_transform:493 - subset: {'layers': {'self_attn.o_proj': Linear(in_features=2048, out_features=2048, bias=False)}, 'prev_op': [Linear(in_features=2048, out_features=512, bias=False)], 'input': ['self_attn.o_proj'], 'inspect': Linear(in_features=2048, out_features=2048, bias=False), 'has_kwargs': False}
2026-07-30 16:49:48.237 | INFO     | llmc.compression.quantization.gptq:update_layer_with_transformed_weights:184 - error 571.866943359375
2026-07-30 16:49:48.237 | INFO     | llmc.compression.quantization.gptq:update_layer_with_transformed_weights:184 - error 571.866943359375
2026-07-30 16:49:48.239 | INFO     | llmc.models.base_model:replace_module_subset:432 - replace >>> self_attn.o_proj in 15-th block
2026-07-30 16:49:48.239 | INFO     | llmc.models.base_model:replace_module_subset:432 - replace >>> self_attn.o_proj in 15-th block
2026-07-30 16:49:48.907 | INFO     | llmc.compression.quantization.base_blockwise_quantization:block_transform:493 - subset: {'layers': {'mlp.gate_proj': Linear(in_features=2048, out_features=8192, bias=False), 'mlp.up_proj': Linear(in_features=2048, out_features=8192, bias=False)}, 'prev_op': [LlamaRMSNorm((2048,), eps=1e-05)], 'input': ['mlp.gate_proj'], 'inspect': LlamaMLP(
  (gate_proj): Linear(in_features=2048, out_features=8192, bias=False)
  (up_proj): Linear(in_features=2048, out_features=8192, bias=False)
  (down_proj): Linear(in_features=8192, out_features=2048, bias=False)
  (act_fn): SiLUActivation()
), 'has_kwargs': False, 'is_mlp': True}
2026-07-30 16:49:48.907 | INFO     | llmc.compression.quantization.base_blockwise_quantization:block_transform:493 - subset: {'layers': {'mlp.gate_proj': Linear(in_features=2048, out_features=8192, bias=False), 'mlp.up_proj': Linear(in_features=2048, out_features=8192, bias=False)}, 'prev_op': [LlamaRMSNorm((2048,), eps=1e-05)], 'input': ['mlp.gate_proj'], 'inspect': LlamaMLP(
  (gate_proj): Linear(in_features=2048, out_features=8192, bias=False)
  (up_proj): Linear(in_features=2048, out_features=8192, bias=False)
  (down_proj): Linear(in_features=8192, out_features=2048, bias=False)
  (act_fn): SiLUActivation()
), 'has_kwargs': False, 'is_mlp': True}
2026-07-30 16:49:51.119 | INFO     | llmc.compression.quantization.gptq:update_layer_with_transformed_weights:184 - error 15838.0185546875
2026-07-30 16:49:51.119 | INFO     | llmc.compression.quantization.gptq:update_layer_with_transformed_weights:184 - error 15838.0185546875
2026-07-30 16:49:51.548 | INFO     | llmc.compression.quantization.gptq:update_layer_with_transformed_weights:184 - error 11868.13671875
2026-07-30 16:49:51.548 | INFO     | llmc.compression.quantization.gptq:update_layer_with_transformed_weights:184 - error 11868.13671875
2026-07-30 16:49:51.558 | INFO     | llmc.models.base_model:replace_module_subset:432 - replace >>> mlp.gate_proj in 15-th block
2026-07-30 16:49:51.558 | INFO     | llmc.models.base_model:replace_module_subset:432 - replace >>> mlp.gate_proj in 15-th block
2026-07-30 16:49:51.558 | INFO     | llmc.models.base_model:replace_module_subset:432 - replace >>> mlp.up_proj in 15-th block
2026-07-30 16:49:51.558 | INFO     | llmc.models.base_model:replace_module_subset:432 - replace >>> mlp.up_proj in 15-th block
2026-07-30 16:49:57.082 | INFO     | llmc.compression.quantization.base_blockwise_quantization:block_transform:493 - subset: {'layers': {'mlp.down_proj': Linear(in_features=8192, out_features=2048, bias=False)}, 'prev_op': [Linear(in_features=2048, out_features=8192, bias=False)], 'input': ['mlp.down_proj'], 'inspect': Linear(in_features=8192, out_features=2048, bias=False), 'has_kwargs': False, 'is_mlp': True}
2026-07-30 16:49:57.082 | INFO     | llmc.compression.quantization.base_blockwise_quantization:block_transform:493 - subset: {'layers': {'mlp.down_proj': Linear(in_features=8192, out_features=2048, bias=False)}, 'prev_op': [Linear(in_features=2048, out_features=8192, bias=False)], 'input': ['mlp.down_proj'], 'inspect': Linear(in_features=8192, out_features=2048, bias=False), 'has_kwargs': False, 'is_mlp': True}
2026-07-30 16:50:03.462 | INFO     | llmc.compression.quantization.gptq:update_layer_with_transformed_weights:184 - error 1092.522216796875
2026-07-30 16:50:03.462 | INFO     | llmc.compression.quantization.gptq:update_layer_with_transformed_weights:184 - error 1092.522216796875
2026-07-30 16:50:03.500 | INFO     | llmc.compression.quantization.base_blockwise_quantization:block_transform:523 - End transform the 15-th block
2026-07-30 16:50:03.500 | INFO     | llmc.compression.quantization.base_blockwise_quantization:block_transform:523 - End transform the 15-th block
2026-07-30 16:50:03.500 | INFO     | llmc.models.base_model:replace_module_subset:432 - replace >>> self_attn.q_proj in 15-th block
2026-07-30 16:50:03.500 | INFO     | llmc.models.base_model:replace_module_subset:432 - replace >>> self_attn.q_proj in 15-th block
2026-07-30 16:50:03.500 | INFO     | llmc.models.base_model:replace_module_subset:432 - replace >>> self_attn.k_proj in 15-th block
2026-07-30 16:50:03.500 | INFO     | llmc.models.base_model:replace_module_subset:432 - replace >>> self_attn.k_proj in 15-th block
2026-07-30 16:50:03.500 | INFO     | llmc.models.base_model:replace_module_subset:432 - replace >>> self_attn.v_proj in 15-th block
2026-07-30 16:50:03.500 | INFO     | llmc.models.base_model:replace_module_subset:432 - replace >>> self_attn.v_proj in 15-th block
2026-07-30 16:50:03.500 | INFO     | llmc.models.base_model:replace_module_subset:432 - replace >>> self_attn.o_proj in 15-th block
2026-07-30 16:50:03.500 | INFO     | llmc.models.base_model:replace_module_subset:432 - replace >>> self_attn.o_proj in 15-th block
2026-07-30 16:50:03.500 | INFO     | llmc.models.base_model:replace_module_subset:432 - replace >>> mlp.gate_proj in 15-th block
2026-07-30 16:50:03.500 | INFO     | llmc.models.base_model:replace_module_subset:432 - replace >>> mlp.gate_proj in 15-th block
2026-07-30 16:50:03.500 | INFO     | llmc.models.base_model:replace_module_subset:432 - replace >>> mlp.up_proj in 15-th block
2026-07-30 16:50:03.500 | INFO     | llmc.models.base_model:replace_module_subset:432 - replace >>> mlp.up_proj in 15-th block
2026-07-30 16:50:03.500 | INFO     | llmc.models.base_model:replace_module_subset:432 - replace >>> mlp.down_proj in 15-th block
2026-07-30 16:50:03.500 | INFO     | llmc.models.base_model:replace_module_subset:432 - replace >>> mlp.down_proj in 15-th block
/mnt/e/LightCompress/.venv-llmc/lib/python3.11/site-packages/torch/distributed/c10d_logger.py:83: UserWarning: barrier(): using the device under current context. You can specify `device_id` in `init_process_group` to mute this warning.
  return func(*args, **kwargs)
2026-07-30 16:50:04.301 | INFO     | llmc.compression.quantization.base_blockwise_quantization:deploy:971 - -- deploy_fake_quant_model start --
2026-07-30 16:50:04.301 | INFO     | llmc.compression.quantization.base_blockwise_quantization:deploy:971 - -- deploy_fake_quant_model start --
2026-07-30 16:50:04.301 | INFO     | llmc.compression.quantization.base_blockwise_quantization:deploy:972 - quant_config : {'method': 'GPTQ', 'weight': {'bit': 4, 'symmetric': False, 'granularity': 'per_group', 'group_size': 128, 'tp': 1}, 'special': {'actorder': True, 'static_groups': False, 'percdamp': 0.01, 'blocksize': 128, 'true_sequential': True}, 'quant_out': True, 'modality': 'language'}
2026-07-30 16:50:04.301 | INFO     | llmc.compression.quantization.base_blockwise_quantization:deploy:972 - quant_config : {'method': 'GPTQ', 'weight': {'bit': 4, 'symmetric': False, 'granularity': 'per_group', 'group_size': 128, 'tp': 1}, 'special': {'actorder': True, 'static_groups': False, 'percdamp': 0.01, 'blocksize': 128, 'true_sequential': True}, 'quant_out': True, 'modality': 'language'}
2026-07-30 16:50:04.301 | INFO     | llmc.models.base_model:add_layernorms_class:277 - _TRANSFORMERS_LN_TYPES_ : [<class 'torch.nn.modules.normalization.LayerNorm'>, <class 'transformers.models.llama.modeling_llama.LlamaRMSNorm'>]
2026-07-30 16:50:04.301 | INFO     | llmc.models.base_model:add_layernorms_class:277 - _TRANSFORMERS_LN_TYPES_ : [<class 'torch.nn.modules.normalization.LayerNorm'>, <class 'transformers.models.llama.modeling_llama.LlamaRMSNorm'>]
2026-07-30 16:50:04.301 | INFO     | llmc.compression.quantization.base_blockwise_quantization:deploy:991 - set modality: language
2026-07-30 16:50:04.301 | INFO     | llmc.compression.quantization.base_blockwise_quantization:deploy:991 - set modality: language
2026-07-30 16:50:04.301 | INFO     | llmc.models.base_model:replace_module_all:383 - Replace block index: 0/16
2026-07-30 16:50:04.301 | INFO     | llmc.models.base_model:replace_module_all:383 - Replace block index: 0/16
2026-07-30 16:50:04.350 | INFO     | llmc.models.base_model:replace_module_subset:432 - replace >>> self_attn.q_proj in 0-th block
2026-07-30 16:50:04.350 | INFO     | llmc.models.base_model:replace_module_subset:432 - replace >>> self_attn.q_proj in 0-th block
2026-07-30 16:50:04.350 | INFO     | llmc.models.base_model:replace_module_subset:432 - replace >>> self_attn.k_proj in 0-th block
2026-07-30 16:50:04.350 | INFO     | llmc.models.base_model:replace_module_subset:432 - replace >>> self_attn.k_proj in 0-th block
2026-07-30 16:50:04.350 | INFO     | llmc.models.base_model:replace_module_subset:432 - replace >>> self_attn.v_proj in 0-th block
2026-07-30 16:50:04.350 | INFO     | llmc.models.base_model:replace_module_subset:432 - replace >>> self_attn.v_proj in 0-th block
2026-07-30 16:50:04.351 | INFO     | llmc.models.base_model:replace_module_subset:432 - replace >>> self_attn.o_proj in 0-th block
2026-07-30 16:50:04.351 | INFO     | llmc.models.base_model:replace_module_subset:432 - replace >>> self_attn.o_proj in 0-th block
2026-07-30 16:50:04.351 | INFO     | llmc.models.base_model:replace_module_subset:432 - replace >>> mlp.gate_proj in 0-th block
2026-07-30 16:50:04.351 | INFO     | llmc.models.base_model:replace_module_subset:432 - replace >>> mlp.gate_proj in 0-th block
2026-07-30 16:50:04.352 | INFO     | llmc.models.base_model:replace_module_subset:432 - replace >>> mlp.up_proj in 0-th block
2026-07-30 16:50:04.352 | INFO     | llmc.models.base_model:replace_module_subset:432 - replace >>> mlp.up_proj in 0-th block
2026-07-30 16:50:04.352 | INFO     | llmc.models.base_model:replace_module_subset:432 - replace >>> mlp.down_proj in 0-th block
2026-07-30 16:50:04.352 | INFO     | llmc.models.base_model:replace_module_subset:432 - replace >>> mlp.down_proj in 0-th block
2026-07-30 16:50:04.794 | INFO     | llmc.models.base_model:replace_module_all:383 - Replace block index: 1/16
2026-07-30 16:50:04.794 | INFO     | llmc.models.base_model:replace_module_all:383 - Replace block index: 1/16
2026-07-30 16:50:06.094 | INFO     | llmc.models.base_model:replace_module_subset:432 - replace >>> self_attn.q_proj in 1-th block
2026-07-30 16:50:06.094 | INFO     | llmc.models.base_model:replace_module_subset:432 - replace >>> self_attn.q_proj in 1-th block
2026-07-30 16:50:06.094 | INFO     | llmc.models.base_model:replace_module_subset:432 - replace >>> self_attn.k_proj in 1-th block
2026-07-30 16:50:06.094 | INFO     | llmc.models.base_model:replace_module_subset:432 - replace >>> self_attn.k_proj in 1-th block
2026-07-30 16:50:06.094 | INFO     | llmc.models.base_model:replace_module_subset:432 - replace >>> self_attn.v_proj in 1-th block
2026-07-30 16:50:06.094 | INFO     | llmc.models.base_model:replace_module_subset:432 - replace >>> self_attn.v_proj in 1-th block
2026-07-30 16:50:06.095 | INFO     | llmc.models.base_model:replace_module_subset:432 - replace >>> self_attn.o_proj in 1-th block
2026-07-30 16:50:06.095 | INFO     | llmc.models.base_model:replace_module_subset:432 - replace >>> self_attn.o_proj in 1-th block
2026-07-30 16:50:06.095 | INFO     | llmc.models.base_model:replace_module_subset:432 - replace >>> mlp.gate_proj in 1-th block
2026-07-30 16:50:06.095 | INFO     | llmc.models.base_model:replace_module_subset:432 - replace >>> mlp.gate_proj in 1-th block
2026-07-30 16:50:06.096 | INFO     | llmc.models.base_model:replace_module_subset:432 - replace >>> mlp.up_proj in 1-th block
2026-07-30 16:50:06.096 | INFO     | llmc.models.base_model:replace_module_subset:432 - replace >>> mlp.up_proj in 1-th block
2026-07-30 16:50:06.096 | INFO     | llmc.models.base_model:replace_module_subset:432 - replace >>> mlp.down_proj in 1-th block
2026-07-30 16:50:06.096 | INFO     | llmc.models.base_model:replace_module_subset:432 - replace >>> mlp.down_proj in 1-th block
2026-07-30 16:50:06.353 | INFO     | llmc.models.base_model:replace_module_all:383 - Replace block index: 2/16
2026-07-30 16:50:06.353 | INFO     | llmc.models.base_model:replace_module_all:383 - Replace block index: 2/16
2026-07-30 16:50:06.408 | INFO     | llmc.models.base_model:replace_module_subset:432 - replace >>> self_attn.q_proj in 2-th block
2026-07-30 16:50:06.408 | INFO     | llmc.models.base_model:replace_module_subset:432 - replace >>> self_attn.q_proj in 2-th block
2026-07-30 16:50:06.409 | INFO     | llmc.models.base_model:replace_module_subset:432 - replace >>> self_attn.k_proj in 2-th block
2026-07-30 16:50:06.409 | INFO     | llmc.models.base_model:replace_module_subset:432 - replace >>> self_attn.k_proj in 2-th block
2026-07-30 16:50:06.410 | INFO     | llmc.models.base_model:replace_module_subset:432 - replace >>> self_attn.v_proj in 2-th block
2026-07-30 16:50:06.410 | INFO     | llmc.models.base_model:replace_module_subset:432 - replace >>> self_attn.v_proj in 2-th block
2026-07-30 16:50:06.410 | INFO     | llmc.models.base_model:replace_module_subset:432 - replace >>> self_attn.o_proj in 2-th block
2026-07-30 16:50:06.410 | INFO     | llmc.models.base_model:replace_module_subset:432 - replace >>> self_attn.o_proj in 2-th block
2026-07-30 16:50:06.411 | INFO     | llmc.models.base_model:replace_module_subset:432 - replace >>> mlp.gate_proj in 2-th block
2026-07-30 16:50:06.411 | INFO     | llmc.models.base_model:replace_module_subset:432 - replace >>> mlp.gate_proj in 2-th block
2026-07-30 16:50:06.411 | INFO     | llmc.models.base_model:replace_module_subset:432 - replace >>> mlp.up_proj in 2-th block
2026-07-30 16:50:06.411 | INFO     | llmc.models.base_model:replace_module_subset:432 - replace >>> mlp.up_proj in 2-th block
2026-07-30 16:50:06.411 | INFO     | llmc.models.base_model:replace_module_subset:432 - replace >>> mlp.down_proj in 2-th block
2026-07-30 16:50:06.411 | INFO     | llmc.models.base_model:replace_module_subset:432 - replace >>> mlp.down_proj in 2-th block
2026-07-30 16:50:06.641 | INFO     | llmc.models.base_model:replace_module_all:383 - Replace block index: 3/16
2026-07-30 16:50:06.641 | INFO     | llmc.models.base_model:replace_module_all:383 - Replace block index: 3/16
2026-07-30 16:50:06.689 | INFO     | llmc.models.base_model:replace_module_subset:432 - replace >>> self_attn.q_proj in 3-th block
2026-07-30 16:50:06.689 | INFO     | llmc.models.base_model:replace_module_subset:432 - replace >>> self_attn.q_proj in 3-th block
2026-07-30 16:50:06.690 | INFO     | llmc.models.base_model:replace_module_subset:432 - replace >>> self_attn.k_proj in 3-th block
2026-07-30 16:50:06.690 | INFO     | llmc.models.base_model:replace_module_subset:432 - replace >>> self_attn.k_proj in 3-th block
2026-07-30 16:50:06.691 | INFO     | llmc.models.base_model:replace_module_subset:432 - replace >>> self_attn.v_proj in 3-th block
2026-07-30 16:50:06.691 | INFO     | llmc.models.base_model:replace_module_subset:432 - replace >>> self_attn.v_proj in 3-th block
2026-07-30 16:50:06.692 | INFO     | llmc.models.base_model:replace_module_subset:432 - replace >>> self_attn.o_proj in 3-th block
2026-07-30 16:50:06.692 | INFO     | llmc.models.base_model:replace_module_subset:432 - replace >>> self_attn.o_proj in 3-th block
2026-07-30 16:50:06.693 | INFO     | llmc.models.base_model:replace_module_subset:432 - replace >>> mlp.gate_proj in 3-th block
2026-07-30 16:50:06.693 | INFO     | llmc.models.base_model:replace_module_subset:432 - replace >>> mlp.gate_proj in 3-th block
2026-07-30 16:50:06.694 | INFO     | llmc.models.base_model:replace_module_subset:432 - replace >>> mlp.up_proj in 3-th block
2026-07-30 16:50:06.694 | INFO     | llmc.models.base_model:replace_module_subset:432 - replace >>> mlp.up_proj in 3-th block
2026-07-30 16:50:06.695 | INFO     | llmc.models.base_model:replace_module_subset:432 - replace >>> mlp.down_proj in 3-th block
2026-07-30 16:50:06.695 | INFO     | llmc.models.base_model:replace_module_subset:432 - replace >>> mlp.down_proj in 3-th block
2026-07-30 16:50:06.926 | INFO     | llmc.models.base_model:replace_module_all:383 - Replace block index: 4/16
2026-07-30 16:50:06.926 | INFO     | llmc.models.base_model:replace_module_all:383 - Replace block index: 4/16
2026-07-30 16:50:06.976 | INFO     | llmc.models.base_model:replace_module_subset:432 - replace >>> self_attn.q_proj in 4-th block
2026-07-30 16:50:06.976 | INFO     | llmc.models.base_model:replace_module_subset:432 - replace >>> self_attn.q_proj in 4-th block
2026-07-30 16:50:06.976 | INFO     | llmc.models.base_model:replace_module_subset:432 - replace >>> self_attn.k_proj in 4-th block
2026-07-30 16:50:06.976 | INFO     | llmc.models.base_model:replace_module_subset:432 - replace >>> self_attn.k_proj in 4-th block
2026-07-30 16:50:06.977 | INFO     | llmc.models.base_model:replace_module_subset:432 - replace >>> self_attn.v_proj in 4-th block
2026-07-30 16:50:06.977 | INFO     | llmc.models.base_model:replace_module_subset:432 - replace >>> self_attn.v_proj in 4-th block
2026-07-30 16:50:06.977 | INFO     | llmc.models.base_model:replace_module_subset:432 - replace >>> self_attn.o_proj in 4-th block
2026-07-30 16:50:06.977 | INFO     | llmc.models.base_model:replace_module_subset:432 - replace >>> self_attn.o_proj in 4-th block
2026-07-30 16:50:06.977 | INFO     | llmc.models.base_model:replace_module_subset:432 - replace >>> mlp.gate_proj in 4-th block
2026-07-30 16:50:06.977 | INFO     | llmc.models.base_model:replace_module_subset:432 - replace >>> mlp.gate_proj in 4-th block
2026-07-30 16:50:06.978 | INFO     | llmc.models.base_model:replace_module_subset:432 - replace >>> mlp.up_proj in 4-th block
2026-07-30 16:50:06.978 | INFO     | llmc.models.base_model:replace_module_subset:432 - replace >>> mlp.up_proj in 4-th block
2026-07-30 16:50:06.978 | INFO     | llmc.models.base_model:replace_module_subset:432 - replace >>> mlp.down_proj in 4-th block
2026-07-30 16:50:06.978 | INFO     | llmc.models.base_model:replace_module_subset:432 - replace >>> mlp.down_proj in 4-th block
2026-07-30 16:50:08.667 | INFO     | llmc.models.base_model:replace_module_all:383 - Replace block index: 5/16
2026-07-30 16:50:08.667 | INFO     | llmc.models.base_model:replace_module_all:383 - Replace block index: 5/16
2026-07-30 16:50:08.716 | INFO     | llmc.models.base_model:replace_module_subset:432 - replace >>> self_attn.q_proj in 5-th block
2026-07-30 16:50:08.716 | INFO     | llmc.models.base_model:replace_module_subset:432 - replace >>> self_attn.q_proj in 5-th block
2026-07-30 16:50:08.717 | INFO     | llmc.models.base_model:replace_module_subset:432 - replace >>> self_attn.k_proj in 5-th block
2026-07-30 16:50:08.717 | INFO     | llmc.models.base_model:replace_module_subset:432 - replace >>> self_attn.k_proj in 5-th block
2026-07-30 16:50:08.719 | INFO     | llmc.models.base_model:replace_module_subset:432 - replace >>> self_attn.v_proj in 5-th block
2026-07-30 16:50:08.719 | INFO     | llmc.models.base_model:replace_module_subset:432 - replace >>> self_attn.v_proj in 5-th block
2026-07-30 16:50:08.719 | INFO     | llmc.models.base_model:replace_module_subset:432 - replace >>> self_attn.o_proj in 5-th block
2026-07-30 16:50:08.719 | INFO     | llmc.models.base_model:replace_module_subset:432 - replace >>> self_attn.o_proj in 5-th block
2026-07-30 16:50:08.720 | INFO     | llmc.models.base_model:replace_module_subset:432 - replace >>> mlp.gate_proj in 5-th block
2026-07-30 16:50:08.720 | INFO     | llmc.models.base_model:replace_module_subset:432 - replace >>> mlp.gate_proj in 5-th block
2026-07-30 16:50:08.721 | INFO     | llmc.models.base_model:replace_module_subset:432 - replace >>> mlp.up_proj in 5-th block
2026-07-30 16:50:08.721 | INFO     | llmc.models.base_model:replace_module_subset:432 - replace >>> mlp.up_proj in 5-th block
2026-07-30 16:50:08.722 | INFO     | llmc.models.base_model:replace_module_subset:432 - replace >>> mlp.down_proj in 5-th block
2026-07-30 16:50:08.722 | INFO     | llmc.models.base_model:replace_module_subset:432 - replace >>> mlp.down_proj in 5-th block
2026-07-30 16:50:08.973 | INFO     | llmc.models.base_model:replace_module_all:383 - Replace block index: 6/16
2026-07-30 16:50:08.973 | INFO     | llmc.models.base_model:replace_module_all:383 - Replace block index: 6/16
2026-07-30 16:50:09.025 | INFO     | llmc.models.base_model:replace_module_subset:432 - replace >>> self_attn.q_proj in 6-th block
2026-07-30 16:50:09.025 | INFO     | llmc.models.base_model:replace_module_subset:432 - replace >>> self_attn.q_proj in 6-th block
2026-07-30 16:50:09.026 | INFO     | llmc.models.base_model:replace_module_subset:432 - replace >>> self_attn.k_proj in 6-th block
2026-07-30 16:50:09.026 | INFO     | llmc.models.base_model:replace_module_subset:432 - replace >>> self_attn.k_proj in 6-th block
2026-07-30 16:50:09.027 | INFO     | llmc.models.base_model:replace_module_subset:432 - replace >>> self_attn.v_proj in 6-th block
2026-07-30 16:50:09.027 | INFO     | llmc.models.base_model:replace_module_subset:432 - replace >>> self_attn.v_proj in 6-th block
2026-07-30 16:50:09.027 | INFO     | llmc.models.base_model:replace_module_subset:432 - replace >>> self_attn.o_proj in 6-th block
2026-07-30 16:50:09.027 | INFO     | llmc.models.base_model:replace_module_subset:432 - replace >>> self_attn.o_proj in 6-th block
2026-07-30 16:50:09.028 | INFO     | llmc.models.base_model:replace_module_subset:432 - replace >>> mlp.gate_proj in 6-th block
2026-07-30 16:50:09.028 | INFO     | llmc.models.base_model:replace_module_subset:432 - replace >>> mlp.gate_proj in 6-th block
2026-07-30 16:50:09.029 | INFO     | llmc.models.base_model:replace_module_subset:432 - replace >>> mlp.up_proj in 6-th block
2026-07-30 16:50:09.029 | INFO     | llmc.models.base_model:replace_module_subset:432 - replace >>> mlp.up_proj in 6-th block
2026-07-30 16:50:09.030 | INFO     | llmc.models.base_model:replace_module_subset:432 - replace >>> mlp.down_proj in 6-th block
2026-07-30 16:50:09.030 | INFO     | llmc.models.base_model:replace_module_subset:432 - replace >>> mlp.down_proj in 6-th block
2026-07-30 16:50:09.299 | INFO     | llmc.models.base_model:replace_module_all:383 - Replace block index: 7/16
2026-07-30 16:50:09.299 | INFO     | llmc.models.base_model:replace_module_all:383 - Replace block index: 7/16
2026-07-30 16:50:09.350 | INFO     | llmc.models.base_model:replace_module_subset:432 - replace >>> self_attn.q_proj in 7-th block
2026-07-30 16:50:09.350 | INFO     | llmc.models.base_model:replace_module_subset:432 - replace >>> self_attn.q_proj in 7-th block
2026-07-30 16:50:09.350 | INFO     | llmc.models.base_model:replace_module_subset:432 - replace >>> self_attn.k_proj in 7-th block
2026-07-30 16:50:09.350 | INFO     | llmc.models.base_model:replace_module_subset:432 - replace >>> self_attn.k_proj in 7-th block
2026-07-30 16:50:09.351 | INFO     | llmc.models.base_model:replace_module_subset:432 - replace >>> self_attn.v_proj in 7-th block
2026-07-30 16:50:09.351 | INFO     | llmc.models.base_model:replace_module_subset:432 - replace >>> self_attn.v_proj in 7-th block
2026-07-30 16:50:09.351 | INFO     | llmc.models.base_model:replace_module_subset:432 - replace >>> self_attn.o_proj in 7-th block
2026-07-30 16:50:09.351 | INFO     | llmc.models.base_model:replace_module_subset:432 - replace >>> self_attn.o_proj in 7-th block
2026-07-30 16:50:09.352 | INFO     | llmc.models.base_model:replace_module_subset:432 - replace >>> mlp.gate_proj in 7-th block
2026-07-30 16:50:09.352 | INFO     | llmc.models.base_model:replace_module_subset:432 - replace >>> mlp.gate_proj in 7-th block
2026-07-30 16:50:09.353 | INFO     | llmc.models.base_model:replace_module_subset:432 - replace >>> mlp.up_proj in 7-th block
2026-07-30 16:50:09.353 | INFO     | llmc.models.base_model:replace_module_subset:432 - replace >>> mlp.up_proj in 7-th block
2026-07-30 16:50:09.353 | INFO     | llmc.models.base_model:replace_module_subset:432 - replace >>> mlp.down_proj in 7-th block
2026-07-30 16:50:09.353 | INFO     | llmc.models.base_model:replace_module_subset:432 - replace >>> mlp.down_proj in 7-th block
2026-07-30 16:50:09.734 | INFO     | llmc.models.base_model:replace_module_all:383 - Replace block index: 8/16
2026-07-30 16:50:09.734 | INFO     | llmc.models.base_model:replace_module_all:383 - Replace block index: 8/16
2026-07-30 16:50:10.973 | INFO     | llmc.models.base_model:replace_module_subset:432 - replace >>> self_attn.q_proj in 8-th block
2026-07-30 16:50:10.973 | INFO     | llmc.models.base_model:replace_module_subset:432 - replace >>> self_attn.q_proj in 8-th block
2026-07-30 16:50:10.973 | INFO     | llmc.models.base_model:replace_module_subset:432 - replace >>> self_attn.k_proj in 8-th block
2026-07-30 16:50:10.973 | INFO     | llmc.models.base_model:replace_module_subset:432 - replace >>> self_attn.k_proj in 8-th block
2026-07-30 16:50:10.974 | INFO     | llmc.models.base_model:replace_module_subset:432 - replace >>> self_attn.v_proj in 8-th block
2026-07-30 16:50:10.974 | INFO     | llmc.models.base_model:replace_module_subset:432 - replace >>> self_attn.v_proj in 8-th block
2026-07-30 16:50:10.975 | INFO     | llmc.models.base_model:replace_module_subset:432 - replace >>> self_attn.o_proj in 8-th block
2026-07-30 16:50:10.975 | INFO     | llmc.models.base_model:replace_module_subset:432 - replace >>> self_attn.o_proj in 8-th block
2026-07-30 16:50:10.976 | INFO     | llmc.models.base_model:replace_module_subset:432 - replace >>> mlp.gate_proj in 8-th block
2026-07-30 16:50:10.976 | INFO     | llmc.models.base_model:replace_module_subset:432 - replace >>> mlp.gate_proj in 8-th block
2026-07-30 16:50:10.977 | INFO     | llmc.models.base_model:replace_module_subset:432 - replace >>> mlp.up_proj in 8-th block
2026-07-30 16:50:10.977 | INFO     | llmc.models.base_model:replace_module_subset:432 - replace >>> mlp.up_proj in 8-th block
2026-07-30 16:50:10.977 | INFO     | llmc.models.base_model:replace_module_subset:432 - replace >>> mlp.down_proj in 8-th block
2026-07-30 16:50:10.977 | INFO     | llmc.models.base_model:replace_module_subset:432 - replace >>> mlp.down_proj in 8-th block
2026-07-30 16:50:11.237 | INFO     | llmc.models.base_model:replace_module_all:383 - Replace block index: 9/16
2026-07-30 16:50:11.237 | INFO     | llmc.models.base_model:replace_module_all:383 - Replace block index: 9/16
2026-07-30 16:50:11.285 | INFO     | llmc.models.base_model:replace_module_subset:432 - replace >>> self_attn.q_proj in 9-th block
2026-07-30 16:50:11.285 | INFO     | llmc.models.base_model:replace_module_subset:432 - replace >>> self_attn.q_proj in 9-th block
2026-07-30 16:50:11.286 | INFO     | llmc.models.base_model:replace_module_subset:432 - replace >>> self_attn.k_proj in 9-th block
2026-07-30 16:50:11.286 | INFO     | llmc.models.base_model:replace_module_subset:432 - replace >>> self_attn.k_proj in 9-th block
2026-07-30 16:50:11.287 | INFO     | llmc.models.base_model:replace_module_subset:432 - replace >>> self_attn.v_proj in 9-th block
2026-07-30 16:50:11.287 | INFO     | llmc.models.base_model:replace_module_subset:432 - replace >>> self_attn.v_proj in 9-th block
2026-07-30 16:50:11.288 | INFO     | llmc.models.base_model:replace_module_subset:432 - replace >>> self_attn.o_proj in 9-th block
2026-07-30 16:50:11.288 | INFO     | llmc.models.base_model:replace_module_subset:432 - replace >>> self_attn.o_proj in 9-th block
2026-07-30 16:50:11.289 | INFO     | llmc.models.base_model:replace_module_subset:432 - replace >>> mlp.gate_proj in 9-th block
2026-07-30 16:50:11.289 | INFO     | llmc.models.base_model:replace_module_subset:432 - replace >>> mlp.gate_proj in 9-th block
2026-07-30 16:50:11.289 | INFO     | llmc.models.base_model:replace_module_subset:432 - replace >>> mlp.up_proj in 9-th block
2026-07-30 16:50:11.289 | INFO     | llmc.models.base_model:replace_module_subset:432 - replace >>> mlp.up_proj in 9-th block
2026-07-30 16:50:11.289 | INFO     | llmc.models.base_model:replace_module_subset:432 - replace >>> mlp.down_proj in 9-th block
2026-07-30 16:50:11.289 | INFO     | llmc.models.base_model:replace_module_subset:432 - replace >>> mlp.down_proj in 9-th block
2026-07-30 16:50:11.519 | INFO     | llmc.models.base_model:replace_module_all:383 - Replace block index: 10/16
2026-07-30 16:50:11.519 | INFO     | llmc.models.base_model:replace_module_all:383 - Replace block index: 10/16
2026-07-30 16:50:11.565 | INFO     | llmc.models.base_model:replace_module_subset:432 - replace >>> self_attn.q_proj in 10-th block
2026-07-30 16:50:11.565 | INFO     | llmc.models.base_model:replace_module_subset:432 - replace >>> self_attn.q_proj in 10-th block
2026-07-30 16:50:11.565 | INFO     | llmc.models.base_model:replace_module_subset:432 - replace >>> self_attn.k_proj in 10-th block
2026-07-30 16:50:11.565 | INFO     | llmc.models.base_model:replace_module_subset:432 - replace >>> self_attn.k_proj in 10-th block
2026-07-30 16:50:11.566 | INFO     | llmc.models.base_model:replace_module_subset:432 - replace >>> self_attn.v_proj in 10-th block
2026-07-30 16:50:11.566 | INFO     | llmc.models.base_model:replace_module_subset:432 - replace >>> self_attn.v_proj in 10-th block
2026-07-30 16:50:11.566 | INFO     | llmc.models.base_model:replace_module_subset:432 - replace >>> self_attn.o_proj in 10-th block
2026-07-30 16:50:11.566 | INFO     | llmc.models.base_model:replace_module_subset:432 - replace >>> self_attn.o_proj in 10-th block
2026-07-30 16:50:11.566 | INFO     | llmc.models.base_model:replace_module_subset:432 - replace >>> mlp.gate_proj in 10-th block
2026-07-30 16:50:11.566 | INFO     | llmc.models.base_model:replace_module_subset:432 - replace >>> mlp.gate_proj in 10-th block
2026-07-30 16:50:11.567 | INFO     | llmc.models.base_model:replace_module_subset:432 - replace >>> mlp.up_proj in 10-th block
2026-07-30 16:50:11.567 | INFO     | llmc.models.base_model:replace_module_subset:432 - replace >>> mlp.up_proj in 10-th block
2026-07-30 16:50:11.567 | INFO     | llmc.models.base_model:replace_module_subset:432 - replace >>> mlp.down_proj in 10-th block
2026-07-30 16:50:11.567 | INFO     | llmc.models.base_model:replace_module_subset:432 - replace >>> mlp.down_proj in 10-th block
2026-07-30 16:50:11.793 | INFO     | llmc.models.base_model:replace_module_all:383 - Replace block index: 11/16
2026-07-30 16:50:11.793 | INFO     | llmc.models.base_model:replace_module_all:383 - Replace block index: 11/16
2026-07-30 16:50:11.860 | INFO     | llmc.models.base_model:replace_module_subset:432 - replace >>> self_attn.q_proj in 11-th block
2026-07-30 16:50:11.860 | INFO     | llmc.models.base_model:replace_module_subset:432 - replace >>> self_attn.q_proj in 11-th block
2026-07-30 16:50:11.860 | INFO     | llmc.models.base_model:replace_module_subset:432 - replace >>> self_attn.k_proj in 11-th block
2026-07-30 16:50:11.860 | INFO     | llmc.models.base_model:replace_module_subset:432 - replace >>> self_attn.k_proj in 11-th block
2026-07-30 16:50:11.861 | INFO     | llmc.models.base_model:replace_module_subset:432 - replace >>> self_attn.v_proj in 11-th block
2026-07-30 16:50:11.861 | INFO     | llmc.models.base_model:replace_module_subset:432 - replace >>> self_attn.v_proj in 11-th block
2026-07-30 16:50:11.861 | INFO     | llmc.models.base_model:replace_module_subset:432 - replace >>> self_attn.o_proj in 11-th block
2026-07-30 16:50:11.861 | INFO     | llmc.models.base_model:replace_module_subset:432 - replace >>> self_attn.o_proj in 11-th block
2026-07-30 16:50:11.862 | INFO     | llmc.models.base_model:replace_module_subset:432 - replace >>> mlp.gate_proj in 11-th block
2026-07-30 16:50:11.862 | INFO     | llmc.models.base_model:replace_module_subset:432 - replace >>> mlp.gate_proj in 11-th block
2026-07-30 16:50:11.862 | INFO     | llmc.models.base_model:replace_module_subset:432 - replace >>> mlp.up_proj in 11-th block
2026-07-30 16:50:11.862 | INFO     | llmc.models.base_model:replace_module_subset:432 - replace >>> mlp.up_proj in 11-th block
2026-07-30 16:50:11.863 | INFO     | llmc.models.base_model:replace_module_subset:432 - replace >>> mlp.down_proj in 11-th block
2026-07-30 16:50:11.863 | INFO     | llmc.models.base_model:replace_module_subset:432 - replace >>> mlp.down_proj in 11-th block
2026-07-30 16:50:13.546 | INFO     | llmc.models.base_model:replace_module_all:383 - Replace block index: 12/16
2026-07-30 16:50:13.546 | INFO     | llmc.models.base_model:replace_module_all:383 - Replace block index: 12/16
2026-07-30 16:50:13.618 | INFO     | llmc.models.base_model:replace_module_subset:432 - replace >>> self_attn.q_proj in 12-th block
2026-07-30 16:50:13.618 | INFO     | llmc.models.base_model:replace_module_subset:432 - replace >>> self_attn.q_proj in 12-th block
2026-07-30 16:50:13.619 | INFO     | llmc.models.base_model:replace_module_subset:432 - replace >>> self_attn.k_proj in 12-th block
2026-07-30 16:50:13.619 | INFO     | llmc.models.base_model:replace_module_subset:432 - replace >>> self_attn.k_proj in 12-th block
2026-07-30 16:50:13.619 | INFO     | llmc.models.base_model:replace_module_subset:432 - replace >>> self_attn.v_proj in 12-th block
2026-07-30 16:50:13.619 | INFO     | llmc.models.base_model:replace_module_subset:432 - replace >>> self_attn.v_proj in 12-th block
2026-07-30 16:50:13.619 | INFO     | llmc.models.base_model:replace_module_subset:432 - replace >>> self_attn.o_proj in 12-th block
2026-07-30 16:50:13.619 | INFO     | llmc.models.base_model:replace_module_subset:432 - replace >>> self_attn.o_proj in 12-th block
2026-07-30 16:50:13.620 | INFO     | llmc.models.base_model:replace_module_subset:432 - replace >>> mlp.gate_proj in 12-th block
2026-07-30 16:50:13.620 | INFO     | llmc.models.base_model:replace_module_subset:432 - replace >>> mlp.gate_proj in 12-th block
2026-07-30 16:50:13.621 | INFO     | llmc.models.base_model:replace_module_subset:432 - replace >>> mlp.up_proj in 12-th block
2026-07-30 16:50:13.621 | INFO     | llmc.models.base_model:replace_module_subset:432 - replace >>> mlp.up_proj in 12-th block
2026-07-30 16:50:13.621 | INFO     | llmc.models.base_model:replace_module_subset:432 - replace >>> mlp.down_proj in 12-th block
2026-07-30 16:50:13.621 | INFO     | llmc.models.base_model:replace_module_subset:432 - replace >>> mlp.down_proj in 12-th block
2026-07-30 16:50:13.869 | INFO     | llmc.models.base_model:replace_module_all:383 - Replace block index: 13/16
2026-07-30 16:50:13.869 | INFO     | llmc.models.base_model:replace_module_all:383 - Replace block index: 13/16
2026-07-30 16:50:13.913 | INFO     | llmc.models.base_model:replace_module_subset:432 - replace >>> self_attn.q_proj in 13-th block
2026-07-30 16:50:13.913 | INFO     | llmc.models.base_model:replace_module_subset:432 - replace >>> self_attn.q_proj in 13-th block
2026-07-30 16:50:13.914 | INFO     | llmc.models.base_model:replace_module_subset:432 - replace >>> self_attn.k_proj in 13-th block
2026-07-30 16:50:13.914 | INFO     | llmc.models.base_model:replace_module_subset:432 - replace >>> self_attn.k_proj in 13-th block
2026-07-30 16:50:13.915 | INFO     | llmc.models.base_model:replace_module_subset:432 - replace >>> self_attn.v_proj in 13-th block
2026-07-30 16:50:13.915 | INFO     | llmc.models.base_model:replace_module_subset:432 - replace >>> self_attn.v_proj in 13-th block
2026-07-30 16:50:13.915 | INFO     | llmc.models.base_model:replace_module_subset:432 - replace >>> self_attn.o_proj in 13-th block
2026-07-30 16:50:13.915 | INFO     | llmc.models.base_model:replace_module_subset:432 - replace >>> self_attn.o_proj in 13-th block
2026-07-30 16:50:13.916 | INFO     | llmc.models.base_model:replace_module_subset:432 - replace >>> mlp.gate_proj in 13-th block
2026-07-30 16:50:13.916 | INFO     | llmc.models.base_model:replace_module_subset:432 - replace >>> mlp.gate_proj in 13-th block
2026-07-30 16:50:13.917 | INFO     | llmc.models.base_model:replace_module_subset:432 - replace >>> mlp.up_proj in 13-th block
2026-07-30 16:50:13.917 | INFO     | llmc.models.base_model:replace_module_subset:432 - replace >>> mlp.up_proj in 13-th block
2026-07-30 16:50:13.918 | INFO     | llmc.models.base_model:replace_module_subset:432 - replace >>> mlp.down_proj in 13-th block
2026-07-30 16:50:13.918 | INFO     | llmc.models.base_model:replace_module_subset:432 - replace >>> mlp.down_proj in 13-th block
2026-07-30 16:50:14.164 | INFO     | llmc.models.base_model:replace_module_all:383 - Replace block index: 14/16
2026-07-30 16:50:14.164 | INFO     | llmc.models.base_model:replace_module_all:383 - Replace block index: 14/16
2026-07-30 16:50:14.205 | INFO     | llmc.models.base_model:replace_module_subset:432 - replace >>> self_attn.q_proj in 14-th block
2026-07-30 16:50:14.205 | INFO     | llmc.models.base_model:replace_module_subset:432 - replace >>> self_attn.q_proj in 14-th block
2026-07-30 16:50:14.206 | INFO     | llmc.models.base_model:replace_module_subset:432 - replace >>> self_attn.k_proj in 14-th block
2026-07-30 16:50:14.206 | INFO     | llmc.models.base_model:replace_module_subset:432 - replace >>> self_attn.k_proj in 14-th block
2026-07-30 16:50:14.206 | INFO     | llmc.models.base_model:replace_module_subset:432 - replace >>> self_attn.v_proj in 14-th block
2026-07-30 16:50:14.206 | INFO     | llmc.models.base_model:replace_module_subset:432 - replace >>> self_attn.v_proj in 14-th block
2026-07-30 16:50:14.207 | INFO     | llmc.models.base_model:replace_module_subset:432 - replace >>> self_attn.o_proj in 14-th block
2026-07-30 16:50:14.207 | INFO     | llmc.models.base_model:replace_module_subset:432 - replace >>> self_attn.o_proj in 14-th block
2026-07-30 16:50:14.207 | INFO     | llmc.models.base_model:replace_module_subset:432 - replace >>> mlp.gate_proj in 14-th block
2026-07-30 16:50:14.207 | INFO     | llmc.models.base_model:replace_module_subset:432 - replace >>> mlp.gate_proj in 14-th block
2026-07-30 16:50:14.208 | INFO     | llmc.models.base_model:replace_module_subset:432 - replace >>> mlp.up_proj in 14-th block
2026-07-30 16:50:14.208 | INFO     | llmc.models.base_model:replace_module_subset:432 - replace >>> mlp.up_proj in 14-th block
2026-07-30 16:50:14.209 | INFO     | llmc.models.base_model:replace_module_subset:432 - replace >>> mlp.down_proj in 14-th block
2026-07-30 16:50:14.209 | INFO     | llmc.models.base_model:replace_module_subset:432 - replace >>> mlp.down_proj in 14-th block
2026-07-30 16:50:14.618 | INFO     | llmc.models.base_model:replace_module_all:383 - Replace block index: 15/16
2026-07-30 16:50:14.618 | INFO     | llmc.models.base_model:replace_module_all:383 - Replace block index: 15/16
2026-07-30 16:50:15.873 | INFO     | llmc.models.base_model:replace_module_subset:432 - replace >>> self_attn.q_proj in 15-th block
2026-07-30 16:50:15.873 | INFO     | llmc.models.base_model:replace_module_subset:432 - replace >>> self_attn.q_proj in 15-th block
2026-07-30 16:50:15.874 | INFO     | llmc.models.base_model:replace_module_subset:432 - replace >>> self_attn.k_proj in 15-th block
2026-07-30 16:50:15.874 | INFO     | llmc.models.base_model:replace_module_subset:432 - replace >>> self_attn.k_proj in 15-th block
2026-07-30 16:50:15.875 | INFO     | llmc.models.base_model:replace_module_subset:432 - replace >>> self_attn.v_proj in 15-th block
2026-07-30 16:50:15.875 | INFO     | llmc.models.base_model:replace_module_subset:432 - replace >>> self_attn.v_proj in 15-th block
2026-07-30 16:50:15.875 | INFO     | llmc.models.base_model:replace_module_subset:432 - replace >>> self_attn.o_proj in 15-th block
2026-07-30 16:50:15.875 | INFO     | llmc.models.base_model:replace_module_subset:432 - replace >>> self_attn.o_proj in 15-th block
2026-07-30 16:50:15.876 | INFO     | llmc.models.base_model:replace_module_subset:432 - replace >>> mlp.gate_proj in 15-th block
2026-07-30 16:50:15.876 | INFO     | llmc.models.base_model:replace_module_subset:432 - replace >>> mlp.gate_proj in 15-th block
2026-07-30 16:50:15.877 | INFO     | llmc.models.base_model:replace_module_subset:432 - replace >>> mlp.up_proj in 15-th block
2026-07-30 16:50:15.877 | INFO     | llmc.models.base_model:replace_module_subset:432 - replace >>> mlp.up_proj in 15-th block
2026-07-30 16:50:15.878 | INFO     | llmc.models.base_model:replace_module_subset:432 - replace >>> mlp.down_proj in 15-th block
2026-07-30 16:50:15.878 | INFO     | llmc.models.base_model:replace_module_subset:432 - replace >>> mlp.down_proj in 15-th block
2026-07-30 16:50:16.130 | INFO     | llmc.compression.quantization.base_blockwise_quantization:deploy:1014 - -- deploy_fake_quant_model done --
2026-07-30 16:50:16.130 | INFO     | llmc.compression.quantization.base_blockwise_quantization:deploy:1014 - -- deploy_fake_quant_model done --
2026-07-30 16:50:16.713 | INFO     | llmc.eval.eval_ppl:eval_func:23 - index : 1/141
2026-07-30 16:50:16.713 | INFO     | llmc.eval.eval_ppl:eval_func:23 - index : 1/141
2026-07-30 16:50:19.823 | INFO     | llmc.eval.eval_ppl:eval_func:23 - index : 2/141
2026-07-30 16:50:19.823 | INFO     | llmc.eval.eval_ppl:eval_func:23 - index : 2/141
2026-07-30 16:50:19.840 | INFO     | llmc.eval.eval_ppl:eval_func:23 - index : 3/141
2026-07-30 16:50:19.840 | INFO     | llmc.eval.eval_ppl:eval_func:23 - index : 3/141
2026-07-30 16:50:19.913 | INFO     | llmc.eval.eval_ppl:eval_func:23 - index : 4/141
2026-07-30 16:50:19.913 | INFO     | llmc.eval.eval_ppl:eval_func:23 - index : 4/141
2026-07-30 16:50:19.975 | INFO     | llmc.eval.eval_ppl:eval_func:23 - index : 5/141
2026-07-30 16:50:19.975 | INFO     | llmc.eval.eval_ppl:eval_func:23 - index : 5/141
2026-07-30 16:50:20.032 | INFO     | llmc.eval.eval_ppl:eval_func:23 - index : 6/141
2026-07-30 16:50:20.032 | INFO     | llmc.eval.eval_ppl:eval_func:23 - index : 6/141
2026-07-30 16:50:20.092 | INFO     | llmc.eval.eval_ppl:eval_func:23 - index : 7/141
2026-07-30 16:50:20.092 | INFO     | llmc.eval.eval_ppl:eval_func:23 - index : 7/141
2026-07-30 16:50:20.154 | INFO     | llmc.eval.eval_ppl:eval_func:23 - index : 8/141
2026-07-30 16:50:20.154 | INFO     | llmc.eval.eval_ppl:eval_func:23 - index : 8/141
2026-07-30 16:50:20.211 | INFO     | llmc.eval.eval_ppl:eval_func:23 - index : 9/141
2026-07-30 16:50:20.211 | INFO     | llmc.eval.eval_ppl:eval_func:23 - index : 9/141
2026-07-30 16:50:20.273 | INFO     | llmc.eval.eval_ppl:eval_func:23 - index : 10/141
2026-07-30 16:50:20.273 | INFO     | llmc.eval.eval_ppl:eval_func:23 - index : 10/141
2026-07-30 16:50:20.332 | INFO     | llmc.eval.eval_ppl:eval_func:23 - index : 11/141
2026-07-30 16:50:20.332 | INFO     | llmc.eval.eval_ppl:eval_func:23 - index : 11/141
2026-07-30 16:50:20.393 | INFO     | llmc.eval.eval_ppl:eval_func:23 - index : 12/141
2026-07-30 16:50:20.393 | INFO     | llmc.eval.eval_ppl:eval_func:23 - index : 12/141
2026-07-30 16:50:20.450 | INFO     | llmc.eval.eval_ppl:eval_func:23 - index : 13/141
2026-07-30 16:50:20.450 | INFO     | llmc.eval.eval_ppl:eval_func:23 - index : 13/141
2026-07-30 16:50:20.510 | INFO     | llmc.eval.eval_ppl:eval_func:23 - index : 14/141
2026-07-30 16:50:20.510 | INFO     | llmc.eval.eval_ppl:eval_func:23 - index : 14/141
2026-07-30 16:50:20.569 | INFO     | llmc.eval.eval_ppl:eval_func:23 - index : 15/141
2026-07-30 16:50:20.569 | INFO     | llmc.eval.eval_ppl:eval_func:23 - index : 15/141
2026-07-30 16:50:20.628 | INFO     | llmc.eval.eval_ppl:eval_func:23 - index : 16/141
2026-07-30 16:50:20.628 | INFO     | llmc.eval.eval_ppl:eval_func:23 - index : 16/141
2026-07-30 16:50:20.688 | INFO     | llmc.eval.eval_ppl:eval_func:23 - index : 17/141
2026-07-30 16:50:20.688 | INFO     | llmc.eval.eval_ppl:eval_func:23 - index : 17/141
2026-07-30 16:50:23.470 | INFO     | llmc.eval.eval_ppl:eval_func:23 - index : 18/141
2026-07-30 16:50:23.470 | INFO     | llmc.eval.eval_ppl:eval_func:23 - index : 18/141
2026-07-30 16:50:23.563 | INFO     | llmc.eval.eval_ppl:eval_func:23 - index : 19/141
2026-07-30 16:50:23.563 | INFO     | llmc.eval.eval_ppl:eval_func:23 - index : 19/141
2026-07-30 16:50:23.662 | INFO     | llmc.eval.eval_ppl:eval_func:23 - index : 20/141
2026-07-30 16:50:23.662 | INFO     | llmc.eval.eval_ppl:eval_func:23 - index : 20/141
2026-07-30 16:50:23.764 | INFO     | llmc.eval.eval_ppl:eval_func:23 - index : 21/141
2026-07-30 16:50:23.764 | INFO     | llmc.eval.eval_ppl:eval_func:23 - index : 21/141
2026-07-30 16:50:23.864 | INFO     | llmc.eval.eval_ppl:eval_func:23 - index : 22/141
2026-07-30 16:50:23.864 | INFO     | llmc.eval.eval_ppl:eval_func:23 - index : 22/141
2026-07-30 16:50:23.960 | INFO     | llmc.eval.eval_ppl:eval_func:23 - index : 23/141
2026-07-30 16:50:23.960 | INFO     | llmc.eval.eval_ppl:eval_func:23 - index : 23/141
2026-07-30 16:50:24.076 | INFO     | llmc.eval.eval_ppl:eval_func:23 - index : 24/141
2026-07-30 16:50:24.076 | INFO     | llmc.eval.eval_ppl:eval_func:23 - index : 24/141
2026-07-30 16:50:24.194 | INFO     | llmc.eval.eval_ppl:eval_func:23 - index : 25/141
2026-07-30 16:50:24.194 | INFO     | llmc.eval.eval_ppl:eval_func:23 - index : 25/141
2026-07-30 16:50:24.294 | INFO     | llmc.eval.eval_ppl:eval_func:23 - index : 26/141
2026-07-30 16:50:24.294 | INFO     | llmc.eval.eval_ppl:eval_func:23 - index : 26/141
2026-07-30 16:50:24.364 | INFO     | llmc.eval.eval_ppl:eval_func:23 - index : 27/141
2026-07-30 16:50:24.364 | INFO     | llmc.eval.eval_ppl:eval_func:23 - index : 27/141
2026-07-30 16:50:27.061 | INFO     | llmc.eval.eval_ppl:eval_func:23 - index : 28/141
2026-07-30 16:50:27.061 | INFO     | llmc.eval.eval_ppl:eval_func:23 - index : 28/141
2026-07-30 16:50:27.145 | INFO     | llmc.eval.eval_ppl:eval_func:23 - index : 29/141
2026-07-30 16:50:27.145 | INFO     | llmc.eval.eval_ppl:eval_func:23 - index : 29/141
2026-07-30 16:50:27.232 | INFO     | llmc.eval.eval_ppl:eval_func:23 - index : 30/141
2026-07-30 16:50:27.232 | INFO     | llmc.eval.eval_ppl:eval_func:23 - index : 30/141
2026-07-30 16:50:27.332 | INFO     | llmc.eval.eval_ppl:eval_func:23 - index : 31/141
2026-07-30 16:50:27.332 | INFO     | llmc.eval.eval_ppl:eval_func:23 - index : 31/141
2026-07-30 16:50:27.412 | INFO     | llmc.eval.eval_ppl:eval_func:23 - index : 32/141
2026-07-30 16:50:27.412 | INFO     | llmc.eval.eval_ppl:eval_func:23 - index : 32/141
2026-07-30 16:50:27.499 | INFO     | llmc.eval.eval_ppl:eval_func:23 - index : 33/141
2026-07-30 16:50:27.499 | INFO     | llmc.eval.eval_ppl:eval_func:23 - index : 33/141
2026-07-30 16:50:27.590 | INFO     | llmc.eval.eval_ppl:eval_func:23 - index : 34/141
2026-07-30 16:50:27.590 | INFO     | llmc.eval.eval_ppl:eval_func:23 - index : 34/141
2026-07-30 16:50:27.698 | INFO     | llmc.eval.eval_ppl:eval_func:23 - index : 35/141
2026-07-30 16:50:27.698 | INFO     | llmc.eval.eval_ppl:eval_func:23 - index : 35/141
2026-07-30 16:50:27.774 | INFO     | llmc.eval.eval_ppl:eval_func:23 - index : 36/141
2026-07-30 16:50:27.774 | INFO     | llmc.eval.eval_ppl:eval_func:23 - index : 36/141
2026-07-30 16:50:27.888 | INFO     | llmc.eval.eval_ppl:eval_func:23 - index : 37/141
2026-07-30 16:50:27.888 | INFO     | llmc.eval.eval_ppl:eval_func:23 - index : 37/141
2026-07-30 16:50:27.993 | INFO     | llmc.eval.eval_ppl:eval_func:23 - index : 38/141
2026-07-30 16:50:27.993 | INFO     | llmc.eval.eval_ppl:eval_func:23 - index : 38/141
2026-07-30 16:50:30.801 | INFO     | llmc.eval.eval_ppl:eval_func:23 - index : 39/141
2026-07-30 16:50:30.801 | INFO     | llmc.eval.eval_ppl:eval_func:23 - index : 39/141
2026-07-30 16:50:30.875 | INFO     | llmc.eval.eval_ppl:eval_func:23 - index : 40/141
2026-07-30 16:50:30.875 | INFO     | llmc.eval.eval_ppl:eval_func:23 - index : 40/141
2026-07-30 16:50:30.980 | INFO     | llmc.eval.eval_ppl:eval_func:23 - index : 41/141
2026-07-30 16:50:30.980 | INFO     | llmc.eval.eval_ppl:eval_func:23 - index : 41/141
2026-07-30 16:50:31.082 | INFO     | llmc.eval.eval_ppl:eval_func:23 - index : 42/141
2026-07-30 16:50:31.082 | INFO     | llmc.eval.eval_ppl:eval_func:23 - index : 42/141
2026-07-30 16:50:31.150 | INFO     | llmc.eval.eval_ppl:eval_func:23 - index : 43/141
2026-07-30 16:50:31.150 | INFO     | llmc.eval.eval_ppl:eval_func:23 - index : 43/141
2026-07-30 16:50:31.226 | INFO     | llmc.eval.eval_ppl:eval_func:23 - index : 44/141
2026-07-30 16:50:31.226 | INFO     | llmc.eval.eval_ppl:eval_func:23 - index : 44/141
2026-07-30 16:50:31.315 | INFO     | llmc.eval.eval_ppl:eval_func:23 - index : 45/141
2026-07-30 16:50:31.315 | INFO     | llmc.eval.eval_ppl:eval_func:23 - index : 45/141
2026-07-30 16:50:31.414 | INFO     | llmc.eval.eval_ppl:eval_func:23 - index : 46/141
2026-07-30 16:50:31.414 | INFO     | llmc.eval.eval_ppl:eval_func:23 - index : 46/141
2026-07-30 16:50:31.512 | INFO     | llmc.eval.eval_ppl:eval_func:23 - index : 47/141
2026-07-30 16:50:31.512 | INFO     | llmc.eval.eval_ppl:eval_func:23 - index : 47/141
2026-07-30 16:50:31.593 | INFO     | llmc.eval.eval_ppl:eval_func:23 - index : 48/141
2026-07-30 16:50:31.593 | INFO     | llmc.eval.eval_ppl:eval_func:23 - index : 48/141
2026-07-30 16:50:31.692 | INFO     | llmc.eval.eval_ppl:eval_func:23 - index : 49/141
2026-07-30 16:50:31.692 | INFO     | llmc.eval.eval_ppl:eval_func:23 - index : 49/141
2026-07-30 16:50:31.782 | INFO     | llmc.eval.eval_ppl:eval_func:23 - index : 50/141
2026-07-30 16:50:31.782 | INFO     | llmc.eval.eval_ppl:eval_func:23 - index : 50/141
2026-07-30 16:50:34.528 | INFO     | llmc.eval.eval_ppl:eval_func:23 - index : 51/141
2026-07-30 16:50:34.528 | INFO     | llmc.eval.eval_ppl:eval_func:23 - index : 51/141
2026-07-30 16:50:34.627 | INFO     | llmc.eval.eval_ppl:eval_func:23 - index : 52/141
2026-07-30 16:50:34.627 | INFO     | llmc.eval.eval_ppl:eval_func:23 - index : 52/141
2026-07-30 16:50:34.727 | INFO     | llmc.eval.eval_ppl:eval_func:23 - index : 53/141
2026-07-30 16:50:34.727 | INFO     | llmc.eval.eval_ppl:eval_func:23 - index : 53/141
2026-07-30 16:50:34.824 | INFO     | llmc.eval.eval_ppl:eval_func:23 - index : 54/141
2026-07-30 16:50:34.824 | INFO     | llmc.eval.eval_ppl:eval_func:23 - index : 54/141
2026-07-30 16:50:34.923 | INFO     | llmc.eval.eval_ppl:eval_func:23 - index : 55/141
2026-07-30 16:50:34.923 | INFO     | llmc.eval.eval_ppl:eval_func:23 - index : 55/141
2026-07-30 16:50:35.035 | INFO     | llmc.eval.eval_ppl:eval_func:23 - index : 56/141
2026-07-30 16:50:35.035 | INFO     | llmc.eval.eval_ppl:eval_func:23 - index : 56/141
2026-07-30 16:50:35.119 | INFO     | llmc.eval.eval_ppl:eval_func:23 - index : 57/141
2026-07-30 16:50:35.119 | INFO     | llmc.eval.eval_ppl:eval_func:23 - index : 57/141
2026-07-30 16:50:35.202 | INFO     | llmc.eval.eval_ppl:eval_func:23 - index : 58/141
2026-07-30 16:50:35.202 | INFO     | llmc.eval.eval_ppl:eval_func:23 - index : 58/141
2026-07-30 16:50:35.298 | INFO     | llmc.eval.eval_ppl:eval_func:23 - index : 59/141
2026-07-30 16:50:35.298 | INFO     | llmc.eval.eval_ppl:eval_func:23 - index : 59/141
2026-07-30 16:50:35.375 | INFO     | llmc.eval.eval_ppl:eval_func:23 - index : 60/141
2026-07-30 16:50:35.375 | INFO     | llmc.eval.eval_ppl:eval_func:23 - index : 60/141
2026-07-30 16:50:38.140 | INFO     | llmc.eval.eval_ppl:eval_func:23 - index : 61/141
2026-07-30 16:50:38.140 | INFO     | llmc.eval.eval_ppl:eval_func:23 - index : 61/141
2026-07-30 16:50:38.228 | INFO     | llmc.eval.eval_ppl:eval_func:23 - index : 62/141
2026-07-30 16:50:38.228 | INFO     | llmc.eval.eval_ppl:eval_func:23 - index : 62/141
2026-07-30 16:50:38.316 | INFO     | llmc.eval.eval_ppl:eval_func:23 - index : 63/141
2026-07-30 16:50:38.316 | INFO     | llmc.eval.eval_ppl:eval_func:23 - index : 63/141
2026-07-30 16:50:38.376 | INFO     | llmc.eval.eval_ppl:eval_func:23 - index : 64/141
2026-07-30 16:50:38.376 | INFO     | llmc.eval.eval_ppl:eval_func:23 - index : 64/141
2026-07-30 16:50:38.464 | INFO     | llmc.eval.eval_ppl:eval_func:23 - index : 65/141
2026-07-30 16:50:38.464 | INFO     | llmc.eval.eval_ppl:eval_func:23 - index : 65/141
2026-07-30 16:50:38.547 | INFO     | llmc.eval.eval_ppl:eval_func:23 - index : 66/141
2026-07-30 16:50:38.547 | INFO     | llmc.eval.eval_ppl:eval_func:23 - index : 66/141
2026-07-30 16:50:38.615 | INFO     | llmc.eval.eval_ppl:eval_func:23 - index : 67/141
2026-07-30 16:50:38.615 | INFO     | llmc.eval.eval_ppl:eval_func:23 - index : 67/141
2026-07-30 16:50:38.699 | INFO     | llmc.eval.eval_ppl:eval_func:23 - index : 68/141
2026-07-30 16:50:38.699 | INFO     | llmc.eval.eval_ppl:eval_func:23 - index : 68/141
2026-07-30 16:50:38.780 | INFO     | llmc.eval.eval_ppl:eval_func:23 - index : 69/141
2026-07-30 16:50:38.780 | INFO     | llmc.eval.eval_ppl:eval_func:23 - index : 69/141
2026-07-30 16:50:38.896 | INFO     | llmc.eval.eval_ppl:eval_func:23 - index : 70/141
2026-07-30 16:50:38.896 | INFO     | llmc.eval.eval_ppl:eval_func:23 - index : 70/141
2026-07-30 16:50:38.987 | INFO     | llmc.eval.eval_ppl:eval_func:23 - index : 71/141
2026-07-30 16:50:38.987 | INFO     | llmc.eval.eval_ppl:eval_func:23 - index : 71/141
2026-07-30 16:50:41.779 | INFO     | llmc.eval.eval_ppl:eval_func:23 - index : 72/141
2026-07-30 16:50:41.779 | INFO     | llmc.eval.eval_ppl:eval_func:23 - index : 72/141
2026-07-30 16:50:41.881 | INFO     | llmc.eval.eval_ppl:eval_func:23 - index : 73/141
2026-07-30 16:50:41.881 | INFO     | llmc.eval.eval_ppl:eval_func:23 - index : 73/141
2026-07-30 16:50:41.980 | INFO     | llmc.eval.eval_ppl:eval_func:23 - index : 74/141
2026-07-30 16:50:41.980 | INFO     | llmc.eval.eval_ppl:eval_func:23 - index : 74/141
2026-07-30 16:50:42.076 | INFO     | llmc.eval.eval_ppl:eval_func:23 - index : 75/141
2026-07-30 16:50:42.076 | INFO     | llmc.eval.eval_ppl:eval_func:23 - index : 75/141
2026-07-30 16:50:42.195 | INFO     | llmc.eval.eval_ppl:eval_func:23 - index : 76/141
2026-07-30 16:50:42.195 | INFO     | llmc.eval.eval_ppl:eval_func:23 - index : 76/141
2026-07-30 16:50:42.292 | INFO     | llmc.eval.eval_ppl:eval_func:23 - index : 77/141
2026-07-30 16:50:42.292 | INFO     | llmc.eval.eval_ppl:eval_func:23 - index : 77/141
2026-07-30 16:50:42.408 | INFO     | llmc.eval.eval_ppl:eval_func:23 - index : 78/141
2026-07-30 16:50:42.408 | INFO     | llmc.eval.eval_ppl:eval_func:23 - index : 78/141
2026-07-30 16:50:42.507 | INFO     | llmc.eval.eval_ppl:eval_func:23 - index : 79/141
2026-07-30 16:50:42.507 | INFO     | llmc.eval.eval_ppl:eval_func:23 - index : 79/141
2026-07-30 16:50:42.617 | INFO     | llmc.eval.eval_ppl:eval_func:23 - index : 80/141
2026-07-30 16:50:42.617 | INFO     | llmc.eval.eval_ppl:eval_func:23 - index : 80/141
2026-07-30 16:50:42.712 | INFO     | llmc.eval.eval_ppl:eval_func:23 - index : 81/141
2026-07-30 16:50:42.712 | INFO     | llmc.eval.eval_ppl:eval_func:23 - index : 81/141
2026-07-30 16:50:45.582 | INFO     | llmc.eval.eval_ppl:eval_func:23 - index : 82/141
2026-07-30 16:50:45.582 | INFO     | llmc.eval.eval_ppl:eval_func:23 - index : 82/141
2026-07-30 16:50:45.661 | INFO     | llmc.eval.eval_ppl:eval_func:23 - index : 83/141
2026-07-30 16:50:45.661 | INFO     | llmc.eval.eval_ppl:eval_func:23 - index : 83/141
2026-07-30 16:50:45.748 | INFO     | llmc.eval.eval_ppl:eval_func:23 - index : 84/141
2026-07-30 16:50:45.748 | INFO     | llmc.eval.eval_ppl:eval_func:23 - index : 84/141
2026-07-30 16:50:45.831 | INFO     | llmc.eval.eval_ppl:eval_func:23 - index : 85/141
2026-07-30 16:50:45.831 | INFO     | llmc.eval.eval_ppl:eval_func:23 - index : 85/141
2026-07-30 16:50:45.920 | INFO     | llmc.eval.eval_ppl:eval_func:23 - index : 86/141
2026-07-30 16:50:45.920 | INFO     | llmc.eval.eval_ppl:eval_func:23 - index : 86/141
2026-07-30 16:50:46.001 | INFO     | llmc.eval.eval_ppl:eval_func:23 - index : 87/141
2026-07-30 16:50:46.001 | INFO     | llmc.eval.eval_ppl:eval_func:23 - index : 87/141
2026-07-30 16:50:46.111 | INFO     | llmc.eval.eval_ppl:eval_func:23 - index : 88/141
2026-07-30 16:50:46.111 | INFO     | llmc.eval.eval_ppl:eval_func:23 - index : 88/141
2026-07-30 16:50:46.204 | INFO     | llmc.eval.eval_ppl:eval_func:23 - index : 89/141
2026-07-30 16:50:46.204 | INFO     | llmc.eval.eval_ppl:eval_func:23 - index : 89/141
2026-07-30 16:50:46.297 | INFO     | llmc.eval.eval_ppl:eval_func:23 - index : 90/141
2026-07-30 16:50:46.297 | INFO     | llmc.eval.eval_ppl:eval_func:23 - index : 90/141
2026-07-30 16:50:46.365 | INFO     | llmc.eval.eval_ppl:eval_func:23 - index : 91/141
2026-07-30 16:50:46.365 | INFO     | llmc.eval.eval_ppl:eval_func:23 - index : 91/141
2026-07-30 16:50:46.425 | INFO     | llmc.eval.eval_ppl:eval_func:23 - index : 92/141
2026-07-30 16:50:46.425 | INFO     | llmc.eval.eval_ppl:eval_func:23 - index : 92/141
2026-07-30 16:50:46.512 | INFO     | llmc.eval.eval_ppl:eval_func:23 - index : 93/141
2026-07-30 16:50:46.512 | INFO     | llmc.eval.eval_ppl:eval_func:23 - index : 93/141
2026-07-30 16:50:49.393 | INFO     | llmc.eval.eval_ppl:eval_func:23 - index : 94/141
2026-07-30 16:50:49.393 | INFO     | llmc.eval.eval_ppl:eval_func:23 - index : 94/141
2026-07-30 16:50:49.475 | INFO     | llmc.eval.eval_ppl:eval_func:23 - index : 95/141
2026-07-30 16:50:49.475 | INFO     | llmc.eval.eval_ppl:eval_func:23 - index : 95/141
2026-07-30 16:50:49.577 | INFO     | llmc.eval.eval_ppl:eval_func:23 - index : 96/141
2026-07-30 16:50:49.577 | INFO     | llmc.eval.eval_ppl:eval_func:23 - index : 96/141
2026-07-30 16:50:49.676 | INFO     | llmc.eval.eval_ppl:eval_func:23 - index : 97/141
2026-07-30 16:50:49.676 | INFO     | llmc.eval.eval_ppl:eval_func:23 - index : 97/141
2026-07-30 16:50:49.775 | INFO     | llmc.eval.eval_ppl:eval_func:23 - index : 98/141
2026-07-30 16:50:49.775 | INFO     | llmc.eval.eval_ppl:eval_func:23 - index : 98/141
2026-07-30 16:50:49.876 | INFO     | llmc.eval.eval_ppl:eval_func:23 - index : 99/141
2026-07-30 16:50:49.876 | INFO     | llmc.eval.eval_ppl:eval_func:23 - index : 99/141
2026-07-30 16:50:49.961 | INFO     | llmc.eval.eval_ppl:eval_func:23 - index : 100/141
2026-07-30 16:50:49.961 | INFO     | llmc.eval.eval_ppl:eval_func:23 - index : 100/141
2026-07-30 16:50:50.060 | INFO     | llmc.eval.eval_ppl:eval_func:23 - index : 101/141
2026-07-30 16:50:50.060 | INFO     | llmc.eval.eval_ppl:eval_func:23 - index : 101/141
2026-07-30 16:50:50.147 | INFO     | llmc.eval.eval_ppl:eval_func:23 - index : 102/141
2026-07-30 16:50:50.147 | INFO     | llmc.eval.eval_ppl:eval_func:23 - index : 102/141
2026-07-30 16:50:53.049 | INFO     | llmc.eval.eval_ppl:eval_func:23 - index : 103/141
2026-07-30 16:50:53.049 | INFO     | llmc.eval.eval_ppl:eval_func:23 - index : 103/141
2026-07-30 16:50:53.145 | INFO     | llmc.eval.eval_ppl:eval_func:23 - index : 104/141
2026-07-30 16:50:53.145 | INFO     | llmc.eval.eval_ppl:eval_func:23 - index : 104/141
2026-07-30 16:50:53.241 | INFO     | llmc.eval.eval_ppl:eval_func:23 - index : 105/141
2026-07-30 16:50:53.241 | INFO     | llmc.eval.eval_ppl:eval_func:23 - index : 105/141
2026-07-30 16:50:53.326 | INFO     | llmc.eval.eval_ppl:eval_func:23 - index : 106/141
2026-07-30 16:50:53.326 | INFO     | llmc.eval.eval_ppl:eval_func:23 - index : 106/141
2026-07-30 16:50:53.399 | INFO     | llmc.eval.eval_ppl:eval_func:23 - index : 107/141
2026-07-30 16:50:53.399 | INFO     | llmc.eval.eval_ppl:eval_func:23 - index : 107/141
2026-07-30 16:50:53.495 | INFO     | llmc.eval.eval_ppl:eval_func:23 - index : 108/141
2026-07-30 16:50:53.495 | INFO     | llmc.eval.eval_ppl:eval_func:23 - index : 108/141
2026-07-30 16:50:53.576 | INFO     | llmc.eval.eval_ppl:eval_func:23 - index : 109/141
2026-07-30 16:50:53.576 | INFO     | llmc.eval.eval_ppl:eval_func:23 - index : 109/141
2026-07-30 16:50:53.660 | INFO     | llmc.eval.eval_ppl:eval_func:23 - index : 110/141
2026-07-30 16:50:53.660 | INFO     | llmc.eval.eval_ppl:eval_func:23 - index : 110/141
2026-07-30 16:50:53.717 | INFO     | llmc.eval.eval_ppl:eval_func:23 - index : 111/141
2026-07-30 16:50:53.717 | INFO     | llmc.eval.eval_ppl:eval_func:23 - index : 111/141
2026-07-30 16:50:53.809 | INFO     | llmc.eval.eval_ppl:eval_func:23 - index : 112/141
2026-07-30 16:50:53.809 | INFO     | llmc.eval.eval_ppl:eval_func:23 - index : 112/141
2026-07-30 16:50:53.880 | INFO     | llmc.eval.eval_ppl:eval_func:23 - index : 113/141
2026-07-30 16:50:53.880 | INFO     | llmc.eval.eval_ppl:eval_func:23 - index : 113/141
2026-07-30 16:50:53.959 | INFO     | llmc.eval.eval_ppl:eval_func:23 - index : 114/141
2026-07-30 16:50:53.959 | INFO     | llmc.eval.eval_ppl:eval_func:23 - index : 114/141
2026-07-30 16:50:56.788 | INFO     | llmc.eval.eval_ppl:eval_func:23 - index : 115/141
2026-07-30 16:50:56.788 | INFO     | llmc.eval.eval_ppl:eval_func:23 - index : 115/141
2026-07-30 16:50:56.849 | INFO     | llmc.eval.eval_ppl:eval_func:23 - index : 116/141
2026-07-30 16:50:56.849 | INFO     | llmc.eval.eval_ppl:eval_func:23 - index : 116/141
2026-07-30 16:50:56.973 | INFO     | llmc.eval.eval_ppl:eval_func:23 - index : 117/141
2026-07-30 16:50:56.973 | INFO     | llmc.eval.eval_ppl:eval_func:23 - index : 117/141
2026-07-30 16:50:57.061 | INFO     | llmc.eval.eval_ppl:eval_func:23 - index : 118/141
2026-07-30 16:50:57.061 | INFO     | llmc.eval.eval_ppl:eval_func:23 - index : 118/141
2026-07-30 16:50:57.142 | INFO     | llmc.eval.eval_ppl:eval_func:23 - index : 119/141
2026-07-30 16:50:57.142 | INFO     | llmc.eval.eval_ppl:eval_func:23 - index : 119/141
2026-07-30 16:50:57.243 | INFO     | llmc.eval.eval_ppl:eval_func:23 - index : 120/141
2026-07-30 16:50:57.243 | INFO     | llmc.eval.eval_ppl:eval_func:23 - index : 120/141
2026-07-30 16:50:57.361 | INFO     | llmc.eval.eval_ppl:eval_func:23 - index : 121/141
2026-07-30 16:50:57.361 | INFO     | llmc.eval.eval_ppl:eval_func:23 - index : 121/141
2026-07-30 16:50:57.441 | INFO     | llmc.eval.eval_ppl:eval_func:23 - index : 122/141
2026-07-30 16:50:57.441 | INFO     | llmc.eval.eval_ppl:eval_func:23 - index : 122/141
2026-07-30 16:50:57.545 | INFO     | llmc.eval.eval_ppl:eval_func:23 - index : 123/141
2026-07-30 16:50:57.545 | INFO     | llmc.eval.eval_ppl:eval_func:23 - index : 123/141
2026-07-30 16:50:57.629 | INFO     | llmc.eval.eval_ppl:eval_func:23 - index : 124/141
2026-07-30 16:50:57.629 | INFO     | llmc.eval.eval_ppl:eval_func:23 - index : 124/141
2026-07-30 16:50:57.729 | INFO     | llmc.eval.eval_ppl:eval_func:23 - index : 125/141
2026-07-30 16:50:57.729 | INFO     | llmc.eval.eval_ppl:eval_func:23 - index : 125/141
2026-07-30 16:51:00.618 | INFO     | llmc.eval.eval_ppl:eval_func:23 - index : 126/141
2026-07-30 16:51:00.618 | INFO     | llmc.eval.eval_ppl:eval_func:23 - index : 126/141
2026-07-30 16:51:00.673 | INFO     | llmc.eval.eval_ppl:eval_func:23 - index : 127/141
2026-07-30 16:51:00.673 | INFO     | llmc.eval.eval_ppl:eval_func:23 - index : 127/141
2026-07-30 16:51:00.730 | INFO     | llmc.eval.eval_ppl:eval_func:23 - index : 128/141
2026-07-30 16:51:00.730 | INFO     | llmc.eval.eval_ppl:eval_func:23 - index : 128/141
2026-07-30 16:51:00.786 | INFO     | llmc.eval.eval_ppl:eval_func:23 - index : 129/141
2026-07-30 16:51:00.786 | INFO     | llmc.eval.eval_ppl:eval_func:23 - index : 129/141
2026-07-30 16:51:00.842 | INFO     | llmc.eval.eval_ppl:eval_func:23 - index : 130/141
2026-07-30 16:51:00.842 | INFO     | llmc.eval.eval_ppl:eval_func:23 - index : 130/141
2026-07-30 16:51:00.947 | INFO     | llmc.eval.eval_ppl:eval_func:23 - index : 131/141
2026-07-30 16:51:00.947 | INFO     | llmc.eval.eval_ppl:eval_func:23 - index : 131/141
2026-07-30 16:51:01.045 | INFO     | llmc.eval.eval_ppl:eval_func:23 - index : 132/141
2026-07-30 16:51:01.045 | INFO     | llmc.eval.eval_ppl:eval_func:23 - index : 132/141
2026-07-30 16:51:01.111 | INFO     | llmc.eval.eval_ppl:eval_func:23 - index : 133/141
2026-07-30 16:51:01.111 | INFO     | llmc.eval.eval_ppl:eval_func:23 - index : 133/141
2026-07-30 16:51:01.194 | INFO     | llmc.eval.eval_ppl:eval_func:23 - index : 134/141
2026-07-30 16:51:01.194 | INFO     | llmc.eval.eval_ppl:eval_func:23 - index : 134/141
2026-07-30 16:51:01.265 | INFO     | llmc.eval.eval_ppl:eval_func:23 - index : 135/141
2026-07-30 16:51:01.265 | INFO     | llmc.eval.eval_ppl:eval_func:23 - index : 135/141
2026-07-30 16:51:01.343 | INFO     | llmc.eval.eval_ppl:eval_func:23 - index : 136/141
2026-07-30 16:51:01.343 | INFO     | llmc.eval.eval_ppl:eval_func:23 - index : 136/141
2026-07-30 16:51:01.424 | INFO     | llmc.eval.eval_ppl:eval_func:23 - index : 137/141
2026-07-30 16:51:01.424 | INFO     | llmc.eval.eval_ppl:eval_func:23 - index : 137/141
2026-07-30 16:51:01.532 | INFO     | llmc.eval.eval_ppl:eval_func:23 - index : 138/141
2026-07-30 16:51:01.532 | INFO     | llmc.eval.eval_ppl:eval_func:23 - index : 138/141
2026-07-30 16:51:04.359 | INFO     | llmc.eval.eval_ppl:eval_func:23 - index : 139/141
2026-07-30 16:51:04.359 | INFO     | llmc.eval.eval_ppl:eval_func:23 - index : 139/141
2026-07-30 16:51:04.418 | INFO     | llmc.eval.eval_ppl:eval_func:23 - index : 140/141
2026-07-30 16:51:04.418 | INFO     | llmc.eval.eval_ppl:eval_func:23 - index : 140/141
2026-07-30 16:51:04.478 | INFO     | llmc.eval.eval_ppl:eval_func:23 - index : 141/141
2026-07-30 16:51:04.478 | INFO     | llmc.eval.eval_ppl:eval_func:23 - index : 141/141
2026-07-30 16:51:08.095 | INFO     | llmc.eval.utils:eval_model:94 - EVAL: ppl on wikitext2 is 10.404662132263184
2026-07-30 16:51:08.095 | INFO     | llmc.eval.utils:eval_model:94 - EVAL: ppl on wikitext2 is 10.404662132263184
2026-07-30 16:51:08.096 | INFO     | llmc.compression.quantization.base_blockwise_quantization:deploy:971 - -- deploy_fake_quant_model start --
2026-07-30 16:51:08.096 | INFO     | llmc.compression.quantization.base_blockwise_quantization:deploy:971 - -- deploy_fake_quant_model start --
2026-07-30 16:51:08.096 | INFO     | llmc.compression.quantization.base_blockwise_quantization:deploy:972 - quant_config : {'method': 'GPTQ', 'weight': {'bit': 4, 'symmetric': False, 'granularity': 'per_group', 'group_size': 128, 'tp': 1}, 'special': {'actorder': True, 'static_groups': False, 'percdamp': 0.01, 'blocksize': 128, 'true_sequential': True}, 'quant_out': True, 'modality': 'language'}
2026-07-30 16:51:08.096 | INFO     | llmc.compression.quantization.base_blockwise_quantization:deploy:972 - quant_config : {'method': 'GPTQ', 'weight': {'bit': 4, 'symmetric': False, 'granularity': 'per_group', 'group_size': 128, 'tp': 1}, 'special': {'actorder': True, 'static_groups': False, 'percdamp': 0.01, 'blocksize': 128, 'true_sequential': True}, 'quant_out': True, 'modality': 'language'}
2026-07-30 16:51:08.096 | INFO     | llmc.models.base_model:add_layernorms_class:277 - _TRANSFORMERS_LN_TYPES_ : [<class 'torch.nn.modules.normalization.LayerNorm'>, <class 'transformers.models.llama.modeling_llama.LlamaRMSNorm'>]
2026-07-30 16:51:08.096 | INFO     | llmc.models.base_model:add_layernorms_class:277 - _TRANSFORMERS_LN_TYPES_ : [<class 'torch.nn.modules.normalization.LayerNorm'>, <class 'transformers.models.llama.modeling_llama.LlamaRMSNorm'>]
2026-07-30 16:51:08.096 | INFO     | llmc.compression.quantization.base_blockwise_quantization:deploy:991 - set modality: language
2026-07-30 16:51:08.096 | INFO     | llmc.compression.quantization.base_blockwise_quantization:deploy:991 - set modality: language
2026-07-30 16:51:08.096 | INFO     | llmc.models.base_model:replace_module_all:383 - Replace block index: 0/16
2026-07-30 16:51:08.096 | INFO     | llmc.models.base_model:replace_module_all:383 - Replace block index: 0/16
2026-07-30 16:51:08.122 | INFO     | llmc.models.base_model:replace_module_subset:432 - replace >>> self_attn.q_proj in 0-th block
2026-07-30 16:51:08.122 | INFO     | llmc.models.base_model:replace_module_subset:432 - replace >>> self_attn.q_proj in 0-th block
2026-07-30 16:51:08.122 | INFO     | llmc.models.base_model:replace_module_subset:432 - replace >>> self_attn.k_proj in 0-th block
2026-07-30 16:51:08.122 | INFO     | llmc.models.base_model:replace_module_subset:432 - replace >>> self_attn.k_proj in 0-th block
2026-07-30 16:51:08.122 | INFO     | llmc.models.base_model:replace_module_subset:432 - replace >>> self_attn.v_proj in 0-th block
2026-07-30 16:51:08.122 | INFO     | llmc.models.base_model:replace_module_subset:432 - replace >>> self_attn.v_proj in 0-th block
2026-07-30 16:51:08.123 | INFO     | llmc.models.base_model:replace_module_subset:432 - replace >>> self_attn.o_proj in 0-th block
2026-07-30 16:51:08.123 | INFO     | llmc.models.base_model:replace_module_subset:432 - replace >>> self_attn.o_proj in 0-th block
2026-07-30 16:51:08.123 | INFO     | llmc.models.base_model:replace_module_subset:432 - replace >>> mlp.gate_proj in 0-th block
2026-07-30 16:51:08.123 | INFO     | llmc.models.base_model:replace_module_subset:432 - replace >>> mlp.gate_proj in 0-th block
2026-07-30 16:51:08.123 | INFO     | llmc.models.base_model:replace_module_subset:432 - replace >>> mlp.up_proj in 0-th block
2026-07-30 16:51:08.123 | INFO     | llmc.models.base_model:replace_module_subset:432 - replace >>> mlp.up_proj in 0-th block
2026-07-30 16:51:08.123 | INFO     | llmc.models.base_model:replace_module_subset:432 - replace >>> mlp.down_proj in 0-th block
2026-07-30 16:51:08.123 | INFO     | llmc.models.base_model:replace_module_subset:432 - replace >>> mlp.down_proj in 0-th block
2026-07-30 16:51:08.346 | INFO     | llmc.models.base_model:replace_module_all:383 - Replace block index: 1/16
2026-07-30 16:51:08.346 | INFO     | llmc.models.base_model:replace_module_all:383 - Replace block index: 1/16
2026-07-30 16:51:08.364 | INFO     | llmc.models.base_model:replace_module_subset:432 - replace >>> self_attn.q_proj in 1-th block
2026-07-30 16:51:08.364 | INFO     | llmc.models.base_model:replace_module_subset:432 - replace >>> self_attn.q_proj in 1-th block
2026-07-30 16:51:08.364 | INFO     | llmc.models.base_model:replace_module_subset:432 - replace >>> self_attn.k_proj in 1-th block
2026-07-30 16:51:08.364 | INFO     | llmc.models.base_model:replace_module_subset:432 - replace >>> self_attn.k_proj in 1-th block
2026-07-30 16:51:08.365 | INFO     | llmc.models.base_model:replace_module_subset:432 - replace >>> self_attn.v_proj in 1-th block
2026-07-30 16:51:08.365 | INFO     | llmc.models.base_model:replace_module_subset:432 - replace >>> self_attn.v_proj in 1-th block
2026-07-30 16:51:08.366 | INFO     | llmc.models.base_model:replace_module_subset:432 - replace >>> self_attn.o_proj in 1-th block
2026-07-30 16:51:08.366 | INFO     | llmc.models.base_model:replace_module_subset:432 - replace >>> self_attn.o_proj in 1-th block
2026-07-30 16:51:08.367 | INFO     | llmc.models.base_model:replace_module_subset:432 - replace >>> mlp.gate_proj in 1-th block
2026-07-30 16:51:08.367 | INFO     | llmc.models.base_model:replace_module_subset:432 - replace >>> mlp.gate_proj in 1-th block
2026-07-30 16:51:08.367 | INFO     | llmc.models.base_model:replace_module_subset:432 - replace >>> mlp.up_proj in 1-th block
2026-07-30 16:51:08.367 | INFO     | llmc.models.base_model:replace_module_subset:432 - replace >>> mlp.up_proj in 1-th block
2026-07-30 16:51:08.368 | INFO     | llmc.models.base_model:replace_module_subset:432 - replace >>> mlp.down_proj in 1-th block
2026-07-30 16:51:08.368 | INFO     | llmc.models.base_model:replace_module_subset:432 - replace >>> mlp.down_proj in 1-th block
2026-07-30 16:51:08.594 | INFO     | llmc.models.base_model:replace_module_all:383 - Replace block index: 2/16
2026-07-30 16:51:08.594 | INFO     | llmc.models.base_model:replace_module_all:383 - Replace block index: 2/16
2026-07-30 16:51:08.612 | INFO     | llmc.models.base_model:replace_module_subset:432 - replace >>> self_attn.q_proj in 2-th block
2026-07-30 16:51:08.612 | INFO     | llmc.models.base_model:replace_module_subset:432 - replace >>> self_attn.q_proj in 2-th block
2026-07-30 16:51:08.612 | INFO     | llmc.models.base_model:replace_module_subset:432 - replace >>> self_attn.k_proj in 2-th block
2026-07-30 16:51:08.612 | INFO     | llmc.models.base_model:replace_module_subset:432 - replace >>> self_attn.k_proj in 2-th block
2026-07-30 16:51:08.612 | INFO     | llmc.models.base_model:replace_module_subset:432 - replace >>> self_attn.v_proj in 2-th block
2026-07-30 16:51:08.612 | INFO     | llmc.models.base_model:replace_module_subset:432 - replace >>> self_attn.v_proj in 2-th block
2026-07-30 16:51:08.613 | INFO     | llmc.models.base_model:replace_module_subset:432 - replace >>> self_attn.o_proj in 2-th block
2026-07-30 16:51:08.613 | INFO     | llmc.models.base_model:replace_module_subset:432 - replace >>> self_attn.o_proj in 2-th block
2026-07-30 16:51:08.613 | INFO     | llmc.models.base_model:replace_module_subset:432 - replace >>> mlp.gate_proj in 2-th block
2026-07-30 16:51:08.613 | INFO     | llmc.models.base_model:replace_module_subset:432 - replace >>> mlp.gate_proj in 2-th block
2026-07-30 16:51:08.613 | INFO     | llmc.models.base_model:replace_module_subset:432 - replace >>> mlp.up_proj in 2-th block
2026-07-30 16:51:08.613 | INFO     | llmc.models.base_model:replace_module_subset:432 - replace >>> mlp.up_proj in 2-th block
2026-07-30 16:51:08.613 | INFO     | llmc.models.base_model:replace_module_subset:432 - replace >>> mlp.down_proj in 2-th block
2026-07-30 16:51:08.613 | INFO     | llmc.models.base_model:replace_module_subset:432 - replace >>> mlp.down_proj in 2-th block
2026-07-30 16:51:08.847 | INFO     | llmc.models.base_model:replace_module_all:383 - Replace block index: 3/16
2026-07-30 16:51:08.847 | INFO     | llmc.models.base_model:replace_module_all:383 - Replace block index: 3/16
2026-07-30 16:51:08.868 | INFO     | llmc.models.base_model:replace_module_subset:432 - replace >>> self_attn.q_proj in 3-th block
2026-07-30 16:51:08.868 | INFO     | llmc.models.base_model:replace_module_subset:432 - replace >>> self_attn.q_proj in 3-th block
2026-07-30 16:51:08.868 | INFO     | llmc.models.base_model:replace_module_subset:432 - replace >>> self_attn.k_proj in 3-th block
2026-07-30 16:51:08.868 | INFO     | llmc.models.base_model:replace_module_subset:432 - replace >>> self_attn.k_proj in 3-th block
2026-07-30 16:51:08.869 | INFO     | llmc.models.base_model:replace_module_subset:432 - replace >>> self_attn.v_proj in 3-th block
2026-07-30 16:51:08.869 | INFO     | llmc.models.base_model:replace_module_subset:432 - replace >>> self_attn.v_proj in 3-th block
2026-07-30 16:51:08.870 | INFO     | llmc.models.base_model:replace_module_subset:432 - replace >>> self_attn.o_proj in 3-th block
2026-07-30 16:51:08.870 | INFO     | llmc.models.base_model:replace_module_subset:432 - replace >>> self_attn.o_proj in 3-th block
2026-07-30 16:51:08.871 | INFO     | llmc.models.base_model:replace_module_subset:432 - replace >>> mlp.gate_proj in 3-th block
2026-07-30 16:51:08.871 | INFO     | llmc.models.base_model:replace_module_subset:432 - replace >>> mlp.gate_proj in 3-th block
2026-07-30 16:51:08.871 | INFO     | llmc.models.base_model:replace_module_subset:432 - replace >>> mlp.up_proj in 3-th block
2026-07-30 16:51:08.871 | INFO     | llmc.models.base_model:replace_module_subset:432 - replace >>> mlp.up_proj in 3-th block
2026-07-30 16:51:08.872 | INFO     | llmc.models.base_model:replace_module_subset:432 - replace >>> mlp.down_proj in 3-th block
2026-07-30 16:51:08.872 | INFO     | llmc.models.base_model:replace_module_subset:432 - replace >>> mlp.down_proj in 3-th block
2026-07-30 16:51:09.122 | INFO     | llmc.models.base_model:replace_module_all:383 - Replace block index: 4/16
2026-07-30 16:51:09.122 | INFO     | llmc.models.base_model:replace_module_all:383 - Replace block index: 4/16
2026-07-30 16:51:10.930 | INFO     | llmc.models.base_model:replace_module_subset:432 - replace >>> self_attn.q_proj in 4-th block
2026-07-30 16:51:10.930 | INFO     | llmc.models.base_model:replace_module_subset:432 - replace >>> self_attn.q_proj in 4-th block
2026-07-30 16:51:10.930 | INFO     | llmc.models.base_model:replace_module_subset:432 - replace >>> self_attn.k_proj in 4-th block
2026-07-30 16:51:10.930 | INFO     | llmc.models.base_model:replace_module_subset:432 - replace >>> self_attn.k_proj in 4-th block
2026-07-30 16:51:10.930 | INFO     | llmc.models.base_model:replace_module_subset:432 - replace >>> self_attn.v_proj in 4-th block
2026-07-30 16:51:10.930 | INFO     | llmc.models.base_model:replace_module_subset:432 - replace >>> self_attn.v_proj in 4-th block
2026-07-30 16:51:10.930 | INFO     | llmc.models.base_model:replace_module_subset:432 - replace >>> self_attn.o_proj in 4-th block
2026-07-30 16:51:10.930 | INFO     | llmc.models.base_model:replace_module_subset:432 - replace >>> self_attn.o_proj in 4-th block
2026-07-30 16:51:10.931 | INFO     | llmc.models.base_model:replace_module_subset:432 - replace >>> mlp.gate_proj in 4-th block
2026-07-30 16:51:10.931 | INFO     | llmc.models.base_model:replace_module_subset:432 - replace >>> mlp.gate_proj in 4-th block
2026-07-30 16:51:10.931 | INFO     | llmc.models.base_model:replace_module_subset:432 - replace >>> mlp.up_proj in 4-th block
2026-07-30 16:51:10.931 | INFO     | llmc.models.base_model:replace_module_subset:432 - replace >>> mlp.up_proj in 4-th block
2026-07-30 16:51:10.931 | INFO     | llmc.models.base_model:replace_module_subset:432 - replace >>> mlp.down_proj in 4-th block
2026-07-30 16:51:10.931 | INFO     | llmc.models.base_model:replace_module_subset:432 - replace >>> mlp.down_proj in 4-th block
2026-07-30 16:51:11.164 | INFO     | llmc.models.base_model:replace_module_all:383 - Replace block index: 5/16
2026-07-30 16:51:11.164 | INFO     | llmc.models.base_model:replace_module_all:383 - Replace block index: 5/16
2026-07-30 16:51:11.180 | INFO     | llmc.models.base_model:replace_module_subset:432 - replace >>> self_attn.q_proj in 5-th block
2026-07-30 16:51:11.180 | INFO     | llmc.models.base_model:replace_module_subset:432 - replace >>> self_attn.q_proj in 5-th block
2026-07-30 16:51:11.180 | INFO     | llmc.models.base_model:replace_module_subset:432 - replace >>> self_attn.k_proj in 5-th block
2026-07-30 16:51:11.180 | INFO     | llmc.models.base_model:replace_module_subset:432 - replace >>> self_attn.k_proj in 5-th block
2026-07-30 16:51:11.181 | INFO     | llmc.models.base_model:replace_module_subset:432 - replace >>> self_attn.v_proj in 5-th block
2026-07-30 16:51:11.181 | INFO     | llmc.models.base_model:replace_module_subset:432 - replace >>> self_attn.v_proj in 5-th block
2026-07-30 16:51:11.182 | INFO     | llmc.models.base_model:replace_module_subset:432 - replace >>> self_attn.o_proj in 5-th block
2026-07-30 16:51:11.182 | INFO     | llmc.models.base_model:replace_module_subset:432 - replace >>> self_attn.o_proj in 5-th block
2026-07-30 16:51:11.183 | INFO     | llmc.models.base_model:replace_module_subset:432 - replace >>> mlp.gate_proj in 5-th block
2026-07-30 16:51:11.183 | INFO     | llmc.models.base_model:replace_module_subset:432 - replace >>> mlp.gate_proj in 5-th block
2026-07-30 16:51:11.183 | INFO     | llmc.models.base_model:replace_module_subset:432 - replace >>> mlp.up_proj in 5-th block
2026-07-30 16:51:11.183 | INFO     | llmc.models.base_model:replace_module_subset:432 - replace >>> mlp.up_proj in 5-th block
2026-07-30 16:51:11.184 | INFO     | llmc.models.base_model:replace_module_subset:432 - replace >>> mlp.down_proj in 5-th block
2026-07-30 16:51:11.184 | INFO     | llmc.models.base_model:replace_module_subset:432 - replace >>> mlp.down_proj in 5-th block
2026-07-30 16:51:11.410 | INFO     | llmc.models.base_model:replace_module_all:383 - Replace block index: 6/16
2026-07-30 16:51:11.410 | INFO     | llmc.models.base_model:replace_module_all:383 - Replace block index: 6/16
2026-07-30 16:51:11.426 | INFO     | llmc.models.base_model:replace_module_subset:432 - replace >>> self_attn.q_proj in 6-th block
2026-07-30 16:51:11.426 | INFO     | llmc.models.base_model:replace_module_subset:432 - replace >>> self_attn.q_proj in 6-th block
2026-07-30 16:51:11.426 | INFO     | llmc.models.base_model:replace_module_subset:432 - replace >>> self_attn.k_proj in 6-th block
2026-07-30 16:51:11.426 | INFO     | llmc.models.base_model:replace_module_subset:432 - replace >>> self_attn.k_proj in 6-th block
2026-07-30 16:51:11.426 | INFO     | llmc.models.base_model:replace_module_subset:432 - replace >>> self_attn.v_proj in 6-th block
2026-07-30 16:51:11.426 | INFO     | llmc.models.base_model:replace_module_subset:432 - replace >>> self_attn.v_proj in 6-th block
2026-07-30 16:51:11.427 | INFO     | llmc.models.base_model:replace_module_subset:432 - replace >>> self_attn.o_proj in 6-th block
2026-07-30 16:51:11.427 | INFO     | llmc.models.base_model:replace_module_subset:432 - replace >>> self_attn.o_proj in 6-th block
2026-07-30 16:51:11.427 | INFO     | llmc.models.base_model:replace_module_subset:432 - replace >>> mlp.gate_proj in 6-th block
2026-07-30 16:51:11.427 | INFO     | llmc.models.base_model:replace_module_subset:432 - replace >>> mlp.gate_proj in 6-th block
2026-07-30 16:51:11.427 | INFO     | llmc.models.base_model:replace_module_subset:432 - replace >>> mlp.up_proj in 6-th block
2026-07-30 16:51:11.427 | INFO     | llmc.models.base_model:replace_module_subset:432 - replace >>> mlp.up_proj in 6-th block
2026-07-30 16:51:11.427 | INFO     | llmc.models.base_model:replace_module_subset:432 - replace >>> mlp.down_proj in 6-th block
2026-07-30 16:51:11.427 | INFO     | llmc.models.base_model:replace_module_subset:432 - replace >>> mlp.down_proj in 6-th block
2026-07-30 16:51:11.654 | INFO     | llmc.models.base_model:replace_module_all:383 - Replace block index: 7/16
2026-07-30 16:51:11.654 | INFO     | llmc.models.base_model:replace_module_all:383 - Replace block index: 7/16
2026-07-30 16:51:11.670 | INFO     | llmc.models.base_model:replace_module_subset:432 - replace >>> self_attn.q_proj in 7-th block
2026-07-30 16:51:11.670 | INFO     | llmc.models.base_model:replace_module_subset:432 - replace >>> self_attn.q_proj in 7-th block
2026-07-30 16:51:11.670 | INFO     | llmc.models.base_model:replace_module_subset:432 - replace >>> self_attn.k_proj in 7-th block
2026-07-30 16:51:11.670 | INFO     | llmc.models.base_model:replace_module_subset:432 - replace >>> self_attn.k_proj in 7-th block
2026-07-30 16:51:11.670 | INFO     | llmc.models.base_model:replace_module_subset:432 - replace >>> self_attn.v_proj in 7-th block
2026-07-30 16:51:11.670 | INFO     | llmc.models.base_model:replace_module_subset:432 - replace >>> self_attn.v_proj in 7-th block
2026-07-30 16:51:11.670 | INFO     | llmc.models.base_model:replace_module_subset:432 - replace >>> self_attn.o_proj in 7-th block
2026-07-30 16:51:11.670 | INFO     | llmc.models.base_model:replace_module_subset:432 - replace >>> self_attn.o_proj in 7-th block
2026-07-30 16:51:11.671 | INFO     | llmc.models.base_model:replace_module_subset:432 - replace >>> mlp.gate_proj in 7-th block
2026-07-30 16:51:11.671 | INFO     | llmc.models.base_model:replace_module_subset:432 - replace >>> mlp.gate_proj in 7-th block
2026-07-30 16:51:11.671 | INFO     | llmc.models.base_model:replace_module_subset:432 - replace >>> mlp.up_proj in 7-th block
2026-07-30 16:51:11.671 | INFO     | llmc.models.base_model:replace_module_subset:432 - replace >>> mlp.up_proj in 7-th block
2026-07-30 16:51:11.671 | INFO     | llmc.models.base_model:replace_module_subset:432 - replace >>> mlp.down_proj in 7-th block
2026-07-30 16:51:11.671 | INFO     | llmc.models.base_model:replace_module_subset:432 - replace >>> mlp.down_proj in 7-th block
2026-07-30 16:51:11.903 | INFO     | llmc.models.base_model:replace_module_all:383 - Replace block index: 8/16
2026-07-30 16:51:11.903 | INFO     | llmc.models.base_model:replace_module_all:383 - Replace block index: 8/16
2026-07-30 16:51:11.919 | INFO     | llmc.models.base_model:replace_module_subset:432 - replace >>> self_attn.q_proj in 8-th block
2026-07-30 16:51:11.919 | INFO     | llmc.models.base_model:replace_module_subset:432 - replace >>> self_attn.q_proj in 8-th block
2026-07-30 16:51:11.920 | INFO     | llmc.models.base_model:replace_module_subset:432 - replace >>> self_attn.k_proj in 8-th block
2026-07-30 16:51:11.920 | INFO     | llmc.models.base_model:replace_module_subset:432 - replace >>> self_attn.k_proj in 8-th block
2026-07-30 16:51:11.920 | INFO     | llmc.models.base_model:replace_module_subset:432 - replace >>> self_attn.v_proj in 8-th block
2026-07-30 16:51:11.920 | INFO     | llmc.models.base_model:replace_module_subset:432 - replace >>> self_attn.v_proj in 8-th block
2026-07-30 16:51:11.920 | INFO     | llmc.models.base_model:replace_module_subset:432 - replace >>> self_attn.o_proj in 8-th block
2026-07-30 16:51:11.920 | INFO     | llmc.models.base_model:replace_module_subset:432 - replace >>> self_attn.o_proj in 8-th block
2026-07-30 16:51:11.920 | INFO     | llmc.models.base_model:replace_module_subset:432 - replace >>> mlp.gate_proj in 8-th block
2026-07-30 16:51:11.920 | INFO     | llmc.models.base_model:replace_module_subset:432 - replace >>> mlp.gate_proj in 8-th block
2026-07-30 16:51:11.921 | INFO     | llmc.models.base_model:replace_module_subset:432 - replace >>> mlp.up_proj in 8-th block
2026-07-30 16:51:11.921 | INFO     | llmc.models.base_model:replace_module_subset:432 - replace >>> mlp.up_proj in 8-th block
2026-07-30 16:51:11.921 | INFO     | llmc.models.base_model:replace_module_subset:432 - replace >>> mlp.down_proj in 8-th block
2026-07-30 16:51:11.921 | INFO     | llmc.models.base_model:replace_module_subset:432 - replace >>> mlp.down_proj in 8-th block
2026-07-30 16:51:13.512 | INFO     | llmc.models.base_model:replace_module_all:383 - Replace block index: 9/16
2026-07-30 16:51:13.512 | INFO     | llmc.models.base_model:replace_module_all:383 - Replace block index: 9/16
2026-07-30 16:51:13.528 | INFO     | llmc.models.base_model:replace_module_subset:432 - replace >>> self_attn.q_proj in 9-th block
2026-07-30 16:51:13.528 | INFO     | llmc.models.base_model:replace_module_subset:432 - replace >>> self_attn.q_proj in 9-th block
2026-07-30 16:51:13.528 | INFO     | llmc.models.base_model:replace_module_subset:432 - replace >>> self_attn.k_proj in 9-th block
2026-07-30 16:51:13.528 | INFO     | llmc.models.base_model:replace_module_subset:432 - replace >>> self_attn.k_proj in 9-th block
2026-07-30 16:51:13.529 | INFO     | llmc.models.base_model:replace_module_subset:432 - replace >>> self_attn.v_proj in 9-th block
2026-07-30 16:51:13.529 | INFO     | llmc.models.base_model:replace_module_subset:432 - replace >>> self_attn.v_proj in 9-th block
2026-07-30 16:51:13.530 | INFO     | llmc.models.base_model:replace_module_subset:432 - replace >>> self_attn.o_proj in 9-th block
2026-07-30 16:51:13.530 | INFO     | llmc.models.base_model:replace_module_subset:432 - replace >>> self_attn.o_proj in 9-th block
2026-07-30 16:51:13.531 | INFO     | llmc.models.base_model:replace_module_subset:432 - replace >>> mlp.gate_proj in 9-th block
2026-07-30 16:51:13.531 | INFO     | llmc.models.base_model:replace_module_subset:432 - replace >>> mlp.gate_proj in 9-th block
2026-07-30 16:51:13.532 | INFO     | llmc.models.base_model:replace_module_subset:432 - replace >>> mlp.up_proj in 9-th block
2026-07-30 16:51:13.532 | INFO     | llmc.models.base_model:replace_module_subset:432 - replace >>> mlp.up_proj in 9-th block
2026-07-30 16:51:13.533 | INFO     | llmc.models.base_model:replace_module_subset:432 - replace >>> mlp.down_proj in 9-th block
2026-07-30 16:51:13.533 | INFO     | llmc.models.base_model:replace_module_subset:432 - replace >>> mlp.down_proj in 9-th block
2026-07-30 16:51:13.771 | INFO     | llmc.models.base_model:replace_module_all:383 - Replace block index: 10/16
2026-07-30 16:51:13.771 | INFO     | llmc.models.base_model:replace_module_all:383 - Replace block index: 10/16
2026-07-30 16:51:13.789 | INFO     | llmc.models.base_model:replace_module_subset:432 - replace >>> self_attn.q_proj in 10-th block
2026-07-30 16:51:13.789 | INFO     | llmc.models.base_model:replace_module_subset:432 - replace >>> self_attn.q_proj in 10-th block
2026-07-30 16:51:13.789 | INFO     | llmc.models.base_model:replace_module_subset:432 - replace >>> self_attn.k_proj in 10-th block
2026-07-30 16:51:13.789 | INFO     | llmc.models.base_model:replace_module_subset:432 - replace >>> self_attn.k_proj in 10-th block
2026-07-30 16:51:13.790 | INFO     | llmc.models.base_model:replace_module_subset:432 - replace >>> self_attn.v_proj in 10-th block
2026-07-30 16:51:13.790 | INFO     | llmc.models.base_model:replace_module_subset:432 - replace >>> self_attn.v_proj in 10-th block
2026-07-30 16:51:13.790 | INFO     | llmc.models.base_model:replace_module_subset:432 - replace >>> self_attn.o_proj in 10-th block
2026-07-30 16:51:13.790 | INFO     | llmc.models.base_model:replace_module_subset:432 - replace >>> self_attn.o_proj in 10-th block
2026-07-30 16:51:13.791 | INFO     | llmc.models.base_model:replace_module_subset:432 - replace >>> mlp.gate_proj in 10-th block
2026-07-30 16:51:13.791 | INFO     | llmc.models.base_model:replace_module_subset:432 - replace >>> mlp.gate_proj in 10-th block
2026-07-30 16:51:13.791 | INFO     | llmc.models.base_model:replace_module_subset:432 - replace >>> mlp.up_proj in 10-th block
2026-07-30 16:51:13.791 | INFO     | llmc.models.base_model:replace_module_subset:432 - replace >>> mlp.up_proj in 10-th block
2026-07-30 16:51:13.791 | INFO     | llmc.models.base_model:replace_module_subset:432 - replace >>> mlp.down_proj in 10-th block
2026-07-30 16:51:13.791 | INFO     | llmc.models.base_model:replace_module_subset:432 - replace >>> mlp.down_proj in 10-th block
2026-07-30 16:51:14.022 | INFO     | llmc.models.base_model:replace_module_all:383 - Replace block index: 11/16
2026-07-30 16:51:14.022 | INFO     | llmc.models.base_model:replace_module_all:383 - Replace block index: 11/16
2026-07-30 16:51:14.038 | INFO     | llmc.models.base_model:replace_module_subset:432 - replace >>> self_attn.q_proj in 11-th block
2026-07-30 16:51:14.038 | INFO     | llmc.models.base_model:replace_module_subset:432 - replace >>> self_attn.q_proj in 11-th block
2026-07-30 16:51:14.038 | INFO     | llmc.models.base_model:replace_module_subset:432 - replace >>> self_attn.k_proj in 11-th block
2026-07-30 16:51:14.038 | INFO     | llmc.models.base_model:replace_module_subset:432 - replace >>> self_attn.k_proj in 11-th block
2026-07-30 16:51:14.038 | INFO     | llmc.models.base_model:replace_module_subset:432 - replace >>> self_attn.v_proj in 11-th block
2026-07-30 16:51:14.038 | INFO     | llmc.models.base_model:replace_module_subset:432 - replace >>> self_attn.v_proj in 11-th block
2026-07-30 16:51:14.038 | INFO     | llmc.models.base_model:replace_module_subset:432 - replace >>> self_attn.o_proj in 11-th block
2026-07-30 16:51:14.038 | INFO     | llmc.models.base_model:replace_module_subset:432 - replace >>> self_attn.o_proj in 11-th block
2026-07-30 16:51:14.039 | INFO     | llmc.models.base_model:replace_module_subset:432 - replace >>> mlp.gate_proj in 11-th block
2026-07-30 16:51:14.039 | INFO     | llmc.models.base_model:replace_module_subset:432 - replace >>> mlp.gate_proj in 11-th block
2026-07-30 16:51:14.039 | INFO     | llmc.models.base_model:replace_module_subset:432 - replace >>> mlp.up_proj in 11-th block
2026-07-30 16:51:14.039 | INFO     | llmc.models.base_model:replace_module_subset:432 - replace >>> mlp.up_proj in 11-th block
2026-07-30 16:51:14.039 | INFO     | llmc.models.base_model:replace_module_subset:432 - replace >>> mlp.down_proj in 11-th block
2026-07-30 16:51:14.039 | INFO     | llmc.models.base_model:replace_module_subset:432 - replace >>> mlp.down_proj in 11-th block
2026-07-30 16:51:14.272 | INFO     | llmc.models.base_model:replace_module_all:383 - Replace block index: 12/16
2026-07-30 16:51:14.272 | INFO     | llmc.models.base_model:replace_module_all:383 - Replace block index: 12/16
2026-07-30 16:51:14.289 | INFO     | llmc.models.base_model:replace_module_subset:432 - replace >>> self_attn.q_proj in 12-th block
2026-07-30 16:51:14.289 | INFO     | llmc.models.base_model:replace_module_subset:432 - replace >>> self_attn.q_proj in 12-th block
2026-07-30 16:51:14.290 | INFO     | llmc.models.base_model:replace_module_subset:432 - replace >>> self_attn.k_proj in 12-th block
2026-07-30 16:51:14.290 | INFO     | llmc.models.base_model:replace_module_subset:432 - replace >>> self_attn.k_proj in 12-th block
2026-07-30 16:51:14.290 | INFO     | llmc.models.base_model:replace_module_subset:432 - replace >>> self_attn.v_proj in 12-th block
2026-07-30 16:51:14.290 | INFO     | llmc.models.base_model:replace_module_subset:432 - replace >>> self_attn.v_proj in 12-th block
2026-07-30 16:51:14.290 | INFO     | llmc.models.base_model:replace_module_subset:432 - replace >>> self_attn.o_proj in 12-th block
2026-07-30 16:51:14.290 | INFO     | llmc.models.base_model:replace_module_subset:432 - replace >>> self_attn.o_proj in 12-th block
2026-07-30 16:51:14.290 | INFO     | llmc.models.base_model:replace_module_subset:432 - replace >>> mlp.gate_proj in 12-th block
2026-07-30 16:51:14.290 | INFO     | llmc.models.base_model:replace_module_subset:432 - replace >>> mlp.gate_proj in 12-th block
2026-07-30 16:51:14.290 | INFO     | llmc.models.base_model:replace_module_subset:432 - replace >>> mlp.up_proj in 12-th block
2026-07-30 16:51:14.290 | INFO     | llmc.models.base_model:replace_module_subset:432 - replace >>> mlp.up_proj in 12-th block
2026-07-30 16:51:14.291 | INFO     | llmc.models.base_model:replace_module_subset:432 - replace >>> mlp.down_proj in 12-th block
2026-07-30 16:51:14.291 | INFO     | llmc.models.base_model:replace_module_subset:432 - replace >>> mlp.down_proj in 12-th block
2026-07-30 16:51:15.998 | INFO     | llmc.models.base_model:replace_module_all:383 - Replace block index: 13/16
2026-07-30 16:51:15.998 | INFO     | llmc.models.base_model:replace_module_all:383 - Replace block index: 13/16
2026-07-30 16:51:16.015 | INFO     | llmc.models.base_model:replace_module_subset:432 - replace >>> self_attn.q_proj in 13-th block
2026-07-30 16:51:16.015 | INFO     | llmc.models.base_model:replace_module_subset:432 - replace >>> self_attn.q_proj in 13-th block
2026-07-30 16:51:16.016 | INFO     | llmc.models.base_model:replace_module_subset:432 - replace >>> self_attn.k_proj in 13-th block
2026-07-30 16:51:16.016 | INFO     | llmc.models.base_model:replace_module_subset:432 - replace >>> self_attn.k_proj in 13-th block
2026-07-30 16:51:16.016 | INFO     | llmc.models.base_model:replace_module_subset:432 - replace >>> self_attn.v_proj in 13-th block
2026-07-30 16:51:16.016 | INFO     | llmc.models.base_model:replace_module_subset:432 - replace >>> self_attn.v_proj in 13-th block
2026-07-30 16:51:16.016 | INFO     | llmc.models.base_model:replace_module_subset:432 - replace >>> self_attn.o_proj in 13-th block
2026-07-30 16:51:16.016 | INFO     | llmc.models.base_model:replace_module_subset:432 - replace >>> self_attn.o_proj in 13-th block
2026-07-30 16:51:16.016 | INFO     | llmc.models.base_model:replace_module_subset:432 - replace >>> mlp.gate_proj in 13-th block
2026-07-30 16:51:16.016 | INFO     | llmc.models.base_model:replace_module_subset:432 - replace >>> mlp.gate_proj in 13-th block
2026-07-30 16:51:16.016 | INFO     | llmc.models.base_model:replace_module_subset:432 - replace >>> mlp.up_proj in 13-th block
2026-07-30 16:51:16.016 | INFO     | llmc.models.base_model:replace_module_subset:432 - replace >>> mlp.up_proj in 13-th block
2026-07-30 16:51:16.017 | INFO     | llmc.models.base_model:replace_module_subset:432 - replace >>> mlp.down_proj in 13-th block
2026-07-30 16:51:16.017 | INFO     | llmc.models.base_model:replace_module_subset:432 - replace >>> mlp.down_proj in 13-th block
2026-07-30 16:51:16.249 | INFO     | llmc.models.base_model:replace_module_all:383 - Replace block index: 14/16
2026-07-30 16:51:16.249 | INFO     | llmc.models.base_model:replace_module_all:383 - Replace block index: 14/16
2026-07-30 16:51:16.265 | INFO     | llmc.models.base_model:replace_module_subset:432 - replace >>> self_attn.q_proj in 14-th block
2026-07-30 16:51:16.265 | INFO     | llmc.models.base_model:replace_module_subset:432 - replace >>> self_attn.q_proj in 14-th block
2026-07-30 16:51:16.265 | INFO     | llmc.models.base_model:replace_module_subset:432 - replace >>> self_attn.k_proj in 14-th block
2026-07-30 16:51:16.265 | INFO     | llmc.models.base_model:replace_module_subset:432 - replace >>> self_attn.k_proj in 14-th block
2026-07-30 16:51:16.266 | INFO     | llmc.models.base_model:replace_module_subset:432 - replace >>> self_attn.v_proj in 14-th block
2026-07-30 16:51:16.266 | INFO     | llmc.models.base_model:replace_module_subset:432 - replace >>> self_attn.v_proj in 14-th block
2026-07-30 16:51:16.266 | INFO     | llmc.models.base_model:replace_module_subset:432 - replace >>> self_attn.o_proj in 14-th block
2026-07-30 16:51:16.266 | INFO     | llmc.models.base_model:replace_module_subset:432 - replace >>> self_attn.o_proj in 14-th block
2026-07-30 16:51:16.266 | INFO     | llmc.models.base_model:replace_module_subset:432 - replace >>> mlp.gate_proj in 14-th block
2026-07-30 16:51:16.266 | INFO     | llmc.models.base_model:replace_module_subset:432 - replace >>> mlp.gate_proj in 14-th block
2026-07-30 16:51:16.266 | INFO     | llmc.models.base_model:replace_module_subset:432 - replace >>> mlp.up_proj in 14-th block
2026-07-30 16:51:16.266 | INFO     | llmc.models.base_model:replace_module_subset:432 - replace >>> mlp.up_proj in 14-th block
2026-07-30 16:51:16.266 | INFO     | llmc.models.base_model:replace_module_subset:432 - replace >>> mlp.down_proj in 14-th block
2026-07-30 16:51:16.266 | INFO     | llmc.models.base_model:replace_module_subset:432 - replace >>> mlp.down_proj in 14-th block
2026-07-30 16:51:16.499 | INFO     | llmc.models.base_model:replace_module_all:383 - Replace block index: 15/16
2026-07-30 16:51:16.499 | INFO     | llmc.models.base_model:replace_module_all:383 - Replace block index: 15/16
2026-07-30 16:51:16.514 | INFO     | llmc.models.base_model:replace_module_subset:432 - replace >>> self_attn.q_proj in 15-th block
2026-07-30 16:51:16.514 | INFO     | llmc.models.base_model:replace_module_subset:432 - replace >>> self_attn.q_proj in 15-th block
2026-07-30 16:51:16.515 | INFO     | llmc.models.base_model:replace_module_subset:432 - replace >>> self_attn.k_proj in 15-th block
2026-07-30 16:51:16.515 | INFO     | llmc.models.base_model:replace_module_subset:432 - replace >>> self_attn.k_proj in 15-th block
2026-07-30 16:51:16.516 | INFO     | llmc.models.base_model:replace_module_subset:432 - replace >>> self_attn.v_proj in 15-th block
2026-07-30 16:51:16.516 | INFO     | llmc.models.base_model:replace_module_subset:432 - replace >>> self_attn.v_proj in 15-th block
2026-07-30 16:51:16.516 | INFO     | llmc.models.base_model:replace_module_subset:432 - replace >>> self_attn.o_proj in 15-th block
2026-07-30 16:51:16.516 | INFO     | llmc.models.base_model:replace_module_subset:432 - replace >>> self_attn.o_proj in 15-th block
2026-07-30 16:51:16.517 | INFO     | llmc.models.base_model:replace_module_subset:432 - replace >>> mlp.gate_proj in 15-th block
2026-07-30 16:51:16.517 | INFO     | llmc.models.base_model:replace_module_subset:432 - replace >>> mlp.gate_proj in 15-th block
2026-07-30 16:51:16.518 | INFO     | llmc.models.base_model:replace_module_subset:432 - replace >>> mlp.up_proj in 15-th block
2026-07-30 16:51:16.518 | INFO     | llmc.models.base_model:replace_module_subset:432 - replace >>> mlp.up_proj in 15-th block
2026-07-30 16:51:16.519 | INFO     | llmc.models.base_model:replace_module_subset:432 - replace >>> mlp.down_proj in 15-th block
2026-07-30 16:51:16.519 | INFO     | llmc.models.base_model:replace_module_subset:432 - replace >>> mlp.down_proj in 15-th block
2026-07-30 16:51:16.751 | INFO     | llmc.compression.quantization.base_blockwise_quantization:deploy:1014 - -- deploy_fake_quant_model done --
2026-07-30 16:51:16.751 | INFO     | llmc.compression.quantization.base_blockwise_quantization:deploy:1014 - -- deploy_fake_quant_model done --
2026-07-30 16:51:34.901 | INFO     | llmc.compression.quantization.base_blockwise_quantization:save_model:1079 - save model done --
2026-07-30 16:51:34.901 | INFO     | llmc.compression.quantization.base_blockwise_quantization:save_model:1079 - save model done --
2026-07-30 16:51:35.027 | INFO     | llmc.compression.quantization.base_blockwise_quantization:copy_tokenizer:1020 - copy tokenizer done --
2026-07-30 16:51:35.027 | INFO     | llmc.compression.quantization.base_blockwise_quantization:copy_tokenizer:1020 - copy tokenizer done --
2026-07-30 16:51:35.660 | INFO     | __main__:<module>:291 - llmc_duration_time: 607.4928479194641 s
2026-07-30 16:51:35.660 | INFO     | __main__:<module>:291 - llmc_duration_time: 607.4928479194641 s
2026-07-30 16:51:35.660 | INFO     | __main__:<module>:292 - --- llmc finished ---
2026-07-30 16:51:35.660 | INFO     | __main__:<module>:292 - --- llmc finished ---
