{
  "meta-llama/Llama-3.2-1B": [
    {
      "method": "RTN-4 g128",
      "bits": 4.0,
      "ppl": 11.711246490478516
    },
    {
      "method": "AWQ-4 g128",
      "bits": 4.0,
      "ppl": 11.263218879699707
    }
  ]
}
